id,slug,name,website,launch_monitors,price_min,price_max,price_snippets,crawl_status
0021ec2e-5fbe-4f27-bd8e-70ac8f68a31a,cam-golf-inc-lynwood-il,Cam GOLF INC,https://camgolfinc.com/,,,,,ok
00a2b8a5-43d1-4ea6-a0b3-a115c43bfe7a,collindale-golf-academy-club-fitting-center-fort-collins-co,Collindale GOLF Academy & Club Fitting Center,https://www.collindalegolfacademy.com/,,,,,ok
00a6b3b5-d7a1-42ac-94cd-44e065242fd4,dave-diricos-golf-west-springfield-ma,Dave Dirico's GOLF,https://www.davediricogolf.com/,,,,,failed
0114ebb3-3701-44c2-9156-f2b1c0d972ce,council-fire-golf-club-maintenance-chattanooga-tn,Council Fire GOLF Club Maintenance,https://www.councilfireclub.com/our-story,,,,,ok
0117c7eb-848c-4c5c-a439-a424269969ab,golf-with-gil-chandler-az,GOLF With Gil,https://www.golfwithgil.com/,,,,,failed
013cf8b7-206a-452e-a329-0b6eecd9f948,the-golf-shop-salina-ks,The GOLF Shop,https://www.thegolfshopsalina.com/,,,,,ok
01a9b6c1-1e80-40f9-8595-674e405db7f1,u-golf-dubuque-ia,U GOLF,https://ugolfdbq.com/,TrackMan,,,,ok
023ff868-a0ce-4228-bd85-b096dc278cd7,grass-roots-golfllc-radnor-oh,"Grass Roots Golf,llc",https://www.grassrootsgolfohio.com/,FlightScope,,,,ok
024fed2c-45e1-4857-a595-1058ecb0a8d3,stripe-show-club-fitters-swh-missouri-city-tx,Stripe Show Club Fitters Swh,https://www.stripeshowhtx.com/,,,,,ok
025d0b5e-3a09-4f21-b2b8-442a68f835c6,x-golf-brookfield-brookfield-wi,X-golf Brookfield,https://www.xgolfbrookfield.com/,,,,,failed
0299953b-03d0-4263-bafa-7e9fe4797f8d,two-friends-golf-scottsdale-az,Two Friends GOLF,https://www.twofriendsgolf.com/,,,,,ok
0304592f-86e9-46f1-ad45-fcb2bf3f017f,the-combine-golf-loretto-mn,The Combine Golf,https://www.thecombinegolf.com/about,GCQuad,,,,ok
039d8814-df33-45bb-89df-0259bc90f379,austads-golf-lincoln-south-lincoln-ne,Austad's GOLF - Lincoln South,https://austads.com/pages/lincoln-south-store,Foresight,400,400,ustads.com/pages/shipping-information) [HOT DEAL ALERT! Drivers Under $400](https://austads.com/collections/driver,ok
03a99488-1701-4def-b497-8e2117b8d01a,igolf-by-space-nyc-new-york-ny,Igolf By Space Nyc,https://igolf32.com/,TrackMan,,,,ok
04c78823-1a7d-4507-a5fe-0a2d3041fb57,woodhaven-country-club-louisville-ky,Woodhaven Country Club,https://www.woodhavencountryclub.org/,,,,,ok
05645186-0c8e-4ee6-9e74-b10103f92982,whirlaway-golf-shop-methuen-ma,Whirlaway GOLF Shop,https://whirlawaygolfshop.com/,,159,799,golfshop.com/images/Golf%20Logos/ping.png) ### Ping G 430 Drivers - $399-99 ### Fairway - $269.99 Hybrids - $2 || lf%20Logos/ping.png) ### Ping G 430 Drivers - $399-99 ### Fairway - $269.99 Hybrids - $239.99 ### 7 Irons - 899.9 || ### Ping G 430 Drivers - $399-99 ### Fairway - $269.99 Hybrids - $239.99 ### 7 Irons - 899.99 ![Image](https://w || /Golf%20Logos/titelist.png) ### **Titlest SM 10 Wedges** ### ** Reg $189.99 NOW $159.99** ![Image](https://whir || telist.png) ### **Titlest SM 10 Wedges** ### ** Reg $189.99 NOW $159.99** ![Image](https://whirlawaygolfshop.co || ygolfshop.com/images/2025/02/26/srixon.png) ### **ZXi** ### **Drivers $399.00** ### **Fairways $279.99** ### **Hybird,ok
0567461e-c78f-4709-b70f-30a33170afb8,putter-stand-plainfield-il,Putter Stand,https://www.putterstand.net/,,,,,ok
0581cfa8-fc19-418d-8486-72cfd4f3a6dc,stratton-haley-golf-fort-worth-tx,Stratton Haley Golf,https://strattonhaley.com/,,,,,ok
05969a8e-2cac-44af-821c-bdd5aff42a2d,d1-golf-academy-englewood-nj,D1 GOLF Academy,https://www.thegolfnation.com/,GC3 | GCQuad,,,,ok
05a61b99-12cf-48af-87be-27cc4b63a592,the-golf-garage-souderton-pa,The GOLF Garage,https://andrewdecordregolf.com/,TrackMan,,,,ok
05cdfdc8-5ee1-4b76-ba9e-d068c785956c,birdiefinish-golf-oregon-city-or,Birdiefinish GOLF,https://www.birdiefinishgolf.com/,,,,,ok
05e0fa94-d260-4b17-9c62-3668e805ea00,mike-sullivan-golf-school-garner-nc,Mike Sullivan GOLF School,https://www.sullivangolf.net/,FlightScope,,,,ok
05e86e51-64ff-4393-a19c-83a93e327ef3,mygolfconditioningcom-east-greenwich-ri,Mygolfconditioning.com,https://www.mygolfconditioning.com/,,,,,ok
06bb499f-5239-4c6b-ae19-fe1cc4d4c4ed,pxg-chicago-north-northbrook-il,PXG Chicago North,https://www.pxg.com/pages/golf-stores/pxg-chicago-north,TrackMan,,,,ok
07126193-0acd-467c-a020-1789bcbe1b30,foundation-golf-center-coldwater-mi,Foundation GOLF Center,https://foundationgolfcenter.com/,FlightScope,,,,ok
07574a09-da40-4235-9a39-31cecbecc555,northland-golf-ski-la-crosse-wi,Northland GOLF & Ski,https://www.northlandgolfandski.com/,,,,,failed
07752fa0-c861-4d54-88a3-f229eb6944c5,minnesota-golf-outdoor-madelia-mn,Minnesota GOLF & Outdoor,https://www.mngolfandoutdoor.com/,,,,,ok
07c011f0-d3ff-4a0a-ab8e-e79e627dc824,wachusett-country-club-west-boylston-ma,Wachusett Country Club,https://www.wachusettcc.com/,TrackMan,,,,ok
07e8a3c2-071e-457e-bcfe-d456792bc760,golf-48-scottsdale-az,GOLF 48,https://hornaceksgolf.com/,TrackMan,,,,ok
07eaa4dc-371b-4e17-8c53-111aef6d5161,golf-store-houston-humble-tx,GOLF Store Houston,https://www.texastoughgolf.com/,,,,,failed
08184bb1-422f-422f-81be-380967d96a53,golf-done-right-downers-grove-il,GOLF Done Right,https://golfdoneright.com/,,,,,ok
081aa662-8bf7-476e-b9ea-02d1749d5f35,golden-eagle-golf-club-fifty-lakes-mn,Golden Eagle GOLF Club,https://www.golfgoldeneagle.com/,,,,,ok
08e96372-200f-4727-ae62-9df9d501effe,greater-golf-express-pineville-nc,Greater GOLF Express,https://www.greatergolfexpress.com/,,,,,ok
09498861-387e-413a-9cce-c10034b5ed48,nike-battery-park-new-york-ny,Nike Battery Park,https://www.nike.com/?cp=43917854821_seo_&y_source=1_NzM2OTE0OTMtNzE1LWxvY2F0aW9uLndlYnNpdGU=,,,,,ok
095c16c0-3022-4569-83f5-9c369bc1140e,iron-horse-golf-academy-alpharetta-ga,Iron Horse GOLF Academy,https://ironhorsegolfacademy.com/,,,,,failed
0963e718-1442-4598-ab87-b472e5cdb7a7,eagle-two-golf-center-bargersville-in,Eagle Two GOLF Center,https://eagle2gc.com/,,,,,ok
09abe569-5f08-4a95-b09f-7208add6bc84,fit-to-a-tee-golf-shop-south-yarmouth-ma,Fit To A Tee GOLF Shop,https://www.fit-to-a-tee.com/,,,,,failed
09b53dd5-168a-4a1c-bfbc-b76a51dd8478,purestrike-golf-wake-forest-wake-forest-nc,Purestrike GOLF - Wake Forest,https://purestrikegolf.co/,,,,,ok
0a313101-06b5-4efe-9218-bbba71068f41,golf-48-chandler-chandler-az,GOLF 48 Chandler,https://www.golf48.com/,TrackMan,,,,ok
0a384b1a-8414-49fd-8624-0cb5548e7386,saxon-woods-golf-shop-scarsdale-ny,Saxon Woods GOLF Shop,https://www.saxonwoodsgolfshop.com/,,,,,ok
0a5922f8-ec1a-4c66-8a85-ec2d44609fc0,tournament-club-of-iowa-polk-city-ia,Tournament Club Of Iowa,https://tcofiowa.com/,,,,,ok
0a59c592-6591-4505-8581-9c4b66aee29f,golf-gallery-columbus-ga,GOLF Gallery,https://www.golfgallery.org/,,,,,failed
0aa3b95c-f979-4b46-af09-74d1881e40d0,matt-walter-golf-murfreesboro-tn,Matt Walter GOLF,https://mattwaltergolf.com/,,,,,ok
0adb2cf3-542d-4538-a727-bc8aec9ee1b4,prairie-view-golf-club-carmel-in,Prairie View GOLF Club,https://www.prairieviewgc.com/,,,,,ok
0adf60f4-d1b2-493e-a722-ec416c94e32d,golf-apparel-shop-chandler-az,GOLF Apparel Shop,https://www.golfapparelshop.com/,,,,,failed
0b46938d-96ed-48da-a6a8-2ef0d6f79c4a,the-golf-station-grapevine-tx,The GOLF Station,https://www.thegolfstation.com/,,,,,ok
0b55c81b-430a-4b23-adbd-893694334e61,legal-limit-putters-rancho-cordova-ca,Legal Limit Putters,https://www.legallimitputters.com/Pages/contact_us.html,,,,,ok
0b8d3dcd-5a6a-4d1f-8f29-b728dfbb4914,ocean-state-golf-academy-east-providence-ri,Ocean State GOLF Academy,https://oceanstategolfacademy.com/,TrackMan,,,,ok
0c0b648c-8063-44f6-980b-66638d81ac14,fincastle-golf-academy-bluefield-va,Fincastle GOLF Academy,https://www.facebook.com/profile.php?id=100078312873173,,,,,failed
0c3f6dd7-ba8e-454a-83a0-f403b1e5de85,measured-golf-ann-arbor-mi,Measured GOLF,https://measuredgolf.com/,TrackMan,,,,ok
0cd90572-22e1-4298-8016-55d1227a66ce,proclubs-phoenix-az,Proclubs,https://proclubs.com/,,99,519,bra-t-rail-2023-combo-irons-5h-6-pw-sw-graphite-423948) Regular price $519.99 Regular price ~~$649.99~~ Sale price $ || -rail-2023-combo-irons-4h-5-pw-graphite-regular-423947) Regular price $519.99 Regular price ~~$649.99~~ Sale price $ || t-rail-2023-combo-irons-4h-5-pw-graphite-senior-423549) Regular price $519.99 Regular price ~~$649.99~~ Sale price $ || [ ](https://proclubs.com/#) [ Product Title](https://proclubs.com/#) $100.00 ## Sik Putters Starting at $159.99 [Sh || ct Title](https://proclubs.com/#) $100.00 ## Sik Putters Starting at $159.99 [Shop Now](https://proclubs.com/collect || 1315913_png.png?v=1756921681&width=1100) ## Cobra Drivers Starting at $129.99 [Shop Now](https://proclubs.com/collect,ok
0cea602a-6b53-4a28-9a53-12f52605f9c8,bob-vansweden-golf-st-petersburg-fl,Bob Vansweden GOLF,https://www.bobvanswedengolf.com/,,,,,ok
0cfe0cb6-a6dd-4af1-9baa-459cfd9aaba8,the-swing-bays-parker-co,The Swing Bays,https://theswingbays.com/,TrackMan,,,,ok
0cfebc62-0a93-4af9-881e-0dc12df4b9d2,the-jacket-indoor-golf-mansfield-tx,The Jacket Indoor GOLF,https://thejacketindoorgolf.com/,,,,,ok
0d0342cb-252f-400b-8852-cd50388c0fa9,pro-golf-discount-southcenter-tukwila-wa,PRO GOLF Discount - Southcenter,https://www.progolfseattle.com/,GCQuad,,,,ok
0d122b11-c156-4ce6-983a-ea3a0e2a76bd,inverness-golf-repair-birmingham-al,Inverness GOLF & Repair,https://invernessgolfbham.com/,,,,,ok
0d2d9e25-e6a6-414e-a220-755ed71633c9,major-golf-pro-boise-id,Major GOLF PRO,https://www.majorgolfpro.com/contact/,,,,,ok
0d535edf-d5ce-4610-8b51-e7fd6355fa13,performance-golf-fort-lauderdale-fl,Performance GOLF,https://www.performancegolf.com/contact,,,,,ok
0d68eecd-c2fd-4299-9d8b-f3debf149329,surf-and-turf-sports-pawleys-island-sc,Surf And Turf Sports,https://surfturfsports.com/,,,,,ok
0db182cc-adc6-45ea-8d02-b61e44240598,jax-golf-shop-sequim-wa,Jax GOLF Shop,https://jaxgolfshopllc.com/,,,,,failed
0dd2747e-1a85-4b69-8235-4a2fa8995c69,bainbridge-custom-clubs-bainbridge-island-wa,Bainbridge Custom Clubs,https://www.bainbridgecustomclubs.com/,,,,,ok
0dee6014-9641-49e1-aab3-406704319df0,under-armour-new-york-ny,Under Armour,https://www.underarmour.com/en-us/stores/detail/UABH-185GSSLNYN/,,,,,ok
0df77173-a8a8-4454-b860-f31332faccc8,golf-ski-warehouse-greenland-nh,GOLF & Ski Warehouse,https://stores.worldwidegolfshops.com/nh/greenland/golf-ski-warehouse-gre.html,,,,,ok
0efd2096-a0e0-43a7-a669-8d8af29a07bc,remarcable-golf-kernersville-nc,Remarcable GOLF,https://remarcablegolf.wordpress.com/,TrackMan,,,,ok
0f5afca9-826b-48a4-a8eb-d7638b35d0d8,150-golf-precision-fitting-instruction-gulf-shores-al,1.50 GOLF - Precision Fitting & Instruction,https://www.150golf.com/gulf-shores-al,,,,,ok
0f68523c-793f-481e-8d56-8d0109b87181,d-c-golf-repair-studio-royal-oak-mi,D C GOLF Repair Studio,https://dcgolfrepairstudio.com/,,,,,ok
0f7267a6-e791-4df9-a9ec-8c1451ae0a45,new-york-golf-center-new-york-ny,New York GOLF Center,https://www.nygolfcenter.com/,,,,,ok
0f88cfdc-9a71-4118-963c-1fa85ffa8568,truefitclubs-englewood-co,Truefitclubs,https://www.truefitclubs.com/contacts,,,,,ok
0fe4abcb-497e-4458-b911-0fee6a47927e,beyond-golf-performance-austin-tx,Beyond GOLF Performance,https://beyondgolfperformance.com/,Foresight,150,150,"& Investment 1 Hour $150 2 Hours $280 ### Initial Assessment 1 Hour · $150 Full bag analysis — putting, short game",ok
101bb6a7-021e-47a5-a178-96af7fea078c,steve-dresser-golf-academy-pawleys-island-sc,Steve Dresser GOLF Academy,https://stevedressergolfacademy.com/,,,,,ok
1027c08a-b0df-4aff-8e13-de13a98684f2,fields-ranch-golf-shop-frisco-tx,Fields Ranch GOLF Shop,https://fieldsranch.com/dining-and-shopping#shopping,,,,,ok
103faf63-cb55-4a5f-bf5a-03344fc88175,duckhook-customs-milwaukee-wi,Duckhook Customs,https://duckhookcustoms.com/,,485,485,ifornia-monterey-1-5-1st-of-500-putter-torched-sunrise) Regular price $485.00 USD Regular price Sale price $485.00 U,ok
10915447-be86-4a74-9dee-aa1b41a97a2d,the-clubhouse-hawaii-honolulu-hi,The Clubhouse Hawaii,https://clubhousehawai.com/,SAM PuttLab | TrackMan,,,,ok
10a55d9c-9de0-40de-8ff7-db6eccac5e13,pxg-chicago-west-oakbrook-terrace-il,PXG Chicago West,https://www.pxg.com/pages/golf-stores/pxg-chicago-west,TrackMan,,,,ok
10c1b371-1d26-4ee0-8c06-935e768d8d99,barton-creek-fitting-studio-austin-tx,Barton Creek Fitting Studio,https://bartoncreekfittingstudio.com/,TrackMan,,,,ok
11003e34-6d20-46d1-b8b6-a1d6cbf4bd1d,pga-tour-shop-detroit-mi,PGA Tour Shop,https://www.pgatour.com/tournaments/2023/rocket-mortgage-classic/R2023524,,,,,ok
111ea5ae-794f-4232-a6b7-33daf44c3882,the-cypress-club-kennett-kennett-square-pa,The Cypress Club Kennett,https://thecypressclubkennett.com/,TrackMan,,,,ok
11c7c52d-e75d-488a-bc98-882b112f8af0,downtown-golf-stamford-ct,Downtown GOLF,https://www.downtowngolfusa.com/,,,,,ok
1236a493-089d-491c-b4c0-3cea1c31eee0,229-golf-albany-ga,229 GOLF,https://www.229golf.com/,,349,449,"lormade-spider-zt-putter-34) [ Taylormade Spider ZT Putter (34"") Price$349.99 ](https://www.229golf.com/product-page/ || lormade-spider-zt-putter-35) [ Taylormade Spider ZT Putter (35"") Price$449.99 ](https://www.229golf.com/product-page/ || er-zt-black-putter-35) [ Taylormade Spider ZT Black Putter (35"") Price$449.99 ](https://www.229golf.com/product-page/",ok
124ef7cd-bd4f-4f47-858e-16201578c166,baltimore-golf-inc-timonium-md,Baltimore GOLF INC,https://baltimoregolfinc.com/,,,,,ok
12d4cd3a-5343-4c8e-ab7a-8fc5880225df,greg-norman-signature-golf-course-at-the-grove-college-grove-tn,Greg Norman Signature GOLF Course At The Grove,https://groveliving.com/golf/,,,,,ok
12db1567-f5f7-4d60-b1f1-1efad5b31a68,sea-island-golf-performance-center-st-simons-island-ga,Sea Island GOLF Performance Center,https://www.seaisland.com/performance-center/,,,,,ok
13655a1b-c1e3-4554-837a-6d2a254e2c22,the-launch-pad-at-carls-golfland-bloomfield-hills-mi,The Launch Pad At Carl's Golfland,https://www.carlsgolfland.com/launch-pad,,,,,failed
1379638c-2dcb-493e-9769-345d7bbe6c33,mega-golf-center-batavia-oh,Mega GOLF Center,https://www.megagolfcenteroh.com/,,,,,failed
137a6d71-5a13-4317-8b43-ebc55671f6ef,kustom-clubs-fitting-center-manchester-nh,Kustom Clubs Fitting Center,https://www.kustomclubs.com/,,,,,failed
13bdef71-c944-4dac-bbdf-1dbec8d67e6c,tyler-golf-tyler-tx,Tyler GOLF,https://tylergolfshop.com/,,,,,ok
142614bf-a3cf-4cbd-b49f-0f8341958223,ozark-golf-super-center-rogers-ar,Ozark GOLF Super Center,https://ozarkgolf.com/,Foresight,,,,ok
14c5c712-4ab3-451a-b0ed-b2967d26c606,150-golf-precision-fitting-instruction-gulfport-ms,1.50 GOLF - Precision Fitting & Instruction,https://www.150golf.com/gulfport-ms,,,,,ok
14e75897-57a7-4362-b44e-9421ba277fab,avian-golf-seattle-wa,Avian GOLF,https://www.avian-golf.com/,,,,,ok
14fae433-ae74-4409-b0ed-93289ef53e96,fredericksburg-golf-center-fredericksburg-va,Fredericksburg GOLF Center,https://www.fredericksburggolf.com/,Foresight | SAM PuttLab,50,200,om Club Fitting Most Popular Precision-engineered for your swing From $50.00 From $50.00 * ▸Foresight Quad Launch || and fittings * ▸Tailored to budget & performance goals Price From $50.00 Availability By appointment only [Book || Wedge & Putter Fitting Score-saving precision around the green Wedge $50 · Putter $100 Wedge $50 · Putter $100 || er Fitting Score-saving precision around the green Wedge $50 · Putter $100 Wedge $50 · Putter $100 * ▸Titleist S || Score-saving precision around the green Wedge $50 · Putter $100 Wedge $50 · Putter $100 * ▸Titleist SureFit wed || precision around the green Wedge $50 · Putter $100 Wedge $50 · Putter $100 * ▸Titleist SureFit wedge fitting *,ok
15122b76-00cc-4328-b9b3-5eab66f6a0bc,greenwich-golf-fitting-studio-greenwich-ct,Greenwich GOLF Fitting Studio,https://www.greenwichgolf.com/,,,,,ok
156decf1-62d4-4e9e-ab8a-0af87ae66cf8,mcgolf-custom-clubs-waverly-oh,Mcgolf Custom Clubs,https://www.mcgolf.net/,FlightScope,,,,ok
158ef1b1-8707-44cf-b25b-ab4649176dae,scottsdale-golf-lessons-by-grip-rip-golf-scottsdale-az,Scottsdale GOLF Lessons By Grip & Rip GOLF,https://azgolflessons.golf/,,,,,ok
15a5d22f-9f23-4b6e-a972-c765aea95aa7,golf-performance-lab-los-angeles-ca,GOLF Performance Lab,https://www.golfperformancelab.com/,,,,,ok
15b8d4d4-805a-4d5a-b8e5-3fdff2a3ac83,the-golf-stable-prairie-village-ks,The GOLF Stable,https://www.thegolfstable.com/,Foresight | TrackMan,,,,ok
15d5502e-ba38-4976-94ce-19cbc7fc452a,pro-golf-discount-tupelo-ms,PRO GOLF Discount,https://progolftupelo.com/,TrackMan,,,,ok
15f20f94-3cac-41e9-9f98-e12e7b071111,mad-golfer-southampton-pa,Mad Golfer,https://www.madgolfergolfclub.com/,,,,,ok
1648e256-981d-438d-9d2d-565033b47971,p-45-knuckle-down-golf-warner-robins-ga,P 45 Knuckle Down GOLF,https://www.p45knuckledowngolf.com/,,,,,failed
1715283a-8308-492c-ade6-79bc8ae11f44,makefield-putters-bensalem-pa,Makefield Putters,https://makefieldgolf.com/,Quintic,,,,ok
1728319e-f947-404e-b0c4-ea74ecd94fee,salt-lake-golf-academy-south-salt-lake-ut,Salt Lake GOLF Academy,https://saltlakegolfacademy.com/,,,,,ok
174e09f9-4c7b-496c-bc2d-c5efabc0923b,under-cover-golf-rice-lake-wi,Under Cover GOLF,https://www.undercovergolfwi.com/,,,,,ok
176d7681-1146-42c8-9f8b-f21769ffac38,uinta-golf-orem-ut,Uinta GOLF,https://stores.worldwidegolfshops.com/ut/orem/uinta-golf-orm.html,,200,200,opping for a fitter and clubs all over again. Maybe I do have to drop $200 on a fitting somewhere to get this done,ok
17791cd6-a138-4558-9bad-b2b0a75fcaba,discount-golf-world-quincy-il,Discount GOLF World,https://www.discountgolfworld.com/,,,,,ok
178d7ad6-8097-4dbe-afd5-4a7c20078039,new-hampshire-golf-concord-nh,New Hampshire GOLF,https://www.nhgolf.com/,,,,,ok
1816fb30-dad3-4f36-8b7c-fbf03969740d,golfballscom-retail-center-lafayette-la,Golfballs.com Retail Center,https://www.golfballs.com/,,,,,ok
181aef0c-acee-418a-bc29-d6f35a505553,mast-golf-jackson-mi,Mast GOLF,https://www.facebook.com/MastGolf,,,,,failed
182250db-b637-4253-8088-0407f1e25942,maxs-golf-world-glendora-nj,Maxs GOLF World,https://www.instagram.com/maxs_golfworld?igsh=MTllbTF5ODN2OWllYg==,,,,,failed
182703b6-cbc4-4515-bbd4-b764c00cea99,renew-golf-balls-loudonville-oh,Renew GOLF Balls,https://www.renewgolfballs.com/,,,,,ok
186b3c71-f9de-4496-beaf-a21aeb65fd23,golden-golf-mart-san-gabriel-ca,Golden GOLF Mart,https://goldengolfmart.com/,,,,,ok
1872be48-0394-46be-bb3d-79c91096f82f,no-bogeys-golf-laguna-beach-ca,No Bogeys Golf,https://nobogeysgolf.com/,,,,,failed
18b47149-2045-4dc9-a65a-92d8458302da,serbins-custom-golf-repair-exeter-pa,Serbin's Custom GOLF & Repair,https://www.procustomclubfitters.com/fitters-profiles/Serbins-Custom-Golf-Shop-Top-Custom-Club-Fitter-108.html,,,,,ok
19a6fcf3-7341-4f21-a5fb-ae54a4ce1158,the-golf-nut-performance-center-and-pro-shop-fort-smith-ar,The GOLF Nut Performance Center And PRO Shop,https://www.thegolfnut.com/,,,,,ok
19b350f1-b040-465f-9c14-2915eea0c2a6,golf-ball-refurbisher-loudonville-oh,GOLF Ball Refurbisher,https://golfballrefurbishers.com/,,,,,ok
19d089ee-f418-409b-ab51-eaee788de7a9,west-georgia-golf-company-llc-tallapoosa-ga,West Georgia GOLF Company LLC,https://www.westgeorgiagolfcompany.com/,,,,,failed
19d90503-b353-4767-ba69-f9afe5ddb6ad,wide-world-of-golf-boise-id,Wide World Of GOLF,https://www.wwgolf.com/,,139,799,st GT3 Hybrid ](https://www.wwgolf.com/titleist-gt3-hybrid/) Titleist $329.00 [Choose Options](https://www.wwgolf.com || st GT2 Hybrid ](https://www.wwgolf.com/titleist-gt2-hybrid/) Titleist $329.00 [Choose Options](https://www.wwgolf.com || https://www.wwgolf.com/taylormade-spider-zt-black-putter/) TaylorMade $449.99 [Choose Options](https://www.wwgolf.com || tps://www.wwgolf.com/cleveland-smart-sole-full-face-wedge/) Cleveland $139.99 - $149.99 [Choose Options](https://www. || wwgolf.com/cleveland-smart-sole-full-face-wedge/) Cleveland $139.99 - $149.99 [Choose Options](https://www.wwgolf.com || ps://www.wwgolf.com/mizuno-jpx-925-hot-metal-hl-irons-custom/) Mizuno $165.00 [Choose Options](https://www.wwgolf.com,ok
19f724ce-6e68-4e36-855c-8cae62b67047,pmc-golf-academy-gainesville-va,Pmc GOLF Academy,https://www.pmcgolf.com/,TrackMan,,,,ok
1b57df4d-c7e2-4eff-898f-3d4b0ac8d1db,mw-golf-rochester-mi,Mw GOLF,https://www.mwgolfclubs.com/,,,,,failed
1bb1cb68-c98a-4b0d-ab8f-6d24398504b8,golf-gaylord-gaylord-mi,GOLF Gaylord,https://www.golfgaylordstore.com/,,,,,ok
1bbd5c5b-9e2f-4c04-86a0-06c50f27e276,oakmont-golf-center-oakmont-pa,Oakmont GOLF Center,https://www.oakmontgolfcenter.com/,TrackMan,,,,ok
1bc44b9a-8c57-4f2e-a848-11c59ee2ea95,taylormade-performance-fitting-center-mckees-rocks-pa,TaylorMade Performance Fitting Center,https://taylormadeperformancefittingcenter.com/,TrackMan,,,,ok
1bcdb57d-58b2-42c9-9871-67eba4defdf4,the-caddy-shack-halifax-ma,The Caddy Shack,https://www.thecaddyshack.net/,,,,,ok
1c24254a-ec95-4219-9b70-bfe699da2bcd,mitchell-golf-equipment-company-albion-mi,Mitchell GOLF Equipment Company,https://www.mitchellgolf.com/,,,,,ok
1c300538-2b12-4ee0-b27a-f0d49e124cea,chris-cotes-golf-shop-southington-southington-ct,Chris Cote's GOLF Shop - Southington,https://www.chriscotegolf.com/,TrackMan,,,,ok
1c3a83db-11c5-42ae-85da-336dddfa2ecd,rick-nielsen-pga-gsem-yonkers-ny,"Rick Nielsen, Pga, Gsem",https://www.ricknielsengolf.com/,FlightScope,,,,ok
1c726eee-b758-4359-b492-f32045cd0474,integrity-golf-performance-frisco-tx,Integrity GOLF Performance,https://igp.golf/,,,,,ok
1c8cf4f7-ddcf-45db-ad2a-77e2dc40fba3,pinehurst-golf-course-proshop-pinehurst-nc,Pinehurst GOLF Course Proshop,https://pinehurst.com/,,,,,failed
1ca669a1-8fa8-46df-85b5-8a5f4b94c919,grand-forks-pro-shop-grand-forks-nd,Grand Forks PRO Shop,https://www.gfcountryclub.com/,,,,,ok
1d6a6b45-80ff-4bd2-996a-425c00ef8805,midland-golf-hq-midland-mi,Midland GOLF Hq,https://midlandgolfhq.com/,FlightScope,,,,ok
1d7e0090-080d-466a-b34f-413d3402f3f0,brandon-roby-golf-grand-rapids-mi,Brandon Roby GOLF,https://brandonrobygolf.com/,TrackMan,,,,ok
1d8c9908-b6ee-443f-8e58-e0acc8e97188,las-vegas-golf-superstore-las-vegas-nv,Las Vegas GOLF Superstore,https://stores.worldwidegolfshops.com/nv/lasvegas/las-vegas-golf-superstore-lvg.html,,,,,ok
1ddf7100-e6dd-4fcc-955c-ea947c183297,westerly-golf-services-westerly-ri,Westerly GOLF Services,https://www.westerlygolfservices.com/,,,,,ok
1e425dd2-8a42-46f3-9e82-012c92c188ca,superare-fight-shop-new-york-ny,Superare Fight Shop,https://superareshop.com/,,,,,ok
1e8769dd-1a5e-4fd8-9a89-185cbcc4cfca,park-hills-golf-club-pro-shop-altoona-pa,Park Hills GOLF Club PRO Shop,https://www.parkhillsgc.com/,,,,,ok
1eb44564-b74d-4ac9-9107-7ea7825865ce,grips-fast-golf-sacramento-ca,Grips Fast GOLF,https://gripsfastgolf.com/,,,,,ok
1ed3b93a-e3d2-4bbc-b16d-1939ff817c1d,gastraus-golf-center-oak-creek-wi,Gastrau's GOLF Center,https://www.gastrausgolfcenter.com/,TrackMan,,,,ok
1ed42975-6416-4ead-8314-3acdbfc19175,total-fit-new-york-ny,Total Fit,https://totalfitgolf.com/,,,,,ok
1f100c3d-4dec-4b1b-9de2-8a818c77090c,discount-golf-apparel-store-by-2nd-swing-golf-minnetonka-mn,Discount GOLF Apparel Store By 2nd Swing GOLF,https://www.2ndswing.com/discount-golf-apparel-shop,,,,,ok
1f30f124-9f27-48ff-a44f-919386c10b23,mk-golf-tech-san-antonio-tx,Mk GOLF Tech,https://www.mkgolftech.com/,GCQuad,,,,ok
1f479eeb-d82d-4335-919b-6aa4fa14d5e5,golf-edge-la-habra-ca,GOLF Edge,https://www.golfedgeshops.com/,,50,50,hops.com/booking-calendar/club-fitting) * * * From 50 US dollars From $50 [Book Now](https://www.golfedgeshops.co,ok
1f50c2f9-0442-41ff-8c61-30ed00a41cac,golf-shop-at-burning-tree-greenwich-ct,GOLF Shop At Burning Tree,https://www.burningtreecc.org/,,,,,ok
2032d75e-8acc-4d6a-bb47-b90e14e9d119,flatbelly-golf-latrobe-pa,Flatbelly GOLF,https://flatbellygolf.godaddysites.com/,GCQuad,,,,ok
2044fafe-c5fb-435d-9722-3a7fac10fde0,kirkpatrick-golf-nashville-tn,Kirkpatrick GOLF,https://kirkpatrickgolf.net/,Foresight,,,,ok
2093ac75-8583-4cfb-846e-dc66c8240e0b,ray-rays-golf-danville-va,Ray Ray's GOLF,https://www.rayraysgolfshop.com/,,,,,ok
20d33e8a-3e29-4b21-8475-e883784214e2,365-golf-learn-enjoy-play-peachtree-city-ga,"365 GOLF - Learn, Enjoy & Play",https://365.golf/,TrackMan,,,,ok
20d5b887-c06e-4486-9ec7-4ba03c017c8b,mulligan-golf-gift-store-north-myrtle-beach-sc,Mulligan GOLF Gift Store,https://mulliganhooligangolf.com/,,,,,ok
20f7f3c5-f23f-45f0-992b-e2f10d2c4978,lefties-only-golf-shop-south-burlington-vt,Lefties Only GOLF Shop,https://www.leftiesonlygolf.com/,,,,,ok
2120997a-7bc7-4145-8a40-a5d422453d94,severna-park-golf-center-arnold-md,Severna Park GOLF Center,https://www.severnaparkgolf.com/,,,,,ok
212f8724-d306-4fa5-b00f-21aef896c7fe,savannah-indoor-golf-club-savannah-ga,Savannah Indoor GOLF Club,https://savannahindoorgolfclub.com/,TrackMan,,,,ok
219a4b92-23d3-443f-a92e-42587a10b760,elite-golf-performance-wando-sc,Elite GOLF Performance,https://elitegolfperformanceusa.com/,,,,,ok
219e9c52-3eea-48a3-85ed-f4eefcade363,morris-golf-shop-lake-hiawatha-nj,Morris GOLF Shop,https://www.morrisgolfshop.com/,GC3,,,,ok
21c65cdb-ed0b-4e82-b9b6-7c9bad0e5f8f,golf-apparel-shop-bluffton-sc,GOLF Apparel Shop,https://www.golfapparelshop.com/,,,,,failed
21d4b0a7-5a8e-4158-b873-3ac0058a39e7,mastery-golf-performance-hilton-head-golf-lessons-hilton-head-island-sc,Mastery GOLF Performance - Hilton Head GOLF Lessons,https://www.masterygolfperformance.com/,,,,,failed
22397d29-a1cd-4974-8ea7-930383aab446,the-office-golf-ct-new-fairfield-ct,The Office GOLF Ct,https://www.theofficegolfct.com/,,,,,ok
229ffcef-e8e5-4faa-b125-7329732f683d,next-level-golf-chesterfield-mo,Next Level GOLF,https://golfacademyplus.com/,Full Swing | TrackMan,,,,ok
22a14ef2-0a25-468d-bb7b-ac98ad193b03,bill-flood-golf-at-newtown-golf-lab-newtown-ct,Bill Flood GOLF At Newtown GOLF Lab,https://www.billfloodgolfacademy.com/,,,,,ok
22cca121-41f8-4a32-a642-28cc9fb6fa14,bad-bunny-golf-shop-richmond-va,Bad Bunny GOLF Shop,https://badbunnygolf.com/,,,,,ok
22d2d58b-c7a5-47bf-9853-12f5941d88cf,collin-woods-golf-golf-lessons-in-nyc-new-york-ny,Collin Woods GOLF - GOLF Lessons In Nyc,https://www.collinwoodsgolf.com/,,,,,ok
2336ca43-7baf-42a5-8980-fda8d61c129c,gott-golf-custom-club-fitting-denver-co,Gott GOLF Custom Club Fitting,https://www.gottgolf.com/,FlightScope | Quintic,,,,ok
2349f204-00b8-4810-91ff-672fa8c2210b,hawaii-golf-club-repair-honolulu-hi,Hawaii GOLF Club Repair,https://hawaiigolfclubrepair.com/,,,,,ok
2359b403-4ff0-41bb-a1b9-068adb31b305,wilson-columbus-circle-new-york-ny,Wilson - Columbus Circle,https://www.wilson.com/en-us,,,,,failed
2386a83a-9c3b-41f4-a71b-fd96a0740e35,mike-doyle-golf-academy-franklin-ma,Mike Doyle GOLF Academy,https://www.mikedoylegolfacademy.com/,,,,,ok
23add9e3-a712-4bd1-a226-786d19ea624f,correct2compete-carmel-in,Correct2compete,https://www.correct2compete.com/,,,,,ok
23e582ce-dbf9-46de-97bb-e44b09bdfebd,carolina-golf-mart-practice-salisbury-nc,Carolina GOLF Mart & Practice,https://carolinagolfmart.com/,Foresight,,,,ok
2412b46d-46df-4ba7-bc2c-91db66e9135c,growth-golf-littleton-co,Growth GOLF,https://www.growthgolf.com/,TrackMan,,,,ok
242ee4d1-3cc8-4db5-93dc-ae4dcd3ed633,lg-golf-instruction-training-fairfield-ct,Lg GOLF Instruction & Training,https://www.lg-golf.com/,GCQuad,,,,ok
2449b886-64fa-4924-b093-c18b3c74e8ff,jeremy-head-golf-shop-academy-murfreesboro-tn,Jeremy Head GOLF Shop & Academy,https://www.jeremyheadgolfshopandacademy.com/,Foresight,,,,ok
24752313-dcd6-4d9e-bf60-be910e7a13ab,golfclubtec-hudson-nh,Golfclubtec,https://www.golfclubtec.com/,,66,225,"you had a Junior Driver, two Irons, and a Putter, your cost would be $66 not the $225 for another set of clubs a || unior Driver, two Irons, and a Putter, your cost would be $66 not the $225 for another set of clubs at the retail",ok
2493b3d0-f541-4b1d-b408-26aaf933ced0,carolina-golf-manufacturing-charlotte-nc,Carolina GOLF Manufacturing,https://carolinagolfmanufacturing.com/,,,,,ok
24c5e534-094e-4217-8147-2a89694c4b5b,golf-fore-less-hyannis-ma,GOLF Fore Less,https://golfforeless.biz/?y_source=1_MTQ4NTM5NjQtNzE1LWxvY2F0aW9uLndlYnNpdGU=,,,,,ok
24ce7b39-2d06-44bc-9be7-9784de144447,sports-boss-golf-exchange-leland-il,Sports Boss GOLF Exchange,https://www.bossgolfing.com/,,69,549,"rMade Speed Blade Lob Wedge RH Steel 35.5"" Golf Pride Grip * * * Price$74.99 ](https://www.bossgolfing.com/product-p || uno Pro 241 7 Fitting Iron LH Steel X Stiff 37"" Golf Pride * * * Price$74.99 ](https://www.bossgolfing.com/product-p || away APEX Pro 7 Fitting Iron RH Steel Stiff 37"" Golf Pride * * * Price$69.99 ](https://www.bossgolfing.com/product-p || ym Ai Smoke 7 Fitting Iron RH Steel Stiff 37.5"" Golf Pride * * * Price$69.99 ](https://www.bossgolfing.com/product-p || i Smike HL 7 Fitting Iron RH Steel REG 38"" Golf pride Grip * * * Price$69.99 ](https://www.bossgolfing.com/product-p || -grips) [ PXG 0311 RH Regular Flex 6-AW Iron Set New Grips * * * Price$520.00 ](https://www.bossgolfing.com/product-p",ok
24f55df7-3a2c-4cd4-a9a3-08cb0b821e7c,sswing-new-york-ny,Sswing,https://www.sswing.com/,,,,,ok
250662a3-4dd3-4662-96a3-4b5f2f03b94f,ultimate-fit-golf-llc-columbia-heights-mn,Ultimate Fit GOLF LLC,https://www.ultimatefitgolf.com/,,,,,ok
2581e809-e7df-46e4-8421-bf30dcabf0c2,fitgolf-performance-centers-conshohocken-pa,Fitgolf Performance Centers,https://fitgolf.com/,,,,,ok
2590820e-a00d-49b8-867e-fcd72e85d091,ridgeway-country-club-germantown-tn,Ridgeway Country Club,https://www.ridgewaycountryclub.com/,,,,,ok
2591d493-891e-4e49-bc13-f9cb13741512,ironworks-golf-lab-beloit-wi,Ironworks GOLF Lab,https://www.ironworksgolflab.com/,,,,,ok
25af1e1a-9857-4cbd-8352-0b49ffc6290c,golf-tech-sunnyvale-ca,GOLF Tech,https://www.thegolftech.com/,SkyTrak,499,499,"com/products/scotty-cameron-phantom-5-5 ""Scotty Cameron Phantom 5.5"") $499.00 / Vokey Design® Wedges Scotty Cameron P",ok
26356f4d-93b2-4d3d-976a-e20d97bb9dfe,golf-performance-academy-clark-nj,GOLF Performance Academy,https://bettergolfperformance.com/,,,,,ok
266d026b-e13a-4404-91c4-fb14fb41f0cb,arkansas-golf-center-conway-ar,Arkansas GOLF Center,https://www.arkansasgolfcenter.com/,,,,,failed
2682320e-5a91-471b-a6d5-18f18d125b29,golf-direct-now-west-chicago-il,GOLF Direct Now,https://www.golfdirectnow.com/,,,,,ok
2770fe94-f72f-42ae-bd03-cc2aa62ad794,arizona-golf-exchange-indoor-golf-tucson-az,Arizona GOLF Exchange & Indoor GOLF,https://www.arizonagolfexchange.com/,,,,,ok
27a4eeda-c297-4713-87a2-bd01d3825db6,swingsimtech-east-hampton-ct,Swingsimtech,https://swingsimtech.com/,,,,,ok
27ea37f1-dde7-4fb2-82c7-91f9b5050c5f,pebblehurst-golf-and-putter-lab-homewood-al,Pebblehurst GOLF And Putter Lab,https://www.pebblehurst.com/,,,,,ok
281da3f2-a6c5-4950-a2a3-90c4e3f70433,mccall-sports-mccall-id,Mccall Sports,https://mccallsports.com/,,,,,ok
283f423a-25cd-4d4d-9de9-a998aba3784a,performance-golf-klub-austin-tx,Performance GOLF Klub,https://performancegolfklub.com/,TrackMan,,,,ok
28bab340-771c-45ed-b485-a1a852126091,the-swing-lab-canton-ma,The Swing Lab,https://theswinglab.com/,,,,,ok
28f5727f-6d09-430c-bf29-4478bd44677e,pure-shot-golf-custom-fitting-bozeman-mt,Pure Shot GOLF & Custom Fitting,https://www.pureshotgolfmt.com/,GCQuad,,,,ok
2991b0f0-f1aa-4bd5-b019-0efbe72bd1a2,optimal-performance-golf-maple-grove-mn,Optimal Performance GOLF,https://optimalperformancegolf.com/,,,,,ok
299555f2-88e6-452a-a81c-13fbeca992c0,golftrk-lenexa-lenexa-ks,Golftrk - Lenexa,https://www.golftrk.com/lenexa-ks,TrackMan,,,,ok
29b07f75-5af1-4579-941c-f82f51992b5e,gaylord-springs-golf-links-nashville-tn,Gaylord Springs GOLF Links,https://www.gaylordsprings.com/,FlightScope,,,,ok
29e03884-f324-494d-8a58-e056166f7d46,riverside-performance-studio-riverside-ia,Riverside Performance Studio,https://www.bluetopridge.com/performancestudio.html,,,,,failed
2a3959b1-1318-4705-84b0-e81798c5e27f,andrew-kiger-golf-holly-springs-nc,Andrew Kiger GOLF,https://www.andrewkiger.com/,,,,,ok
2a39a295-2f11-4ecb-b8f9-5a7f144fa8a0,nike-unite-east-new-york-brooklyn-ny,Nike Unite - East New York,https://www.nike.com/retail/s/nike-unite-east-new-york?cp=84620811901_seo_&y_source=1_MTg4MjM1MjItNzE1LWxvY2F0aW9uLndlYnNpdGU=,,,,,ok
2a3d5a51-068b-480c-a46b-5b259d6ef96e,golf-365-ri-warwick-ri,GOLF 365 Ri,https://golf365ri.com/,,,,,ok
2a84c88e-2947-4f2d-b348-8e3c938d2cdc,ejs-golf-coach-erik-scottsdale-az,Ejs GOLF - Coach Erik,https://ejsgolf.com/,TrackMan,,,,ok
2a9ab1b4-5081-4ec1-bdef-975c120587b6,tee-2-green-golf-and-repair-shop-grand-rapids-mi,Tee 2 Green GOLF And Repair Shop,https://www.tee2greengolfandrepair.com/,TrackMan,,,,ok
2abfa905-9de3-4447-9467-f9155fdffe13,tee-box-st-george-st-george-ut,Tee Box St. George,https://tbx.golf/st-george,TrackMan,,,,ok
2af73eb8-a4c7-4a36-8eba-99fb9e978ab0,dicks-house-of-sport-durham-nc,Dick's House Of Sport,https://stores.dickssportinggoods.com/nc/durham/1607/?seo=localpack,TrackMan,,,,ok
2b13b087-4ddf-4d39-8c38-04ea3a8461ca,golf-specialtees-pittsburgh-pa,GOLF Specialtees,https://golfspecialtees.com/,,,,,ok
2b2ecb49-03b7-43c1-88f2-47007ad11cd1,louisiana-golf-institute-broussard-la,Louisiana GOLF Institute,https://www.louisianagolfinstitute.com/,,,,,ok
2b6a5825-c3e8-4622-b69f-04e742c10928,golfio-superstore-walnut-ca,Golfio Superstore,https://www.golfio.com/pages/superstore-information,GCQuad,,,,ok
2ba79557-7992-487a-8821-16784a384395,tri-fit-custom-golf-darien-ct,Tri-fit Custom GOLF,https://www.trifitgolf.com/,,,,,ok
2c114f49-2c80-484f-9a66-229d122b76ef,morton-golf-sales-sacramento-ca,Morton GOLF Sales,https://www.mortongolfsales.com/,,,,,ok
2c18d353-13c8-47d1-bd64-c1d6c7df2dc9,gibson-bay-golf-garage-richmond-ky,Gibson Bay GOLF Garage,https://www.gbgolfgarage.com/,,,,,ok
2c5567f9-1987-4e24-bab7-cdd2c1692b36,paul-c-fischer-pro-shop-philipsburg-pa,Paul C. Fischer PRO Shop,https://philipsburgelks.org/pro-shop/,,,,,ok
2c6e1199-7d24-47d3-ab05-cade33cc26e0,durbin-street-golf-casper-wy,Durbin Street GOLF,https://durbinstgolf.com/,,,,,ok
2c8afdc6-cfe9-4ae5-a226-230dc0924aa2,suite-shots-fargo-nd,Suite Shots,https://suiteshotsfargo.com/,,,,,ok
2d2837d7-80cf-4f65-9f46-78bd78ed0316,last-best-golf-company-missoula-mt,Last Best GOLF Company,https://www.lastbestgolfco.com/,GCQuad,,,,ok
2d5183d5-37b9-432a-a16d-de07ba61454f,rocky-mountain-golf-company-bozeman-mt,Rocky Mountain GOLF Company,https://rockymountaingolfcompany.com/,,,,,failed
2d856de3-cd85-4faf-a9a4-4313e207f2ab,classic-swing-golf-school-myrtle-beach-sc,Classic Swing GOLF School,https://www.classicswing.com/,,,,,ok
2de0418f-7360-4b02-8eae-7a42f4a61c8d,inclubgolf-newtown-newtown-pa,Inclubgolf Newtown,https://www.inclubgolf.com/membership-newtown-pennsylvania,,,,,ok
2e262742-d8b5-4195-bd30-3ef4528ebb90,lous-golf-shop-carrollton-tx,Lou's GOLF Shop,https://www.lous.golf/,,,,,ok
2e3fe256-7a32-48d8-94cc-a4e9d5666919,mrb-golf-llc-newark-de,"Mrb Golf, LLC",https://www.facebook.com/profile.php?id=61556630592970&mibextid=ZbWKwL,,,,,ok
2e63c0e8-dc88-4e05-8b61-b896d4694c55,the-golf-nest-indy-indianapolis-in,The GOLF Nest - Indy,https://golfnest.as.me/,,,,,failed
2eb311d0-d53a-43ce-8d47-48715bb1b2bc,golf-lab-south-salt-lake-ut,GOLF Lab,https://www.golflab.net/,,,,,ok
2eb5d4fb-071c-43e5-b94a-866dc11013be,elite-golf-performance-ai-paragould-ar,Elite GOLF Performance Ai,https://elitegolfperformance.ai/,,,,,failed
2ed950ff-ff31-45e9-989f-101903f0d47d,natalie-sheary-golf-towhee-club-spring-hill-tn,Natalie Sheary GOLF @ Towhee Club,https://natalieshearygolf.com/,,,,,failed
2ee485e1-8ade-45e6-a748-6425b7587ade,pine-oaks-golf-course-south-easton-ma,Pine Oaks GOLF Course,https://www.pineoaks.com/,,,,,ok
2f3cfe58-2619-4435-9bfa-06163baa24da,touchet-performance-golf-fort-wayne-in,Touchet Performance GOLF,https://touchetgolf.com/,TrackMan,,,,ok
2f8b070d-14af-4605-9cd9-bf89fc1a3035,bagman-golf-los-angeles-ca,Bagman Golf,https://www.bagman.golf/,,,,,ok
2f8b9c82-8017-4de1-bbf5-71d5c3f02998,the-golf-forge-south-jordan-south-jordan-ut,The GOLF Forge - South Jordan,https://www.thegolfforge.com/,Foresight,,,,ok
2fb58b63-9c06-4e5a-8b97-20f9941b4ff8,dogleg-design-studio-cromwell-ct,Dogleg Design Studio,https://www.doglegdesignstudio.com/,,,,,ok
2fdf262f-adcc-47a4-b2f1-4b75f28bfd38,golfers-warehouse-cranston-ri,Golfers' Warehouse,https://stores.worldwidegolfshops.com/ri/cranston/golfers-warehouse-crn.html,,,,,ok
30030fb2-126f-45ec-803e-6efa2f7d7b23,js-screen-golf-northvale-nj,Js Screen GOLF,https://www.jsgolfnj.com/,,,,,failed
30a1a221-f8e8-43ea-8d2d-eccabfe365b4,fine-tune-golf-wadsworth-oh,Fine Tune GOLF,https://www.finetunegolfing.com/,,,,,ok
312fd3bc-0be8-425d-a37a-b2a43010a572,thousand-oaks-golf-club-grand-rapids-mi,Thousand Oaks GOLF Club,https://www.thousandoaksgolf.com/,,,,,ok
3130e8bd-1e04-46f5-8f9c-25c4d07fb5cc,pxg-mesa-mesa-az,PXG Mesa,https://www.pxg.com/pages/golf-stores/pxg-mesa,TrackMan,,,,ok
321e458d-c54a-4d1c-8fb8-a1218a3d8051,granite-links-quincy-ma,Granite Links,https://www.granitelinks.com/,TrackMan,,,,ok
3221ee6d-e677-43ce-83bc-683234c0c337,king-pine-golf-company-portland-me,King Pine GOLF Company,https://www.kingpinegolf.com/,,80,350,3Iron.jpg?v=1767808648&width=1946) Add Added Add ### Mizuno Pro M-13 $215.00 Mizuno Pro M-13 $215.00 [ Mizuno Pro M- || _Iron.jpg?v=1767808864&width=1946) Add Added Add ### Mizuno Pro M-15 $215.00 Mizuno Pro M-15 $215.00 [ Mizuno Pro 26 || 21&width=1946) Add Added Add ### Mizuno Pro S3 $215.00 Mizuno Pro S3 $215.00 [ Mizuno Pro 245 Irons ](https://kingp || .png?v=1753206019&width=1946) Add Added Add ### Mizuno Pro 245 Irons $200.00 Mizuno Pro 245 Irons $200.00 [ Mizuno P || Add Added Add ### Mizuno Pro 245 Irons $200.00 Mizuno Pro 245 Irons $200.00 [ Mizuno Pro 243 Irons ](https://kingp || .png?v=1753206066&width=1946) Add Added Add ### Mizuno Pro 243 Irons $200.00 Mizuno Pro 243 Irons $200.00 ### Bettin,ok
326e1c98-11b8-4798-9d39-1fca9ca7a69d,purchase-and-resell-vista-ca,Purchase And Resell,https://www.purchaseandresell.com/,,,,,ok
330b790d-73f2-444e-9770-e9ba3bdacb87,joe-leighs-golf-performance-center-south-easton-ma,Joe & Leigh's GOLF Performance Center,https://www.pineoaks.com/,,,,,ok
336dd008-4556-4458-9a16-65db4142f511,pioneer-golf-company-fridley-mn,Pioneer GOLF Company,https://www.pioneergolfco.com/,Foresight | SkyTrak | TrackMan,,,,ok
339285f4-c686-4e70-9f40-1be06ebc8acb,hole-in-one-golf-apparel-snellville-ga,Hole In One GOLF Apparel,https://www.holeinonegolfapparel.store/,,,,,ok
33ac0abf-6884-4ba0-99e3-721301a8273b,hunt-golf-burlington-nc,Hunt GOLF,https://sites.google.com/view/huntgolfshop,,,,,ok
341aa9fc-7890-470f-a1a8-df85827bc9f7,pull-the-pin-lancaster-pa,Pull The Pin,https://www.pullthepinlancaster.com/,TrackMan,,,,ok
348d33d2-6ab5-47d7-b9e7-f180094a208a,golf-performance-academy-kalamazoo-mi,GOLF Performance Academy,https://www.golfperformanceacademy.com/,FlightScope | Foresight,,,,ok
359742ba-5fe5-4a7f-a612-52a3f08401dd,vermont-custom-golf-essex-junction-vt,Vermont Custom GOLF,https://vermontcustomgolf.com/contact-us/,,,,,failed
3598161e-fe41-4049-812a-bdf5c635f4c2,thomas-campbell-golf-st-paul-mn,Thomas Campbell GOLF,https://www.thomascampbellgolf.com/,GCQuad,,,,ok
359850df-d434-4e00-81e6-28a8289ea36e,aviator-golf-center-brooklyn-ny,Aviator GOLF Center,https://aviatorsports.com/golf,,,,,ok
35c60ddc-603d-45a8-a78f-90dd5a4afaac,golf-usa-limerick-pa,GOLF USA,https://www.golfusalimerick.com/,,,,,ok
360055c1-a1f9-4d5e-9791-515e9b1b2699,west-end-golf-club-rutherford-nj,West End GOLF Club,https://westendgolfclub.com/,,,,,ok
3657195d-d9cb-49c4-a143-de738f8dbb8b,galloping-hill-golf-course-kenilworth-nj,Galloping Hill GOLF Course,https://www.gallopinghillgolfcourse.com/,,,,,ok
369f2ce2-97d7-4ce4-9565-9af5b969050e,ponkapoag-golf-shop-canton-ma,Ponkapoag GOLF Shop,https://www.mass.gov/locations/ponkapoag-golf-course,,,,,ok
36bbd9f0-624b-44af-914d-34459ab9701c,egelhoff-sports-columbus-oh,Egelhoff Sports,https://www.egelhoffsports.com/,,,,,failed
3781a616-a840-420f-b5b5-0b2a23bcbf1e,golf-dynamics-performance-center-loveland-co,GOLF Dynamics Performance Center,https://www.golfdynamics287.com/,,,,,failed
379c87e3-066a-4ca7-87f8-a29a6c5f5846,golf-etc-bismarck-bismarck-nd,GOLF Etc. Bismarck,https://golfetcbismarck.com/,,,,,ok
37d3e169-1c33-4095-91a5-2fd4b517e780,big-island-golf-shop-kailua-kona-hi,Big Island GOLF Shop,https://www.bigislandgolfshop.com/,,40,60,"s $250 Call to Schedule * * * ### Club Fitting #### 30-Minute Fitting $40 Call to Schedule. If clubs are purc || in-store, this amount goes towards that purchase. #### 1 Hour Fitting $60 Call to Schedule. If clubs are purc",ok
37e866b8-5796-4a84-8d82-f8d6de02adb0,fairways-indoor-golf-lounge-mountain-home-ar,Fairways Indoor GOLF Lounge,https://fairwaysigl.com/,,,,,failed
3805b2eb-93ed-4731-aeab-2131722c62a8,pxg-detroit-troy-mi,PXG Detroit,https://www.pxg.com/pages/golf-stores/pxg-detroit,TrackMan,,,,ok
38253634-8e96-4c86-8e07-23ad0cf2fce1,golf-guru-gilbert-az,GOLF Guru,https://golfguru360.com/,TrackMan,,,,ok
383f341b-2da5-4f06-839b-13d14859e6ee,puetz-golf-tukwila-superstore-tukwila-wa,Puetz GOLF Tukwila Superstore,https://www.puetzgolf.com/,,200,200,"m/cleveland-rtx6-zipcore-wedge-tour-satin ""RTX Wedges"") [![Save up to $200](https://media.puetzgolf.com/pub/media/",ok
3861e0b5-c503-4165-bac2-396935482c4b,great-lakes-golf-bay-city-mi,Great Lakes GOLF,https://www.greatlakesgolfmi.com/,,,,,ok
387dbc2d-24dd-412b-9233-e99f3cb76d14,limitless-golf-club-munster-in,Limitless GOLF Club,https://www.limitlessgolfclub.com/,,,,,ok
38fd2ffd-1ef3-482e-9ce4-b99d980bac76,the-golf-clinic-jupiter-fl,The GOLF Clinic,https://www.thegolfclinicfl.com/,Foresight,,,,ok
391688f1-d467-4fb8-931c-21062bb074ba,koosa-golf-lexington-sc,Koosa GOLF,https://www.koosagolf.com/,,,,,ok
39578a4b-7054-4006-ab5a-4620ccb75a15,sandbaggerz-golf-coeur-dalene-id,Sandbaggerz GOLF,https://sandbaggerzgolf.com/,TrackMan,,,,ok
397713a7-ea89-498e-a33a-7c73e6e749b4,loggerhead-golf-co-wilmington-nc,Loggerhead GOLF Co.,https://www.loggerheadgolf.com/,GCQuad,,,,ok
39986da5-2921-48aa-b9d0-6fdf2d17df40,whirlaway-sports-center-methuen-ma,Whirlaway Sports Center,https://www.whirlawaysports.com/,,,,,ok
39a8b117-235b-4a56-ac40-79f92e4cc94d,mulligans-golf-shop-richmond-va,Mulligan's GOLF Shop,https://www.mulligansgolfshopva.com/,TrackMan,,,,ok
39c5c319-13cb-4dcb-98bf-d3b86fb8a34e,blakes-golf-shop-boynton-beach-fl,Blakes GOLF Shop,https://blakesgolfshop.com/,Foresight,,,,ok
39f41209-6906-48b7-b400-71e9c35e4dda,the-golf-station-hurst-tx,The GOLF Station,https://www.thegolfstation.com/,,,,,ok
3a09b960-7e7c-4011-8eb4-d57f96bd7384,swing-395-llc-gardnerville-nv,"Swing 395, LLC",https://www.swing395.com/,,,,,failed
3a4c7c9f-ab89-4dbe-a9a4-7e6c3d434ba2,dan-berrys-golf-shop-gardner-ma,Dan Berry's GOLF Shop,https://www.facebook.com/DBGolfShop/,,,,,failed
3a5dba37-95a1-4b67-b69f-ab22cbe7d111,rolling-hills-golf-shop-wichita-ks,Rolling Hills GOLF Shop,https://rollinghillswichita.com/,,,,,ok
3a8e4172-24e3-4bda-93ca-0e2612a9a65f,great-golf-deals-west-bloomfield-township-mi,Great GOLF Deals,https://www.greatgolfdeals.com/,,,,,ok
3ac0b033-5e2f-4452-9e6b-cbe101aadd7a,big-mikes-house-of-golf-hudson-fl,Big Mike's House Of GOLF,https://www.bigmikesgolf.com/,,,,,ok
3ac4c5ec-9801-4cd1-bf4a-d9becffac94b,hidden-meadows-golf-course-and-discount-pro-shop-old-town-me,Hidden Meadows GOLF Course And Discount PRO Shop,https://www.hiddenmeadowsgolf.com/,,,,,ok
3ad37e9e-8742-4923-8230-c5c73d51b717,shoreline-golf-westbrook-ct,Shoreline GOLF,https://shoreline-golf.com/,,,,,ok
3b1f5fa8-3ce1-4674-a406-9ebb70098c22,summit-golf-training-kennesaw-ga,Summit GOLF Training,https://www.summitgolftraining.com/,TrackMan,,,,ok
3b328a2f-279d-42a9-b568-47e8563b7df4,tour-proven-golf-colleyville-tx,Tour Proven GOLF,https://www.tourprovengolf.com/,,100,600,"cost? Our club fitting services are priced as follows: Iron Fitting - $150, Driver Fitting - $150, Putter Fitting || services are priced as follows: Iron Fitting - $150, Driver Fitting - $150, Putter Fitting - $100. Get the perfect || follows: Iron Fitting - $150, Driver Fitting - $150, Putter Fitting - $100. Get the perfect fit for your game! * || lf clubs? Our custom golf clubs are priced as follows: Irons start at $150 per club, Drivers start at $600, and Pu || are priced as follows: Irons start at $150 per club, Drivers start at $600, and Putters start at $450. Invest in y || s start at $150 per club, Drivers start at $600, and Putters start at $450. Invest in your game with the best equi",ok
3b65a4b3-fec9-482e-a925-41a9f180d5e6,brian-king-performance-golf-west-chicago-il,Brian King Performance GOLF,https://www.briankingperformancegolf.com/,,,,,ok
3bcf7bc6-8155-4cc1-b997-310bca3daf86,puetz-golf-seattle-superstore-seattle-wa-aef769,Puetz Golf Seattle Superstore,https://www.puetzgolf.com,,200,200,"m/cleveland-rtx6-zipcore-wedge-tour-satin ""RTX Wedges"") [![Save up to $200](https://media.puetzgolf.com/pub/media/",ok
3be7babf-1b3c-4c21-ac42-d47689d1e86a,golf-fitness-utah-salt-lake-city-ut,GOLF & Fitness Utah,https://www.theranchesgolfclub.com/,,,,,ok
3bf2e007-0de7-4587-a451-8af80ef40580,all-about-golf-tempe-az,All About GOLF,https://allaboutgolf.com/,Foresight,,,,ok
3c6ce73d-ba63-480f-830e-61f31fec7c63,waterloo-golf-headquarters-waterloo-ia,Waterloo GOLF Headquarters,https://waterloogolfheadquartersia.com/,GCQuad | TrackMan,,,,ok
3ca7674a-4e24-4f4b-89ec-9d80bb901105,golf-pro-formance-academy-lebanon-in,GOLF Pro-formance Academy,https://www.golfindiana.com/,,,,,ok
3ccd73da-6864-4add-9830-aed7b0004df3,marion-country-club-marion-oh,Marion Country Club,https://www.marioncountryclub.com/,,,,,ok
3cd54375-f412-4a78-b3a1-d812d1d16b6a,golf-gem-greensboro-nc,GOLF Gem,https://www.golfgemz.com/,,,,,ok
3d28231d-4f9e-452d-a7d8-d0c60dc96f22,lifestyles-sports-wantagh-ny,Lifestyles Sports,https://lifestylessports.com/,,,,,ok
3d3b6eae-3ce4-4f12-8b39-c0b58e960276,shop-golf-grundy-center-ia,Shop GOLF,https://shopgolfgrundy.com/,,,,,ok
3d532370-ffcb-4cb8-814d-92fca16c9bc3,holen1golf-eric-holen-woodville-wi,Holen1golf - Eric Holen,https://www.wwigolf.com/lessons.html#/,,,,,failed
3d87e046-4b8f-483d-8e46-dadfeb75304b,pappas-golf-north-chelmsford-ma,Pappas GOLF,https://www.bpappasgolf.com/,,,,,failed
3db2fdc4-6fd7-44b5-a3d4-933e5c5d3fc8,the-golf-house-aurora-il,The GOLF House,https://www.thegolfhouse.org/,,,,,ok
3e2da2cb-2a4f-44d3-8d3a-f5157f6c40cb,gimme-golf-clubhouse-st-charles-mo,Gimme GOLF Clubhouse,https://www.gimmegolfclub.com/,TrackMan,,,,ok
3e44cd30-3293-4cdb-a978-bb74f20fef7a,the-seventy-sycamore-il,The Seventy,https://www.the-seventy.com/,,,,,ok
3e691939-0361-4773-8931-fc34e39cc620,modern-eagle-commerce-township-mi,Modern Eagle,https://www.moderneaglegolf.com/,TrackMan,,,,ok
3e6bde23-da69-42a7-a210-3efce9c5fbc8,bob-burns-golf-appleton-wi,Bob Burns GOLF,https://www.bobburnsgolf.com/,,,,,ok
3e8cbd58-f3ac-43f0-80d9-7e1c87654113,carolina-coastal-golf-instruction-hampstead-nc,Carolina Coastal GOLF Instruction,https://www.carolinacoastalgolfinstruction.com/location,,,,,ok
3ea66748-49f1-4b5f-b2c5-a25431612fd7,bill-barabans-academy-foregolf-suwanee-ga,Bill Baraban's Academy Foregolf,https://www.barabansacademyforegolf.com/,TrackMan,,,,ok
3f631d0b-13a3-47a1-a39f-fcdf6633097d,kohr-golf-center-natick-ma,Kohr GOLF Center,https://www.kohrgolf.com/,TrackMan,,,,ok
3f6d7edb-d6bf-4bc7-a51b-5545ed23d903,brad-redding-golf-instruction-powell-tn,Brad Redding GOLF Instruction,https://www.bradreddinggolf.com/,,,,,ok
406f1590-2740-46e4-876f-e65403f3d6d6,catalyst-golf-performance-at-the-milwaukee-athletic-club-milwaukee-wi,Catalyst GOLF Performance At The Milwaukee Athletic Club,https://catalystgp.com/,,,,,ok
4073dc6c-32ce-4346-90a2-b270fed710bd,the-complete-golfer-white-plains-ny,The Complete Golfer,https://www.completegolfer.us/,,,,,failed
410b3677-81da-4879-9d96-251cda8d23ab,hickory-golf-workshop-burlington-vt,Hickory GOLF Workshop,https://www.hickorygolfworkshop.com/,,,,,ok
413be0b0-1108-44f6-b181-0657460d7a30,golf-academy-with-todd-campbell-cranston-ri,GOLF Academy With Todd Campbell,https://toddcampbellgolfacademy.com/,,,,,ok
4144d2d5-97ad-45ac-ba8a-4c9813b93e4b,heights-golf-little-rock-ar,Heights GOLF,https://heightsgolf.com/,TrackMan,,,,ok
418405af-fcb0-4aea-bfcd-ecdeb04996e0,elenas-womens-golf-and-activewear-highlands-nc,Elena's - Womens GOLF And Activewear,https://elenagolf.com/,,,,,ok
41904021-59e4-4548-9c18-aa766cfa941a,asher-golf-sandy-ut,Asher GOLF,https://ashergolf.com/,,,,,ok
41cff470-5469-4c0c-83ac-bbd78e2fdc50,golf-performance-4-life-medina-oh,GOLF Performance 4 Life,https://www.golfperformance4life.com/,,,,,ok
42eb0b8d-5803-4629-a790-c58314ee28ba,alpine-shop-vt-south-burlington-vt,Alpine Shop Vt,https://www.alpineshopvt.com/,TrackMan,,,,ok
43002d2f-7386-4638-96ca-d178e5b86e82,uinta-golf-salt-lake-city-ut,Uinta GOLF,https://stores.worldwidegolfshops.com/ut/saltlakecity/uinta-golf-slc.html,,,,,ok
43047031-5d51-4a8d-9ba9-22d6e9232768,olympic-golf-fullerton-ca,Olympic GOLF,https://www.theolympicgolf.com/,,,,,failed
4307c7e6-ff2b-4210-ad39-64bac981e84c,pinehurst-golf-academy-pinehurst-nc,Pinehurst GOLF Academy,https://www.pinehurst.com/pinehurst-golf-academy/,,,,,failed
43961a7e-d9cb-430f-9f9d-c69608b5b1bf,dicks-house-of-sport-columbus-oh,Dick's House Of Sport,https://stores.dickssportinggoods.com/oh/columbus/1666/?seo=localpack,TrackMan,,,,ok
43bf6a91-a0c9-4bd8-abb9-faac7524a89d,goal-line-golf-hockey-schofield-wi,Goal Line GOLF & Hockey,https://www.goallinegolf.com/,,,,,ok
4421b9ba-e59b-4038-bbea-4530eafde83e,jon-flint-golf-horsham-pa,Jon Flint GOLF,https://jonflintgolf.com/,TrackMan,,,,ok
4447e7d4-1a18-4131-8510-e3158237c473,robogolfpro-chicago-il,Robogolfpro,https://www.robogolfpro.com/,,,,,failed
449b45bd-fb5c-443d-8f79-2adcd3f442bc,five-star-golf-cars-laconia-nh,Five Star GOLF Cars,https://www.fivestargolfcars.com/,,,,,ok
44d1c546-9768-48c4-a9f9-d2cce6bd2acd,dlance-golf-englewood-co,D'lance GOLF,https://www.dlancegolf.com/,TrackMan,50,450,/uploads/2012/07/icon_putter1.png)Complete Custom Club Fitting – Reg. $450](https://www.dlancegolf.com/custom-club || com/wp-content/uploads/2012/07/icon_driver1.png)Driver Fitting – Reg. $100](https://www.dlancegolf.com/custom-club || uploads/2012/07/icon_wood1.png)Driver and Fairway Wood Fitting – Reg. $225](https://www.dlancegolf.com/custom-club || com/wp-content/uploads/2012/07/icon_hybrid1.png)Hybrid Fitting – Reg. $100](https://www.dlancegolf.com/custom-club || wp-content/uploads/2012/07/icon_iron1.png)Iron & Wedge Fitting – Reg. $225](https://www.dlancegolf.com/custom-club || com/wp-content/uploads/2012/07/icon_putter1.png)Putter Fitting – Reg. $100](https://www.dlancegolf.com/custom-club,ok
44e3df45-2f63-4903-8148-efd6481210b9,swing-science-llc-zionsville-in,Swing Science LLC,https://www.swingscience.net/,,,,,ok
44f03283-4c69-4367-9897-85be2658f87e,simgolf-llc-peterstown-wv,"Simgolf, LLC",https://simgolfwv.com/,,,,,failed
4571fddc-cdd2-4c95-a63c-2d8e679ab69c,golf-fit-usa-kearney-ne,GOLF Fit USA,https://www.facebook.com/GolfFitUSA/,,,,,failed
459ad62b-2fdb-4d03-9176-cef327dbec7c,noonan-golf-co-minneapolis-mn,Noonan GOLF Co,https://noonangolfco.com/,,,,,ok
45aeb96b-5ea6-4199-afe3-963597f21c09,2nd-time-around-sports-cranston-cranston-ri,2nd Time Around Sports Cranston,https://www.2ndtimearoundsports.com/,,,,,ok
45e0c677-1513-4095-bcea-72b8d567969e,great-lakes-golf-west-branch-mi,Great Lakes GOLF,https://www.greatlakesgolfmi.com/,,,,,ok
45e255c8-2a51-46d6-af4b-c9be87dd08e0,ping-inc-phoenix-az,Ping INC,https://www.ping.com/,,,,,ok
4600adb9-37a0-4064-b00d-d9e4c1ab6e6f,play-hoboken-hoboken-nj,Play! Hoboken,https://www.playhoboken.com/,,,,,failed
460ec08a-5fca-467c-a257-52bfa0457ee4,treetops-north-pro-shop-gaylord-mi,Treetops North PRO Shop,https://www.treetops.com/summer/golfing/golf-pro-shop/,,,,,ok
463230a7-0faf-44ce-84d5-a5065c997e8a,sw-golf-academy-chantilly-va,Sw GOLF Academy,https://www.theswgolfacademy.com/location/,TrackMan,,,,ok
463ac734-9f25-4d42-bb23-1f67c85b3a36,golo-golf-indianapolis-in,Golo GOLF,https://goloindy.com/,,,,,ok
463f37a0-73ea-4564-8e65-0ab89147a66d,sun-ski-sports-hanover-md,Sun & Ski Sports,https://www.sunandski.com/arundel-mills,,,,,ok
4648117f-752e-4e4a-9b8a-7e92af58906c,golf-garage-vt-south-burlington-vt,GOLF Garage Vt,https://golfgaragevt.com/,TrackMan,,,,ok
465e3c05-1678-4f12-bcbb-5a1da7af0d3b,muni-kids-portland-or,Muni Kids,https://munikids.com/,,65,875,tps://munikids.com/products/glacial-carmine-sherpa-putter-headcovers) $ 75.00 [ ![Muni Kids Thank You Anthony Kim Un || com/products/king-mamba-upcycled-jersey-golf-driver-headcover-1-of-1) $ 120.00 [ ![Muni Kids Here We Go Again Canvas || /munikids.com/products/neighborhood-golfer-2-0-golf-headcovers-white) $ 65.00 ## PUTTER HEADCOVERS [ ![Sugar Skull || dcovers](https://munikids.com/products/sugar-skulls-putter-headcover) $ 65.00 [ ![Elephant Print Putter Headcovers | || Headcovers](https://munikids.com/products/elephant-putter-headcover) $ 65.00 [ ![Off The Tee Putter Headcovers - Mu || dcovers](https://munikids.com/products/off-the-tee-putter-headcovers) $ 65.00 [ ![El Jefe Putter Headcovers - Muni K,ok
469d973b-e080-4941-a8cd-8c5a38eccc95,fab-golf-atx-austin-tx,Fab GOLF Atx,https://www.fabgolfatx.com/,,,,,ok
46cc5653-dc22-4111-8060-fbaf4890dc03,h-haney-golf-academy-columbia-sc,H. Haney GOLF Academy,https://www.hhaneygolf.com/,,,,,ok
46d29c7b-52f2-4776-b087-5a4d14d4da48,big-sticks-indoor-golf-burlington-ma,Big Sticks Indoor GOLF,https://bigsticksgolf.com/,GCQuad,,,,ok
46d4c119-6fdc-4a7c-ad1b-9af303ac4e4c,killington-sports-killington-vt,Killington Sports,https://killingtonsports.com/,,,,,ok
46e7f15b-8073-4670-a631-e4ac3ff0f56d,mike-mcgetrick-golf-gainesville-va,Mike Mcgetrick GOLF,https://mikemcgetrickgolf.com/,,,,,ok
46fff3dc-a4ae-4589-b4dc-a1eb556c8ff9,coach-club-north-hampton-nh,Coach Club,https://coachclubnh.com/,TrackMan,,,,ok
4701ddb9-8adc-40ef-97f2-f08f6c194d0a,titleist-shop-at-padgett-center-pinehurst-nc,Titleist Shop At Padgett Center,https://www.pinehurst.com/titleist-shop/,,,,,failed
479840d0-247b-4eba-9183-c9ea9a1eed91,dennis-sales-golf-argyle-tx,Dennis Sales GOLF,https://www.dennissalesgolf.com/,SAM PuttLab | TrackMan,,,,ok
482f1eb6-ba86-4f75-9593-d6b8a6e3bd86,empower-golf-performance-henderson-nv,Empower GOLF Performance,https://www.golfempower.com/,,,,,ok
484e1ee4-90c9-4526-b134-d867779572f8,fit2score-golf-club-fitting-and-custom-clubs-colleyville-tx,Fit2score GOLF Club Fitting And Custom Clubs,https://www.fit2score.com/,,,,,ok
488789d5-b3bb-4818-85f3-402ecff5b1b5,deacons-lodge-breezy-point-mn,Deacon's Lodge,https://www.breezypointresort.com/,,,,,ok
488a2dfd-9a0a-4c3e-9a66-69b5ad61828e,scorecards-unlimited-columbus-oh,Scorecards Unlimited,https://www.scorecardsunlimited.net/,,,,,ok
489ed58d-8695-49f6-942a-772abb09d20b,irish-golf-academy-warrenton-va,Irish GOLF Academy,https://golfspot29.com/irish-golf-academy/,TrackMan,,,,ok
48dad495-9baa-41eb-b7c9-49aeb0cf5fee,virginia-golf-center-union-mill-va,Virginia GOLF Center,https://www.virginiagolfcenter.com/,,,,,ok
492dcdf4-feb7-4750-afcf-d7b485b2305f,pxg-fairfax-fairfax-va,PXG Fairfax,https://www.pxg.com/pages/golf-stores/pxg-fairfax,TrackMan,,,,ok
4966599d-8c4e-4909-96de-3c4782db4704,golf-cars-of-iowa-pleasant-hill-ia,GOLF Cars Of Iowa,https://www.golfcarsofiowa.com/,,,,,ok
499f9abd-4da8-4820-9800-9000fc21a610,nike-easton-columbus-oh,Nike Easton,https://www.nike.com/retail/s/nike-well-collective-easton?cp=84620811901_seo_&y_source=1_MjUwNjcwMTItNzE1LWxvY2F0aW9uLndlYnNpdGU=,,,,,ok
49a1717c-f7f6-42c9-bec0-23aae80c7f36,discount-golf-royal-oak-mi,Discount GOLF,https://royaloakgolf.com/,,,,,failed
49d77770-4090-4a05-b304-ee8a7c7eca22,live-free-golf-litchfield-nh,Live Free & GOLF,https://livefreeandgolf.com/,,,,,failed
4a09bedb-6b26-449a-93de-407b0cd70721,tnt-custom-golf-augusta-ga,Tnt Custom GOLF,https://tntgolf.net/,,,,,ok
4a356aca-4b42-4152-8dd5-f09e53d52630,vanquish-golf-works-naperville-il,Vanquish GOLF Works,https://vanquishgolfworks.com/,,,,,failed
4a49e00f-4d63-4b5e-9258-cd4255005111,foreup-website-examples-waterbury-ct,Foreup Website Examples,https://golfwaterbury.foreupwebsites.com/east-mountain/contact-east-mountain/,,,,,failed
4a5c635b-d144-4d53-b14d-498d838f936c,power-play-sports-morrisville-vt,Power Play Sports,https://www.powerplaysportsvt.com/,,,,,failed
4a756150-9325-4be7-a04e-2c3eb8e9b57e,golf-4-less-sun-city-west-az,GOLF 4 Less,https://www.golf4lessaz.com/,,,,,ok
4aa6db33-c715-4956-bff0-bfefdd1f2e9b,cabelas-columbus-oh,Cabela's,https://stores.cabelas.com/us/oh/columbus/1650-gemini-pl.html?y_source=1_Mzk4Njc0Mi03MTUtbG9jYXRpb24ud2Vic2l0ZQ==,,,,,ok
4ae2f03a-ebaf-4e6d-a2f5-b72ccbc84f54,pxg-philadelphia-king-of-prussia-pa,PXG Philadelphia,https://www.pxg.com/pages/golf-stores/pxg-philadelphia,TrackMan,,,,ok
4b237cb7-a98b-4856-873e-874de129ceb9,flex-fit-custom-golf-celina-oh,Flex-fit Custom GOLF,https://www.flexfitcustomgolf.com/,,,,,failed
4b27870a-9351-4d58-a859-64399a92c744,palos-golf-inc-palos-hills-il,Palos GOLF Inc.,https://www.palosgolf.com/,,,,,ok
4b405967-41f6-4e60-95c7-34ada24923a3,performance-clubworks-new-milford-ct,Performance Clubworks,https://www.performanceclubworks.com/,TrackMan,50,175,36944f51449798ed9a17486a0b00e~mv2.jpg) 1 ### Driver Fitting 1 hr From $75 [Book Now](https://www.performanceclubw || /booking-calendar/driver-fitting) 2 ### Iron Fitting 1 hr 30 min From $100 [Book Now](https://www.performanceclubw || orks.com/booking-calendar/iron-fitting) 3 ### Wedge Fitting 1 hr From $50 [Book Now](https://www.performanceclubw || 44f51449798ed9a17486a0b00e~mv2.jpg) 4 ### Fairway Fitting 45 min From $50 [Book Now](https://www.performanceclubw || com/booking-calendar/driver-fitting) 5 ### Putter Fitting 45 min From $50 [Book Now](https://www.performanceclubw || m/booking-calendar/iron-fitting) 6 ### Full Bag Fitting 2.5-3 hr From $175 [Book Now](https://www.performanceclubw,ok
4b4ea452-cf22-454b-b6bf-52b5e937e1c8,todd-moore-columbia-sc,Todd & Moore,https://toddandmoore.com/,,,,,ok
4bc7db8c-d271-4d6b-bfbe-7095575204d9,pro-golf-discount-tacoma-tacoma-wa,PRO GOLF Discount - Tacoma,https://www.progolfseattle.com/tacoma-golf-store/,GCQuad,,,,ok
4bc7f360-3e92-4c99-bd7a-655bbb986173,dubs-clubs-madison-ms,Dub's Clubs,https://www.dubsclubs.com/,,,,,ok
4c2fb914-0424-4fce-aab5-76d94c8fc37a,par-golf-columbus-oh,Par Golf,https://www.pargolfproshop.com/,,,,,ok
4c9bdba7-7c6d-432d-a7f0-1e9a502e7f5f,jeff-kaiser-golf-instruction-madison-wi,Jeff Kaiser GOLF Instruction,https://www.jeffkaisergolf.com/contact-us,,,,,ok
4ceb6cf7-b2e9-46f3-a2dd-e916288d9880,the-golfix-murfreesboro-tn,The Golfix,https://www.thegolfix.net/,,50,1200,"M FITTING & INSTRUCTION."" **Full Bag Custom Fitting FREE with minimum $1200 purchase; All other fittings just $50 w || tom Fitting FREE with minimum $1200 purchase; All other fittings just $50 w/club purchase** [OFFERINGS](https://t",ok
4d00d7aa-55a8-4871-b4ce-5f7c8a711a4e,summit-golf-brands-barneveld-wi,Summit GOLF Brands,https://www.summitgolfbrands.com/,,,,,ok
4d062ad2-c1f4-45f0-bca0-65896aa62ab1,austads-golf-west-maple-omaha-ne,Austad's GOLF - West Maple,https://austads.com/pages/omaha-west-maple-store,Foresight,400,400,ustads.com/pages/shipping-information) [HOT DEAL ALERT! Drivers Under $400](https://austads.com/collections/driver,ok
4d5dd012-2648-4cd5-b8b0-982219af737d,golfbuddy-santa-fe-springs-ca,Golfbuddy,https://golfbuddyamerica.com/,,,,,ok
4ddad6e2-ec37-4bba-a990-9de0d5aae8fe,annandale-golf-springfield-va,Annandale GOLF,https://www.annandalegolfstore.com/,,,,,ok
4e3cc670-9bd9-43f8-a07a-344a1d4563ff,tee-it-up-midlothian-va,Tee It Up,https://teeituprva.com/,,,,,ok
4e562ef6-ac40-4ab1-bb54-696f967676cf,titleist-manchester-lane-test-facility-acushnet-ma,Titleist Manchester Lane Test Facility,https://www.titleist.com/fitting/golf-club-fitting/manchester-lane,TrackMan,58,750,://www.titleist.com/fitting/golf-club-fitting/manchester-lane) Pro V1 $58 ](https://www.titleist.com/product/pro- || //www.titleist.com/fitting/golf-club-fitting/manchester-lane) Pro V1x $58 ](https://www.titleist.com/fitting/golf || ww.titleist.com/fitting/golf-club-fitting/manchester-lane) Vokey SM11 $199 ](https://www.titleist.com/product/voke || w.titleist.com/fitting/golf-club-fitting/manchester-lane) GTS2 Driver $699 ](https://www.titleist.com/product/gts2 || itting * Hybrid & Iron Fitting * Vokey Wedge Fitting **Price:** $750 (May-Nov) | $375 (Nov-May) |[Call us](t || & Iron Fitting * Vokey Wedge Fitting **Price:** $750 (May-Nov) | $375 (Nov-May) |[Call us](tel:+1-888-262-720,ok
4e8ce8ca-22e1-4fde-a7d4-3e610ee50fc7,fairway-custom-golf-fishers-in,Fairway Custom GOLF,https://www.fairwaycustomgolf.co/,TrackMan,50,100,"## **$100 Fittings****Name Your Price Full Golf S || bfitters) At Fairway Custom Golf, Your Fitting Is Only **$_100_** AND $50 Of Your Fitting Fee Applies To Your Nex",ok
4f3a1f8c-e908-4559-a106-6b5eb3bfe367,the-golf-house-of-maple-park-maple-park-il,The GOLF House Of Maple Park,https://www.thegolfhouseofmaplepark.com/,,,,,failed
4f5b5300-07a2-4a20-953c-e4d59c7da3dd,imperial-golf-of-parkville-kansas-city-mo,Imperial GOLF Of Parkville,https://www.imperialgolfkc.com/,,,,,ok
4f760d58-6b67-45ab-8fde-e58fc98f5b8d,sittler-golf-sinking-spring-pa,Sittler GOLF,https://www.sittlergolf.com/,,,,,ok
4f91fa2a-ff8b-4ddc-a657-a31b4a8f3417,next-round-golf-richmond-va,Next Round GOLF,https://nextroundgolf.com/,,,,,ok
500e6c39-84d3-457c-8406-f0efd603f27f,ski-rack-sports-bangor-me,Ski Rack Sports,https://skiracksports.com/,,,,,ok
50a57ec5-3a50-450d-85e1-b7210d157ee7,oh-golf-carts-sunbury-oh,Oh GOLF Carts,https://www.ohgolfcarts.com/,,,,,ok
50f671b3-896c-43f4-9920-1f7c61fe07c3,the-golf-bench-orlando-fl,The GOLF Bench,https://www.thegolfbench.com/,,,,,ok
514cce3e-4144-49e5-82d1-e3e08c6ddafd,your-golf-superstore-montgomery-al,Your GOLF Superstore,https://yourgolfsuperstore.com/,,,,,failed
5197db91-be47-4b14-9630-bb35999632c6,chelsea-piers-golf-club-new-york-ny,Chelsea Piers GOLF Club,https://www.chelseapiers.com/golfclub-chelsea,Full Swing,,,,ok
51de0658-295d-41b6-8aa3-8a7ea7258b01,jordan-young-golf-ypsilanti-mi,Jordan Young GOLF,https://www.jordanyounggolf.com/,,,,,ok
51de326a-53f5-4ab7-a4db-58623fd9dbb1,the-golf-connection-lafayette-la,The GOLF Connection,https://www.golfconnectionlouisiana.com/,,,,,ok
51f06e28-8f4e-4342-8b8b-a0c354f13b90,brent-smith-golf-scottsdale-az,Brent Smith GOLF,https://brentsmithgolf.com/,,,,,ok
526d6ef7-fac9-4d55-8047-ecc2f48298b1,golf-car-specialties-pottstown-pa,GOLF Car Specialties,https://www.golfcarspecialties.com/,,,,,ok
52914de8-4f95-40fb-93b6-af7facf5f6bd,northshore-golf-range-north-little-rock-ar,Northshore GOLF Range,https://www.northshoregolfrange.com/,,,,,ok
5292a027-56eb-466f-9da4-4e12e86bbe40,flagler-golf-academy-warminster-pa,Flagler GOLF Academy,https://flaglergolfacademy.com/,,,,,failed
52cea323-4ef1-4fc9-9b19-169b5d8a9849,leighton-smith-golf-colorado-springs-co,Leighton Smith GOLF,https://www.leightonsmithgolf.com/,TrackMan,,,,ok
53299376-ba55-4ae1-b1bf-84c1f6bfc8dd,sp-golf-lonsdale-ar,S&p GOLF,https://www.snpgolf.com/,,,,,ok
532b9ee0-5155-47f4-8317-ac84b531a401,jessyjames-golf-altamonte-springs-fl,Jessyjames GOLF,https://www.jessyjamesgolf.com/,,,,,ok
5368d2dc-23cd-44e2-b293-5b370ccbc3d0,newport-indoor-golf-portsmouth-ri,Newport Indoor GOLF,https://www.newportindoorgolf.com/,TrackMan,,,,ok
538832af-1561-4b0c-accf-b919befc2e49,pxg-east-bay-dublin-ca,PXG East Bay,https://www.pxg.com/pages/golf-stores/pxg-east-bay,TrackMan,,,,ok
53c2fcf5-c68e-4bdc-a0f3-1f015b643031,swing-space-golf-columbus-oh,Swing Space GOLF,https://swingspace.com/,TrackMan,,,,ok
53c98ff5-b02d-45ff-93d0-4bd195c56263,divots-inc-sanford-nc,"Divots, Inc.",https://divotssand.com/index.php/about-us/,,,,,ok
549cf433-61d6-4cbe-92f1-0e67bcc4cf00,golf-ski-warehouse-hudson-nh,GOLF & Ski Warehouse,https://stores.worldwidegolfshops.com/nh/hudson/golf-ski-warehouse-hud.html,SAM PuttLab | TrackMan,,,,ok
54a3565b-bfb3-4f69-a779-1d56ed090f4b,golfdom-rockville-md,Golfdom,https://stores.worldwidegolfshops.com/md/rockville/golfdom-rkv.html,,,,,failed
54c29dd0-a2ae-4f0f-a620-1e721da14e24,spr-golf-fairfield-ct,Spr GOLF,https://sprgolf.com/,,,,,ok
550c1100-1ba9-4900-bf3c-2aa3589ffed3,sellingers-power-golf-roanoke-tx,Sellinger's Power GOLF,https://www.sellingerspowergolf.com/,,,,,ok
551e7260-abd6-49ee-9033-c8e180c56da8,fit-to-a-tee-golf-tennis-pickleball-harrison-oh,"Fit To A Tee: Golf, Tennis & Pickleball",https://www.fittoateeshop.com/,,,,,ok
553e8d4d-f3c8-4854-9ccd-b57d004599e0,operation-36-hq-golf-academy-pete-dye-river-course-radford-va,Operation 36 Hq GOLF Academy - Pete Dye River Course,https://igrowgolf.com/,,,,,ok
55a135e4-8419-4f73-9893-af606149d4a0,grips-golf-club-repair-llc-springfield-mo,Grips GOLF & Club Repair LLC,https://www.gripsgolf.com/,,,,,ok
55d0997a-0518-4ec1-a09a-b49c36581a7c,pxg-westchester-new-rochelle-ny,PXG Westchester,https://www.pxg.com/pages/golf-stores/pxg-westchester,TrackMan,,,,ok
56cb1ff8-5c09-4b9c-a2c5-17aa55362977,tom-irwin-inc-burlington-ma,Tom Irwin INC,https://tomirwin.com/,,,,,ok
57089e88-f1bd-4b37-a167-e7e5f01770fa,indoor-golf-club-fort-washington-pa,Indoor GOLF Club,https://indoorgolfclub.com/,,,,,ok
5740f291-2d1d-4e56-925d-3e347d4a6fef,get-a-grip-golf-kansas-city-mo,Get-a-grip GOLF,https://app.jotform.com/get_a_grip/get-a-grip-golf-,,,,,failed
5742a812-d7f8-4c86-b27f-fe9d80e1270c,flynt-lincoln-golf-springfield-ma,Flynt Lincoln GOLF,https://flyntlincolngolf.com/,SAM PuttLab | TrackMan,,,,ok
574d6168-0004-45d7-a4bb-22fe000bbd8b,golf-society-carlsbad-nm,GOLF Society,https://www.golfsocietynm.com/,,,,,ok
57968045-d2eb-41a8-940d-55a997e83915,united-states-naval-academy-golf-club-annapolis-md,United States Naval Academy GOLF Club,https://usnagolf.com/,,,,,ok
5852ecec-c3f0-4a72-bffd-89d7b857983c,asher-golf-retail-store-riverton-ut,Asher GOLF Retail Store,https://www.ashergolf.com/,,,,,ok
5856be23-9e09-4387-8fee-2e25b4add795,mbcustomgolf-wernersville-pa,Mbcustomgolf,https://www.mbcustomgolf.com/,,47,425,"in, shaft profile, head setup, and dispersion. | ~1–2 Hour | $175–$200 | $60 Save up to 65% | | Iron / || profile, head setup, and dispersion. | ~1–2 Hour | $175–$200 | $60 Save up to 65% | | Iron / Wedge Fi || consistency, lie angle, shaft fit, and wedge setup. | ~1–2 Hour | $225–$275 | $60 Save ≈ $160+ | | Full || stency, lie angle, shaft fit, and wedge setup. | ~1–2 Hour | $225–$275 | $60 Save ≈ $160+ | | Full Bag || ie angle, shaft fit, and wedge setup. | ~1–2 Hour | $225–$275 | $60 Save ≈ $160+ | | Full Bag Fitting || haft fit, and wedge setup. | ~1–2 Hour | $225–$275 | $60 Save ≈ $160+ | | Full Bag Fitting Evaluate you",ok
58682a96-e175-498d-9eb3-7cbe5a39f63c,hot-z-golf-suffolk-va,Hot-z GOLF,https://hotzgolf.com/,,,,,ok
586abc52-7a3e-4379-8c74-3d683df99d59,golf-4-less-estero-fl,GOLF 4 Less,https://www.golf4lessoutlets.com/store-locations/,,,,,failed
58c0227a-5a7f-435d-801b-c6fefc312531,edge-golf-edgewater-nj,Edge GOLF,https://www.edgegolf.com/,,,,,ok
590c18c2-25f9-45a0-96b7-de2d9201d5a8,turtle-cove-golf-center-bronx-ny,Turtle Cove GOLF Center,https://turtlecovegolfcenter.com/,,,,,ok
592dea55-815d-4308-9faa-68af30936eff,eazy-day-golf-vintage-oklahoma-city-ok,Eazy Day GOLF & Vintage,https://swingeazygolf.com/,,,,,ok
5941b15d-9f82-450d-a669-bd4abf3bd46f,pinemeadow-golf-lake-oswego-or,Pinemeadow GOLF,https://www.pinemeadowgolf.com/,,,,,ok
5a47aa68-da0a-4c78-9889-d1260879c9c0,dv-golfakron-golf-clubs-akron-oh,Dv Golf/akron GOLF Clubs,https://www.dvgolf.com/,,300,300,"BS, OLD PUTTERS, _INCLUDING MY PERSONAL 60 YEAR PUTTER COLLECTION!_($300.00 for all!) STORE FIXTURES, SIGNS, SHOP",ok
5a860ae8-cb3b-4625-88da-f765d0529716,golf-spot-29-warrenton-va,GOLF Spot 29,https://golfspot29.com/,TrackMan,,,,ok
5a8dcc5d-8ea1-47bb-b5be-3a0aaacd2406,mcgolf-dedham-ma,Mcgolf,https://www.mcgolfonline.com/,Full Swing,,,,ok
5adc0d63-1877-4ab2-82da-47257e779bfe,the-tennis-golf-company-royal-oak-mi,The Tennis & GOLF Company,https://tennisracquets.com/,,,,,ok
5b2eea25-a689-445d-82d6-9b431d1316c2,bob-uebelhor-golf-indianapolis-in,Bob Uebelhor GOLF,https://agcpgolf.com/bob-uebelhor/,,,,,ok
5ba691b5-a560-4b59-85b6-d04f3290704f,franklin-bridge-performance-institute-franklin-tn,Franklin Bridge Performance Institute,https://www.fbpigolf.com/,TrackMan,,,,ok
5c17345b-6399-432f-a178-4665d62dc21a,pxg-minneapolis-edina-mn,PXG Minneapolis,https://www.pxg.com/pages/golf-stores/pxg-minneapolis,TrackMan,,,,ok
5c25ac69-3d26-4067-8ec7-1fb61ec91f3c,aeropines-golf-club-virginia-beach-va,Aeropines GOLF Club,https://www.navymwroceanadamneck.com/programs/f604e1bc-2b2e-4237-8321-cf5ef95ac3f7,,,,,ok
5c3a0b26-97a1-417b-859e-720dd60dce67,the-golfer-dude-llc-lexington-ky,The Golfer Dude LLC,https://thegolferdude.com/,,,,,ok
5c7226da-ae32-46db-a26a-dc585d5bb2ac,the-golf-practice-lisle-il,The GOLF Practice,https://thegolfpractice.com/,TrackMan,,,,ok
5cc6f4cf-a447-49a8-a92c-26971c9e8a15,music-city-golf-nashville-tn,Music City GOLF,https://www.musiccitygolf.com/,,,,,ok
5d905603-bf91-4062-82f4-69e074c29d51,pxg-boston-framingham-ma,PXG Boston,https://www.pxg.com/pages/golf-stores/pxg-boston,TrackMan,,,,ok
5da03507-294c-4cff-9525-985234101f18,trevino-golf-institute-reno-nv,Trevino GOLF Institute,https://www.trevinogolfinstitute.com/,,,,,failed
5dec2b56-4bf9-445d-b8ab-552d988347fb,mac-legends-golf-center-okemos-mi,Mac Legends GOLF Center,https://www.maclegends.com/,TrackMan,,,,ok
5dfab806-17f8-4077-8814-778e1dffccc0,profectus-golf-nashville-tn,Profectus GOLF,https://www.profectusgolf.com/,,,,,ok
5e19ec6a-b123-4249-b067-d86466dba05d,golf-mission-association-clifton-nj,GOLF Mission Association,https://www.golfmission.com/,,,,,failed
5ec7848a-b804-4e5a-b657-e10b0dbade93,john-moldovan-professional-instruction-custom-clubs-and-repair-uniontown-oh,John Moldovan Professional Instruction Custom Clubs And Repair,https://www.johnsgolfshop.com/,,,,,ok
5f8b9148-1376-4659-bca9-d91610dbce93,oak-hills-mens-golf-association-norwalk-ct,Oak Hills Men's GOLF Association,https://www.oakhillsgc.com/organizations,,,,,ok
5f973f23-06bb-49cb-9008-62018e69df22,r-j-shepherd-golf-co-whitman-ma,R J Shepherd GOLF Co,https://rjshepherd.com/,,,,,ok
5f99f19d-6668-4224-bfcd-aa703b46efeb,da-golflab-sun-city-west-az,Da Golflab,https://dagolflab.com/,,,,,failed
5fa4f0b9-12f2-4daf-9ec1-059303da66a0,kowality-golf-superior-township-mi,Kowality GOLF,https://www.kowalitygolf.com/,,,,,ok
5fb49eaa-ddf8-490d-a00d-1cd86d2f5982,chelsea-pacifica-boutique-battle-lake-mn,Chelsea Pacifica Boutique,https://www.chelseapacifica.com/,,,,,ok
5ff85957-5dec-4e3f-a452-df62628c57d6,bailey-izett-inc-ardmore-pa,Bailey & Izett INC,https://www.izettgolf.com/,,,,,ok
603282d5-488a-42e8-8b9b-3c347b09435d,pro-shop-at-severna-park-golf-center-arnold-md,PRO Shop At Severna Park GOLF Center,https://www.severnaparkgolf.com/pro-shop/,,,,,ok
60372f7a-4f1f-4ea8-89df-dc35aca78455,kinleys-golf-sales-des-moines-ia,Kinley's GOLF Sales,https://www.kinleysgolfsales.com/,,,,,ok
604fa363-0e7b-4793-94d9-49c040ead6fe,matt-lindberg-golf-waukesha-wi,Matt Lindberg GOLF,https://mattlindberggolf.com/,,,,,failed
60877a32-12eb-4af9-b9e8-638eff68c385,sellingers-golf-shop-spring-tx,Sellinger's GOLF Shop,https://saulsellingersgolfshop.com/,,50,70,"ft Irons & Putters Restore feel and performance with a new shaft. ### $50 & up ### Reshaft Drivers, Woods & Hybri || & Hybrids Upgrade or replace shafts for distance and consistency. ### $70 & up ### Install / Switch Out Tip Adapt",ok
609cd4df-b25f-4fd2-8922-6467b1f517d8,matt-reed-golf-instruction-birdsboro-pa,Matt Reed GOLF Instruction,https://www.facebook.com/mattreedgolf/,,,,,failed
60dd4058-6729-48f6-8597-8a8fe82b3c71,golf-more-northvale-nj,GOLF & More,https://www.golfnmoreusa.com/,,,,,ok
60ddc3a7-c8a2-4ba7-be20-3a7e41420ecb,franklin-bridge-golf-club-franklin-tn,Franklin Bridge GOLF Club,https://www.franklinbridgegolf.com/,,,,,failed
60eb7db6-323a-4d0c-8868-aaac5c1c2d11,pacific-golf-clubs-riverside-ca,Pacific GOLF Clubs,https://pacificgolfclubs.com/,,199,220,"olf Bag 9.5 inch 14-Way Friendly Separator Top with Putter Sleeve * $220.99 * $199.95 ## THE CUSTOM SHOP In 199 || inch 14-Way Friendly Separator Top with Putter Sleeve * $220.99 * $199.95 ## THE CUSTOM SHOP In 1999, Pacific G",ok
60f7c7e3-0c17-4cd1-9595-54e007435d69,core-golf-performance-lab-franklin-lakes-nj,Core GOLF Performance Lab,https://coregolfperformance.com/,,,,,failed
614a2129-76cd-4f52-892b-435db7db1450,swing-fit-golf-club-blue-ash-oh,Swing Fit GOLF Club,https://swingfitgolfclub.com/,TrackMan,100,100,essons * 10% Off Events * Optional $50 TPI Golf Fitness Analysis *$100 value* Play Better Membership * UNL || ff Facilities and Events * Complimentary TPI Golf Fitness Analysis *$100 value* Play Elite Membership * UNLI || ff Facilities and Events * Complimentary TPI Golf Fitness Analysis *$100 value* * Mental and physical conditio,ok
61b2c7d8-64b3-4ae8-a341-0ddd6b20bf3e,millersville-golf-shop-millersville-md,Millersville GOLF Shop,https://www.powerstik.com/,,,,,ok
6248f19f-5f3d-4921-9b69-eacf109f1a20,plaza-golf-torrance-ca,Plaza Golf,https://www.plazagolfonline.com/clubfittings,TrackMan,50,250,"_avif,quality_auto/driverrct_edited_edited.jpg) ## MASTER FITTER ## $150 ![](https://static.wixstatic.com/media/ || quality_auto/IMG_1466_edited_edited_edited.jpg) ## MASTER FITTER ## $150 ![](https://static.wixstatic.com/media/ || quality_auto/IMG_1473_edited_edited_edited.jpg) ## MASTER FITTER ## $250 ![](https://static.wixstatic.com/media/ || 0_0.01,enc_avif,quality_auto/LBTEST_edited.jpg) ## MASTER FITTER ## $100 ![](https://static.wixstatic.com/media/ || o/Plaza%20Golf%20Edited%20Photos-12_edited.jpg) ## MASTER FITTER ## $100 ## MASTER FITTER MASTER FITTERMASTER FI || 791_edited_edited_edited_edited.jpg) ## DRIVERS ## STAFF FITTING ## $100 ![](https://static.wixstatic.com/media/",ok
624ccd27-a084-42f5-8c4e-ca14c0597d59,dynamic-golf-tucson-at-project-par-performance-studio-tucson-az,Dynamic GOLF Tucson At Project Par Performance Studio,https://www.dynamicgolftucson.com/,GCQuad | SAM PuttLab,,,,ok
62a54d6c-ad7d-4ab1-aaba-f5f4a3378c21,your-golf-shop-inc-port-charlotte-fl,Your GOLF Shop INC,https://www.yourgolfshopfl.com/,Foresight,,,,ok
633133e6-82e8-4f39-a405-d9a5b9767eae,regrip-golf-shop-aiea-hi,Regrip GOLF Shop,https://fujikuragolf.com/store/regrip-golf-shop,,,,,ok
633aca7a-bccc-4035-807c-86039ba4e839,mulligans-golf-center-harrisonburg-va,Mulligan's GOLF Center,https://www.mulligans-golf.com/,,,,,ok
63536cfd-e0a7-44ed-8fc1-158247f57da6,mistwood-golf-dome-bolingbrook-il,Mistwood GOLF Dome,https://www.mistwoodgolfdome.com/,,,,,ok
6399ef44-531d-49c0-89c6-75a47b2e3ba6,golfers-warehouse-hartford-ct,Golfers' Warehouse,https://stores.worldwidegolfshops.com/ct/hartford/golfers-warehouse-hfd.html,,,,,ok
63b58b43-e322-4ea1-b38b-af79e369eeba,twin-pines-driving-range-and-fitting-center-epping-nh,Twin Pines Driving Range And Fitting Center,https://www.twinpinesgolf.com/,,,,,failed
63e6ad05-29da-4311-ae93-a9c83764c07c,the-golf-depot-gahanna-oh,The GOLF Depot,https://www.facebook.com/GolfDepot/,,,,,failed
64211bf2-fadd-4b67-b287-962dc5a0d193,pxg-charlotte-charlotte-nc,PXG Charlotte,https://www.pxg.com/pages/golf-stores/pxg-charlotte,TrackMan,,,,ok
647ac2d5-b92a-4db9-9b4c-99d6f9d39cce,replay-sports-gear-mckinney-tx,Replay Sports Gear,https://replaysportsgear.com/,,,,,ok
64b11b1f-69aa-4a07-985e-8866d5e813f7,cupp-golf-academy-alpharetta-ga,Cupp GOLF Academy,https://www.cuppgolfacademy.com/,SAM PuttLab | TrackMan,,,,ok
64fc92a2-6893-4157-810c-74a3c6ae17ec,uinta-golf-st-george-ut,Uinta GOLF,https://stores.worldwidegolfshops.com/ut/stgeorge/uinta-golf-stg.html,,,,,failed
6503a19e-9675-45e6-b81a-71fad9f09705,sanford-international-sioux-falls-sd,Sanford International,https://sanfordinternational.com/,,,,,ok
65363ff1-8fb6-40d0-bdaa-da32eb489e74,golf-tech-plano-tx,GOLF Tech,https://www.golftechplano.com/,FlightScope | TrackMan,,,,ok
656bb112-11db-41ad-b716-db7fbee6131a,brad-claytons-puzzleduck-golf-durham-nc,Brad Clayton's Puzzleduck GOLF,https://puzzleduckgolf.com/,,,,,ok
659cf8be-9cdb-4233-9291-2a03f1f656c4,golf-griffin-cedar-falls-ia,GOLF Griffin,https://golfgriffin.com/,,,,,ok
668ee1d0-4881-4d64-bdb0-ae3f1b59976e,albatross-indoor-golf-club-grand-forks-nd,Albatross Indoor GOLF Club,https://albatrossgf.com/,,,,,ok
66a79d7a-116e-47ec-a2ad-4ee36e2d7d36,go-golf-cherry-hill-township-nj,Go GOLF,https://gogolfsj.com/,,,,,ok
66bd3cb4-e5ba-4096-8085-aaa8c080dcdb,austads-golf-fargo-fargo-nd,Austad's GOLF - Fargo,https://austads.com/pages/fargo-store,Foresight,400,400,ustads.com/pages/shipping-information) [HOT DEAL ALERT! Drivers Under $400](https://austads.com/collections/driver,ok
66cdbf22-5cb6-41b3-a6a1-f19224c05df4,the-golf-shop-napoleon-oh,The GOLF Shop,https://thegolfshopnow.com/,,,,,failed
66f10f48-3fb4-426b-93c2-1c6137215763,we-buy-golf-chattanooga-tn,"""we Buy Golf""",https://www.mikesgolfshop.com/,,,,,ok
67127f5b-9773-4c64-be0e-4c208847771d,pxg-seattle-bellevue-wa,PXG Seattle,https://www.pxg.com/pages/golf-stores/pxg-seattle,TrackMan,,,,ok
6787950e-1b22-4045-a0e6-ee59b94c6d78,chicago-bills-golf-hanover-park-il,Chicago Bill's GOLF,https://chicagobillsgolf.com/,,,,,ok
67cffd0c-a3d6-4952-b769-98b621293cd5,red-rooster-golf-usa-holly-springs-nc,Red Rooster GOLF USA,https://redroostergolf.com/,,,,,ok
6817bae7-2275-41e7-b4a8-9e1c3b477e5b,citygolf-boston-boston-ma,Citygolf Boston,https://citygolfboston.com/,TrackMan,,,,ok
687f563f-ad23-4452-9996-2d88244cd7af,mikes-honest-golf-palm-beach-gardens-fl,Mike's Honest GOLF,https://mikeshonestgolf.com/,TrackMan,,,,ok
68b40adf-d190-49f1-b31d-40d6b820c38d,golfroots-farmers-branch-tx,Golfroots,https://www.golfroots.com/,,,,,ok
68bea7b9-1e18-4fc5-b8a8-a396cfd2e6c2,carlsbad-golf-center-carlsbad-ca,Carlsbad GOLF Center,https://www.carlsbadgolfcenter.com/,,,,,ok
68caf1b5-a2d4-4c93-9873-223171854958,the-back-nine-golf-wilmington-de,The Back Nine GOLF,https://thebackninegolf.com/wilmingtonde/,,,,,ok
68f676e7-4e84-4c39-aea4-6caf724993e0,strictly-golf-oklahoma-city-ok,Strictly GOLF,https://strictly-used-golf.poi.place/,,,,,ok
6917d770-e43b-4760-bca8-ed8f44739eab,musselmans-golf-williamsport-pa,Musselman's GOLF,https://www.musselmansgolf.com/,,,,,ok
696881f6-eedf-4a5d-9d53-86b090dbb6f5,flat-rock-golf-flat-rock-nc,Flat Rock GOLF,https://www.flatrockgolf.com/,,,,,ok
69ac42f7-6784-4773-93dd-6a8abfbdc4f7,champagnes-golf-club-repair-scarborough-me,Champagne's GOLF Club Repair,https://www.champagnesgolfclubrepair.com/,,,,,ok
69e784e1-040a-4ed4-ad35-af1245437bc7,chris-cotes-golf-shop-portland-ct,Chris Cote's GOLF Shop,https://www.chriscotegolf.com/,TrackMan,,,,ok
69e8a823-cb21-43fe-a0a9-67e501636f91,golf-influence-garden-city-id,GOLF Influence,https://www.golfinfluence.com/,,,,,ok
69f1c01d-341d-4eb0-aa3b-9bdffffcba8d,flyaway-sim-golf-henderson-nv,Flyaway Sim GOLF,https://www.flyawaysimgolf.com/,TrackMan,,,,ok
6a01b497-3e00-43ec-819b-90f6b50944f2,x-golf-commack-commack-ny,X-golf Commack,https://playxgolf.com/locations/commack,,,,,failed
6a18d2c8-7c1d-41e6-85e5-6b5ce018220a,florida-custom-golf-palm-city-fl,Florida Custom GOLF,https://www.floridacustomgolf.com/,,,,,ok
6a3cc8af-1870-45d9-a09f-f023cce80c9d,the-first-tee-driving-range-st-louis-mo,The First Tee Driving Range,https://thefirstteerange.com/,,,,,ok
6a420f80-09b1-48a2-b2f8-47a6f56cb437,thegolfvaultshop-san-juan-capistrano-ca,Thegolfvault.shop,https://thegolfvault.shop/,,,,,ok
6a46b64b-82b5-4a78-a6ff-a397c6754187,nc-golf-panel-greensboro-nc,Nc GOLF Panel,https://www.ncgolfpanel.com/,,,,,ok
6a89257c-f98c-48d7-b9bf-99c0ddb20f6f,tgw-the-golf-warehouse-wichita-ks,Tgw - The GOLF Warehouse,https://www.tgw.com/,,50,50,"-deals/-/dG9kYXlzX2RlYWxzPUFsbCtEZWFscw==?k=ai-dual ""Ai-DUAL"") ## Get $50 off Ai-DUAL Putters Upgrade your setup",ok
6a8ee758-6ed8-4a8c-9a4d-fe91c42e5fe5,the-forge-club-canton-ga,The Forge Club,https://theforgeclub.net/,,,,,ok
6ad3ab7c-cce0-4d6a-91b9-2a14743bc3aa,sportstop-inc-little-rock-ar,Sportstop INC,https://sportstopinc.com/,,,,,ok
6afb521d-5385-447f-8fa4-63eb51639b5b,artisan-golf-fort-worth-tx,Artisan GOLF,https://www.artisangolftx.com/,,,,,ok
6b2bd22c-3580-4332-ae75-dbf1c3ef2681,legacy-golf-performance-center-phoenix-az,Legacy GOLF Performance Center,https://www.legacygolfperformancecenter.com/,,,,,ok
6b4fd023-4865-45d7-88d7-3d8f9c2e3f78,above-par-golf-entertainment-leonardtown-md,Above Par GOLF & Entertainment,https://www.abovepar.golf/,,,,,ok
6b67a4e9-9550-4066-ab5e-96878f348736,inhome-golf-west-chicago-il,Inhome GOLF,https://inhomegolf.com/contact/new-jersey/,,,,,ok
6b77f976-106b-4288-b0b4-368aa3efd483,golf-swing-solutions-league-city-tx,GOLF Swing Solutions,https://www.golfswingsolutionstx.com/,,,,,ok
6b9db047-748c-4585-9d9d-bcb695767b84,england-golf-and-powersports-searcy-ar,England GOLF And Powersports,https://www.smith-golf.com/,,,,,ok
6bf80cfa-32f8-418f-932f-069f41bf9365,the-tee-box-billings-mt,The Tee Box,https://theteeboxmt.com/,,40,40,m/biz/the-tee-box-billings) ![](https://theteeboxmt.com/) ### Fitting $40.00 ![https://www.paypalobjects.com/webstat,ok
6c083299-1481-4467-8626-8b7372ec9ed8,top-shelf-golf-south-portland-me,Top Shelf GOLF,https://topshelfgolf.com/,Full Swing | GC3 | GCQuad | Mevo | SkyTrak,,,,ok
6c1a5489-ca43-4414-bead-a34dbeafa096,golf-lessons-boston-boston-ma,GOLF Lessons Boston,https://www.golflessonsboston.com/,,,,,ok
6c48da35-d04b-48f2-8ea2-eaf52008e2ac,sandbaggers-golf-shop-pembroke-ma,Sandbaggers Golf Shop,https://sandbaggersgolfrange.com/,,,,,ok
6c709510-4132-4d66-a168-a69a2b83f5c1,malbon-golf-carmel-carmel-by-the-sea-ca,Malbon GOLF Carmel,https://malbongolf.com/,,128,128,es/M-10070-TIN-1.png?v=1782325666&width=2048) ### MARIEL DRIVER COVER $128.00 [View Item](https://malbon.com/product || DED TO BAG * * * Color: GREEN TINT [ NEW ARRIVAL MARIEL DRIVER COVER $128.00 ](https://malbon.com/products/mariel-d,ok
6cf23ecc-be5c-45ed-88c9-c49371be9912,traverse-city-golf-performance-center-traverse-city-mi,Traverse City GOLF Performance Center,https://www.tcgolfperformance.com/,TrackMan,,,,ok
6d15a169-74e9-41d6-8f28-c2cfc9716e88,par-golf-premier-fitting-pro-shop-dublin-oh,Par GOLF Premier Fitting & PRO Shop,https://www.pargolfproshop.com/,,,,,ok
6d3195db-f0b6-487d-bc86-d8d259abcf47,golf-performance-academy-portage-mi,GOLF Performance Academy,https://www.golfperformanceacademy.com/,FlightScope | Foresight,,,,ok
6d77a200-73f4-45e4-a926-bbc6420d8517,pga-tour-reno-nv,PGA Tour,https://www.pgatour.com/,,,,,ok
6d7cf6ed-c957-4d4e-a029-c4fe993de72f,jenkins-motorsports-avon-park-avon-park-fl,Jenkins Motorsports Avon Park,https://www.jenkinsmotorsports.com/Shop-Our-Inventory/Avon-Park,,,,,ok
6dc9776b-75fe-494a-be85-717a37b0ce79,byrdie-golf-englewood-co,Byrdie GOLF,https://byrdiegolfco.com/,,,,,ok
6e3af96f-9451-4d48-a483-edcff9144453,shanks-golf-apparel-bowie-md,Shanks GOLF Apparel,https://www.shanksgolfapparel.com/,,,,,ok
6e43359d-7565-459a-b76a-61ce6ed37c4a,embers-golf-westminster-co,Embers GOLF,https://www.embersgolf.com/,,,,,ok
6e69b3ec-6279-4166-8834-024d2bcf54b6,jordan-gibbs-golf-salt-lake-city-ut,Jordan Gibbs GOLF,https://www.jordangibbsgolf.com/,TrackMan,,,,ok
6e8f4415-537d-4045-926f-2aad9fb783d2,phila-cricket-club-golf-shop-flourtown-pa,Phila Cricket Club GOLF Shop,https://www.philacricket.com/,,,,,ok
6ee4bd48-228c-49a5-a27b-20f019d018bc,beech-mountain-golf-shop-beech-mountain-nc,Beech Mountain GOLF Shop,https://beechmtn.club/the-course/,,,,,ok
6f0ac39d-6584-4550-a4dd-86259b2e1df5,all-seasons-golf-golden-valley-mn,All Seasons GOLF,https://allseasonsgolf.com/,Foresight,60,60,or that are fun for the entire family. Whether your budget is $15k or $60k (or more) we will get you fitted with,ok
6f38ec12-24fa-4c4c-9e09-ca4084d81242,addicted-to-golf-yorktown-va,Addicted To GOLF,https://addictedtogolf.com/locations/yorktown,SkyTrak,,,,ok
6f43545d-4072-4303-ac5b-fc7ebe47c769,fellinger-custom-golf-orange-park-fl,Fellinger Custom GOLF,https://fellingercustomgolf.com/,TrackMan,,,,ok
6f64bbba-a64f-4753-a288-f4a47e8d03c8,elevation-golf-indianapolis-carmel-in,Elevation GOLF Indianapolis,https://www.elevationus.com/,,,,,ok
6f68ba11-bdb7-45de-ae64-43c353fd8b9c,alaska-sim-72-golf-anchorage-ak,Alaska Sim 72 GOLF,https://alaskasim72.com/,,,,,ok
6f90d89f-c5ff-487f-939d-bd2e0fbbfd1a,x-golf-richmond-midlothian-va,X-golf Richmond,https://www.xgolfrichmond.com/,,,,,ok
6fe86eb3-e6cd-45a5-bc17-a11c719fb589,ccc-golf-usa-llc-lebanon-tn,"Ccc GOLF Usa, LLC",https://www.cccgolfusa.com/,,,,,ok
6fec75e6-dea7-4daa-9fd4-ff69d4f5462d,pxg-dallas-plano-tx,PXG Dallas,https://www.pxg.com/pages/golf-stores/pxg-dallas,TrackMan,,,,ok
70463af4-5826-46d5-80b6-bec107826776,foxy-golf-center-akron-oh,Foxy GOLF Center,https://www.foxygolfinc.com/,,,,,ok
70efa1a0-0264-45af-94ca-4874a3bc67ae,perfect-hands-golf-lenexa-ks,Perfect Hands GOLF,https://www.perfecthandsgolf.com/,,,,,ok
70f32351-4d66-4d97-b1eb-1f613849bbc8,austads-golf-sioux-city-sioux-city-ia,Austad's GOLF Sioux City,https://austads.com/pages/sioux-city-store,Foresight,400,400,ustads.com/pages/shipping-information) [HOT DEAL ALERT! Drivers Under $400](https://austads.com/collections/driver,ok
70fb53f7-cb29-40b2-9518-63e8803c8020,mat-blairs-golf-studio-la-porte-in,Mat Blair's GOLF Studio,https://matblairgolfstudio.com/,,,,,ok
712f9d43-0773-490b-b820-79e829d95d57,peak-performance-golf-academy-sellersville-pa,Peak Performance GOLF Academy,https://www.peakperformancegolfacademy.com/,,,,,ok
717f4904-a17d-49b7-aa2c-93a5f4d328b0,mike-nagy-golf-instruction-madison-wi,Mike Nagy GOLF Instruction,https://mikenagygolf.com/,,,,,failed
71895e1d-134d-4059-b965-856905d9f011,akers-discount-golf-murrells-inlet-sc,Akers Discount GOLF,https://akersdiscountgolf.com/,,,,,ok
718f118d-ca52-47d1-9388-957ea9a90f69,merrifield-golf-store-fairfax-va,Merrifield GOLF Store,https://merrifieldgolf.com/,,,,,ok
7190b0f9-b1ca-45ca-92fa-a6244c66ea45,memphis-golf-memphis-tn,Memphis GOLF,https://memphisgolfshop.com/,,,,,ok
7252009a-f080-4bc5-86e5-49ff6662fd52,austads-golf-saint-cloud-st-cloud-mn,Austad's GOLF Saint Cloud,https://austads.com/saint-cloud-store,Foresight,400,400,ustads.com/pages/shipping-information) [HOT DEAL ALERT! Drivers Under $400](https://austads.com/collections/driver,ok
726e3774-f8df-425d-b0a6-777e52dee7ba,clemmons-golf-greer-sc,Clemmons GOLF,https://clemmonsgolf.com/,FlightScope,,,,ok
72d82e83-3abf-4619-8686-d58213e2754e,roger-dunn-golf-hawaii-pearl-city-hi,Roger Dunn GOLF Hawaii,https://www.rdgolfhi.com/,,,,,failed
731346a0-af21-461d-ace8-b06b669b733d,trevor-parkinson-rochester-mi,Trevor Parkinson,https://www.trevorparkinson.com/,,,,,ok
7327cf9c-9662-432d-b101-6e4e5c37d100,robogolf-pro-las-vegas-nv,Robogolf PRO,https://www.robogolfprolasvegas.com/,,,,,failed
73a11068-1ebe-45e0-9f01-72db95d1ad9b,golf-alley-palm-desert-ca,GOLF Alley,https://www.golfalleypreowned.com/,,,,,ok
73d019f9-1782-4e12-a478-3880115025e4,pro-fit-pxiii-performance-club-fitting-lincoln-ne,Pro-fit Pxiii Performance Club Fitting,https://pxthree.com/,,,,,ok
7449f39b-b0dd-44b3-ae43-9e623c89456b,safari-golf-club-powell-oh,Safari GOLF Club,https://safarigolf.columbuszoo.org/,,,,,ok
74740210-6d2d-45c9-ab8d-1ffbee9adbdb,under-armour-factory-house-tanger-outlet-columbus-sunbury-oh,Under Armour Factory House - Tanger Outlet Columbus,https://www.underarmour.com/en-us/stores/detail/UAFH-400SWRS500/,,,,,ok
7480135d-d342-40da-95c8-a6ec50e499ea,olivers-lessons-club-repairs-lancaster-mo,Oliver's Lessons & Club Repairs,https://m.facebook.com/OliversLessonsandClubRepairs,,,,,failed
74b6db49-67a3-4271-b15e-ce8f5410b1ad,nextgen-indoor-golf-green-bay-wi,Nextgen Indoor GOLF,https://nextgengolfgb.com/,TrackMan,,,,ok
74c99103-fe02-471c-aff8-48b6fd4f409a,poe-golf-columbia-mo,Poe GOLF,https://www.poegolf.com/,,,,,ok
750e2377-7f39-494a-b4b8-24918cf62ff8,802-golf-manchester-vt,802 GOLF,https://www.802golfacademy.com/,,,,,ok
755defe2-da9d-4fb3-922f-38340024ab61,ace-of-clubs-saugus-ma,Ace Of Clubs,https://www.aceofclubstp.com/,,,,,failed
75643eb9-d672-4f0e-ae18-f80686689c7e,grand-slam-golf-academy-at-bobby-jones-golf-course-atlanta-ga,Grand Slam GOLF Academy At Bobby Jones GOLF Course,https://www.bobbyjonesgc.com/grandslamgolfacademy/,FlightScope | SAM PuttLab | TrackMan,,,,ok
75a4b15e-fb72-4668-b309-8cd6fc08b711,white-rose-golf-training-center-harrisburg-harrisburg-pa,White Rose GOLF & Training Center - Harrisburg,https://www.whiterosegolfharrisburg.com/,,,,,failed
75a7605d-7991-42b0-9164-11bd315a332c,1757-golf-club-dulles-va,1757 GOLF Club,https://www.1757golfclub.com/,,,,,ok
7651db89-be77-4109-ba5c-7ba133fbb487,carls-golfland-bloomfield-hills-mi,Carl's Golfland,https://www.carlsgolfland.com/,TrackMan,,,,ok
77274f83-83c0-4808-911d-522255fc70fc,full-circle-golf-berlin-ct,Full Circle GOLF,https://www.fullcirclegolfct.com/,,,,,ok
772e2f88-8b90-458a-8de3-d9782b921170,jess-hansen-golf-academy-independence-mo,Jess Hansen GOLF Academy,https://jesshansengolfacademy.com/,,,,,failed
7786ad9f-d52d-4b61-8ad5-a00266dc8acb,de-mane-golf-greenwich-ct,De Mane GOLF,https://www.demanegolf.com/,GCQuad,,,,ok
77c799f9-ce25-40c8-bb8e-70faebfe1267,brooks-golf-center-jonesboro-ar,Brooks GOLF Center,https://www.brooksgolfcenter.com/,,,,,failed
783ceaa2-5989-4be7-9a1d-bb2fc135df7a,rhoderunner-golf-coaching-center-las-vegas-nv,Rhoderunner GOLF Coaching Center,https://www.rhoderunnergolf.com/,,,,,ok
783e5af6-a80b-4589-8f1c-02d10ab8dffc,maple-hill-golf-grandville-mi,Maple Hill GOLF,https://maplehillgolf.com/,TrackMan,,,,ok
7865a451-5c19-4606-88f6-4a6bf68cf87c,sim-city-indoor-golf-westbrook-me,Sim-city Indoor GOLF,https://www.simcityindoorgolf.com/,,,,,ok
786b77e5-7951-48b6-b943-6cb675b156a3,your-golf-superstore-tuscaloosa-al,Your GOLF Superstore,https://yourgolfsuperstore.com/,,,,,failed
788c3897-db58-436b-8e20-d9c033d233e4,siouxland-golf-lessons-sioux-city-ia,Siouxland GOLF Lessons,https://www.siouxlandgolflessons.com/home,,,,,ok
7895a50a-3dc9-4dc0-9900-29545aa778f6,patriot-golf-owatonna-mn,Patriot GOLF,https://patriotgolf.us/,,,,,failed
78b75489-545e-4e84-be0c-65827cc3be0b,accretion-discs-cedar-falls-ia,Accretion Discs,https://www.accretiondiscs.com/,,,,,ok
78e1ca8a-cf20-4b4d-800f-97ea5717b316,jason-blonder-golf-lessons-nj-south-plainfield-nj,Jason Blonder - GOLF Lessons Nj,https://www.swingplane.biz/,Full Swing | TrackMan,,,,ok
79033d09-7308-458d-b09c-9a5211bf3b05,chris-green-golf-instruction-golf-il,Chris Green - GOLF Instruction,https://www.chrisgreen.golf/,,,,,ok
7925212b-986e-4049-8db0-281091b7d39c,peak-golf-institute-rockville-md,Peak GOLF Institute,https://peakgolfinstitute.com/rockville-md/,,,,,ok
797a7df7-48e0-4350-ac86-31f2e179aa9b,birdie-blades-monroe-nc,Birdie & Blades,https://www.birdieandblades.com/,,,,,ok
7980d5a4-dbba-4cb6-9050-0cd8205d14c0,planet-golf-miami-fl,Planet GOLF,https://planetgolfmiami.com/,,599,791,ons/2026-collection/products/callaway-elyte-irons) Regular price From $791.00 Unit price / **Unavailable** Choose o || 026-collection/products/callaway-womens-elyte-driver-1) Regular price $599.99 Unit price / **Unavailable** Choose o || lections/2026-collection/products/ping-g440-sft-driver) Regular price $619.00 Unit price / **Unavailable** Choose o || lections/2026-collection/products/ping-g440-max-driver) Regular price $619.00 Unit price / **Unavailable** Choose o || lections/2026-collection/products/ping-g440-lst-driver) Regular price $619.00 Unit price / **Unavailable** Choose o || s/2026-collection/products/ping-womens-g440-max-driver) Regular price $619.00 Unit price / **Unavailable** Choose o,ok
798190c9-e124-4f98-8cbc-68b51476ec10,golfpark-annandale-va,Golfpark,https://www.golfparkva.com/,,,,,ok
798a10cd-9ee0-4bf7-8da2-b8ead9f4c6d0,forwardgolf-lafayette-hill-pa,Forwardgolf,https://forwardgolf.com/pages/contact,,,,,ok
79907589-df3e-4761-ba3f-f983529d774c,golf-pride-pinehurst-nc,GOLF Pride,https://www.golfpride.com/,,,,,ok
7a4eaacf-cc5b-4fc6-8d13-1465ef37ca36,james-parker-golf-coaching-allen-tx,James Parker GOLF Coaching,https://ethosgolf.net/,,,,,failed
7a5af22e-22c3-470d-b686-0bc1895dbe38,powdertown-golf-keokuk-ia,Powdertown GOLF,https://www.powdertowngolf.com/,Full Swing,,,,ok
7bd79d2c-1d08-4239-8335-ef51fbdebfef,golf-md-lenexa-ks,GOLF Md,https://golf-md.com/,TrackMan,,,,ok
7c2cb5ad-6af7-4907-b98b-88c7c9d7339d,golf-pro-delivered-medford-ny,GOLF PRO Delivered,https://www.golfgpd.com/,,,,,ok
7c303add-d5dd-4a04-a6b4-9979f585a031,usa-golf-masters-el-cajon-ca,USA GOLF Masters,https://usagolfmasters.com/,,,,,ok
7c9df418-8eb7-46a7-b88e-24de34eba652,golf-garage-phoenix-or,GOLF Garage,https://www.golfgarageoregon.com/,Foresight,,,,ok
7cbb59c8-f19a-467c-97d0-9a894ba03c2c,almost-golf-wv-morgantown-wv,Almost GOLF Wv,https://www.almostgolfwv.com/,TrackMan,,,,ok
7d21804a-e5ef-469b-b662-83cd2b5a4f0e,globalgolfcom-raleigh-nc,Globalgolf.com,https://www.globalgolf.com/about/locations/,GCQuad | SAM PuttLab | TrackMan,,,,ok
7ddacdd9-0221-4efe-a6c2-fb60a3ef0bf4,lighten-golf-club-riverton-ut,Lighten GOLF Club,https://lightengolfclub.com/,,,,,ok
7de1f33c-0d6c-4c76-9aa5-2163fbce5c36,dangelo-golf-instruction-carson-city-nv,D'angelo GOLF Instruction,https://www.dangelogolf.com/,,,,,ok
7eb5f867-8f4a-4324-8acf-259b470a6f7c,isler-performance-golf-academy-southlake-tx,Isler Performance GOLF Academy,https://www.jeffislergolf.com/programs.html,TrackMan,,,,ok
7ec5d4f5-727a-439d-abe7-98d87b582eba,mike-dickson-golf-golf-top-100-instructor-clarksburg-md,Mike Dickson GOLF - GOLF Top 100 Instructor,https://mikedicksongolf.com/,,,,,ok
7f86c70f-f459-4cd9-bded-4cdef1849965,walnut-golf-club-provo-provo-ut,Walnut GOLF Club - Provo,https://walnutgolfclub.com/,TrackMan,,,,ok
7f9a94a6-cdbb-4dd6-aa8d-8febab6c675c,raincheck-golf-mentor-oh,Raincheck GOLF,https://raincheck.golf/,TrackMan,,,,ok
7fc4ee97-df70-4a5b-8d4e-6c59182dcf46,showcase-golf-coeur-dalene-id,Showcase GOLF,https://www.showcasegolf.com/contact/,,,,,ok
7ff22c78-d6e4-46c8-9fd1-d22b16a687cc,nike-factory-store-staten-island-staten-island-ny,Nike Factory Store - Staten Island,https://www.nike.com/retail/s/nike-factory-store-staten-island?cp=84620811901_seo_&y_source=1_MTI4NjE1MjQtNzE1LWxvY2F0aW9uLndlYnNpdGU=,,,,,ok
7ff40190-0424-4957-be57-da26f238d168,joe-giles-indoor-golf-newark-oh,Joe Giles Indoor GOLF,https://joegilesindoorgolf.com/,,,,,ok
80056244-fb48-4d8d-8a55-4222212597ea,pure-science-golf-feather-sound-clearwater-fl,Pure Science GOLF - Feather Sound,https://www.puresciencegolf.com/,,,,,ok
80317e0d-2393-4fe7-ab3f-79ce1b2f5348,river-vale-country-club-river-vale-nj,River Vale Country Club,https://www.rivervalecc.com/,,,,,ok
8050ccd2-d958-43c2-af31-f506542d3850,knights-play-golf-center-apex-nc,Knights Play GOLF Center,https://www.knightsplay.com/,,,,,ok
806c2109-3a85-4940-80ea-be216cd06f83,petoskey-golf-center-petoskey-mi,Petoskey GOLF Center,https://www.petoskeygolfcenter.com/,,,,,ok
807e0f32-a52e-4d5e-976d-1f3e158a63ee,on-course-golf-academy-new-durham-nh,On Course GOLF Academy,https://oncourse.golf/,,,,,ok
80a2d4e1-7bf4-4fef-b459-63f96b7f6200,swing-solutions-appleton-wi,Swing Solutions,https://www.swingsolutionsgolf.com/,,,,,ok
80e7b64d-09e4-4649-af22-3a6303c3f45a,shoot-for-par-oregon-mo,Shoot For Par,https://shootforpar.com/,,,,,failed
80edbf42-3f0b-48d6-b513-e8b6b3d0f5d4,champion-golf-fitting-repair-vancouver-wa,Champion GOLF Fitting & Repair,https://championgolffitting.com/,FlightScope,,,,ok
80fbe497-2c1a-4ee9-bda0-1febd9258ae2,mulligans-indoor-golf-plymouth-mn,Mulligan's Indoor GOLF,https://mulligansindoor.com/,,,,,ok
812af138-f53e-4264-8a60-c8db5bdc12f4,sticks-96-golf-wichita-ks,Sticks 96 GOLF,https://www.sticks96golf.com/,Foresight | Quintic,,,,ok
81baadde-e527-442f-a851-1490e36150f9,bonaventure-discount-golf-augusta-ga,Bonaventure Discount GOLF,https://www.bonaventurediscountgolf.com/,,,,,failed
81fc52ea-1233-4162-ae6d-3554c26b5a04,haas-family-golf-greenville-sc,Haas Family GOLF,https://www.haasfamilygolf.com/,,,,,ok
8214ff3f-79c8-4a0f-ba45-ddd2d4bbc8af,chicago-bills-ultimate-golf-willowbrook-il,Chicago Bill's Ultimate GOLF,https://chicagobillsgolf.com/chicago-bills-ultimate-golf-willowbrook/,,,,,ok
821e5a57-724d-4636-bfbb-55a757fd009b,jonesys-golf-shop-newport-vt,Jonesy's GOLF Shop,https://www.newportscountryclub.com/,,,,,ok
8297e864-8607-4e05-907b-675300a12f0d,150-golf-precision-fitting-instruction-covington-la,1.50 GOLF - Precision Fitting & Instruction,https://www.150golf.com/covington-la,,,,,ok
82d69c65-5aa5-4ece-b4b8-bd5179dac71f,titleist-fitting-studio-at-1757-golf-club-sterling-va,Titleist Fitting Studio At 1757 GOLF Club,https://titleist.com/locator,TrackMan,699,699,l) * [ ![GTS2 Driver](https://www.titleist.com/locator) GTS2 Driver $699 ](https://www.titleist.com/product/gts2,ok
82e84531-1149-4ef0-8820-3ea3ca51b1ef,par-golf-supply-schaumburg-il,Par GOLF Supply,https://pargolf.com/,,,,,ok
82ea4860-0c81-4744-a003-f2af56459974,first-tee-of-tennessee-chattanooga-region-chattanooga-tn,First Tee Of Tennessee - Chattanooga Region,https://firstteetennessee.org/,,,,,ok
830947d4-c46b-4d6e-982d-e43de94ea3cd,rods-golf-improvement-center-littleton-ma,Rod's GOLF Improvement Center,https://rodsindoorgolf.com/,,,,,ok
83c9e989-3533-4d45-902a-584875cebde5,austads-golf-cedar-rapids-marion-ia,Austad's GOLF - Cedar Rapids,https://austads.com/pages/cedar-rapids-store,Foresight,400,400,ustads.com/pages/shipping-information) [HOT DEAL ALERT! Drivers Under $400](https://austads.com/collections/driver,ok
83d0ce55-fbf3-40e4-b1c7-eb1b7d8d730b,the-golf-loft-hanover-pa,The GOLF Loft,https://thegolfloft.us/,TrackMan,,,,ok
83d70c26-375a-4385-95a4-32c41d80ba80,the-golf-club-deerfield-ma,The GOLF Club,https://thegolf-club.com/,,,,,ok
845cb578-80e9-4a58-ae42-b9f2ce229ed9,golfrx-mt-juliet-tn,Golfrx,https://www.golfrxtn.com/,,,,,ok
845d06e4-02c6-4bd9-af11-25afdec4aff0,wilson-flagship-soho-new-york-ny,Wilson Flagship - Soho,https://www.wilson.com/en-us/explore/sportswear/the-new-york-flagship-store,,,,,failed
84828281-a31e-4dca-bab6-6e6d81b783ad,jds-golf-garage-golf-simulators-windsor-co,Jds GOLF Garage & GOLF Simulators,https://jdsgolfgarage.com/,Foresight,,,,ok
84b8d800-3277-4f81-9736-ef4cec926781,panda-ski-and-sport-brooklyn-ny-brooklyn-ny,Panda Ski And Sport: Brooklyn Ny,https://www.pandasportdirect.com/,,,,,ok
84e2fb5e-6365-4582-a1d6-66e356fc2795,paddock-golf-bowling-green-ky,Paddock GOLF,https://paddockgolf.com/,,,,,ok
84f74016-251a-4270-beb8-f5167d31f454,seth-dichard-golf-centers-hudson-nh,Seth Dichard GOLF Centers,https://www.sethdichardgolf.com/,,,,,ok
84fd26d3-95de-48ab-8b0e-95ee29dd085b,tour-striker-golf-academy-phoenix-az,Tour Striker GOLF Academy,https://tourstrikergolfacademy.com/,,,,,ok
85162e91-dab8-4151-bfbc-9de3c3c62721,the-foreland-club-ocean-view-de,The Foreland Club,https://theforelandclub.com/,TrackMan,,,,ok
851ded07-6fe6-4108-bbb9-036344098a3b,matt-swansons-school-of-golf-custom-club-fitting-houston-tx,Matt Swanson's School Of GOLF & Custom Club Fitting,https://www.swannysgrill.com/instructors/,,,,,ok
85a84a27-f1b5-4cb3-957d-3dfb60f6bb1f,pg-golf-llc-sugar-land-tx,Pg GOLF LLC,https://www.pggolf.com/,,,,,ok
85b4421d-448c-4e25-8790-0cd1f97d796a,golf-ski-warehouse-west-lebanon-nh,GOLF & Ski Warehouse,https://stores.worldwidegolfshops.com/nh/westlebanon/golf-ski-warehouse-wle.html,,,,,ok
85fca383-949a-46b0-92e3-b9b07e8c18e1,the-golf-room-stilwell-ks,The GOLF Room,https://calendly.com/thegolfroom,,,,,failed
862a4ffd-1e13-49da-8f00-fb725c623977,willies-custom-golf-center-strasburg-oh,Willie's Custom GOLF Center,https://www.williescustomgolf.com/,,,,,ok
862c5cd3-4b41-4523-9e6b-5b965bc8e568,fox-hills-golf-coaching-center-plymouth-mi,Fox Hills GOLF Coaching Center,https://golfcoachingcenter.com/,TrackMan,,,,ok
86622a2f-f01e-489d-a30e-ff3a70fa6094,pz-golf-at-the-shank-shack-hancock-wi,Pz GOLF At The Shank Shack,https://www.pzgolf.net/,,,,,ok
86625149-d44e-4e56-bba8-81f57b0a2c1f,man-o-war-golf-learning-center-lexington-ky,Man O' War GOLF Learning Center,https://www.manowargolf.com/,,,,,ok
86ad7001-a6e5-48e0-8828-1ab8c0847c56,golfinity-austin-tx,Golfinity,https://www.golfinity.com/,GCQuad | TrackMan,,,,ok
86b26c91-50c8-4b5c-ad64-e27669083e2a,denver-golf-performance-denver-co,Denver GOLF Performance,https://www.denvergolfperformance.com/,TrackMan,,,,ok
86c1e6bd-634f-46b3-9d8f-6cdeddb1d10a,infinity-golf-alma-ar,Infinity GOLF,https://bookinfinitygolf.com/,,,,,failed
870b7255-43c4-4474-abba-1ac9ec785dbb,golf-lab-ct-fairfield-ct,GOLF Lab Ct,https://www.golflabct.com/,TrackMan,,,,ok
877fad63-0b38-44b3-adfc-2b0de530d888,uinta-golf-riverdale-ut,Uinta GOLF,https://stores.worldwidegolfshops.com/ut/riverdale/uinta-golf-rdl.html,,,,,ok
87d86d95-360d-41bf-9f65-7d177728fb5c,the-golf-guy-llc-warrenville-il,"The GOLF Guy, LLC",https://thegolfguyllc.com/,,,,,ok
886bedf1-b8a3-499a-8f2b-4823dab27fe6,gumtree-golf-nature-club-brooklyn-ny,Gumtree GOLF & Nature Club,https://www.gumtreegolfandnature.com/,,,,,ok
88700e16-94e2-4c7f-b03e-db4835902c81,art-of-flight-golf-bethlehem-pa,Art Of Flight GOLF,https://artofflightgolf.com/,TrackMan,,,,ok
894c808e-28b4-492f-960f-60f7e4d3d3d0,swing-rite-golf-center-gun-shop-lima-oh,Swing Rite GOLF Center & Gun Shop,https://www.swingritegolf.com/,TrackMan,,,,ok
897a8af2-02d0-42ef-8d47-835b6c784fbf,pxg-scottsdale-scottsdale-az,PXG Scottsdale,https://www.pxg.com/pages/golf-stores/pxg-scottsdale,TrackMan,,,,ok
89d0b8d5-9134-47a0-8305-78b9fab08613,hornungs-fond-du-lac-wi,Hornungs,https://www.hornungs.com/,,,,,ok
89d40064-603a-4d8a-b06e-25b2dfe52024,golf-unlimited-kingsport-tn,GOLF Unlimited,https://www.golfunlimitedkingsport.com/,,,,,ok
89d7b762-d562-42cd-93b2-7e4f1fb9738a,old-golf-shop-pinehurst-nc,Old GOLF Shop,https://oldgolfshop.com/,,,,,ok
89e14325-12a5-4985-ab7b-2351c55304bf,ace-pro-golf-shop-chicago-il,Ace PRO GOLF Shop,https://aceprogolfshop.com/,,80,80,0200.jpg) | | | --- | --- | | TaylorMade SIM2 Max Driver Save $80 | | | ![](https://aceprogolfshop.,ok
8a2a7672-59f9-448f-8e59-6f1471384eac,hefty-lefty-club-works-bowling-green-ky,Hefty Lefty Club Works,https://paddockgolf.com/,,,,,ok
8a421041-dde1-4383-95bb-bc677a1f7963,andy-svoboda-pga-pro-milford-ct,"Andy Svoboda, PGA PRO",https://www.andysvobodagolfinstructor.com/,,,,,ok
8a638203-500f-4345-be3f-bc997905bb4f,royal-american-links-galena-oh,Royal American Links,https://www.royalamericanlinks.com/,,,,,ok
8ae4d24c-eacd-4e84-a5cb-3558479b13be,peter-norwood-golf-instruction-englewood-co,Peter Norwood GOLF Instruction,https://www.peternorwood.com/,,,,,ok
8aff8c1a-f5f3-4301-9888-da72ec23c8d4,hat-creek-golf-course-brookneal-va,Hat Creek GOLF Course,https://www.hatcreekgolf.com/,GCQuad,,,,ok
8b040907-683d-41ea-9731-aba552aef07b,the-turn-golf-club-draper-ut,The Turn GOLF Club,https://theturngolfclub.com/,TrackMan,,,,ok
8b09c63a-645b-4b58-95d0-c51e537c2a65,kohler-swing-studio-golf-shop-kohler-wi,Kohler Swing Studio & GOLF Shop,https://www.destinationkohler.com/golf/swing-studio,,,,,ok
8b60ce2e-c809-40b2-8c79-fdac48318389,paragon-sports-new-york-ny,Paragon Sports,https://www.paragonsports.com/,,,,,ok
8b99c1ef-0e8f-45b5-959b-cd7acad53099,bad-birdie-scottsdale-az,Bad Birdie,https://badbirdiegolf.com/,,,,,ok
8bd7dd91-2123-4351-9790-8f1a23086ae5,bettinardi-studio-b-oak-brook-oak-brook-il,Bettinardi Studio B Oak Brook,https://bettinardi.com/pages/studio-b,,,,,ok
8bfc7c56-27b3-49c6-82f4-5fae1897057d,popsys-golf-center-greensburg-pa,Popsy's Golf Center,https://www.popsysgolfcenter.com,,,,,ok
8bff1585-296f-4c97-86dd-009bb7532fda,hyatt-hills-golf-complex-clark-nj,Hyatt Hills GOLF Complex,https://www.hyatthills.com/,,,,,ok
8c0e1d0c-0dc5-4e10-a309-7a20d1d978b0,mike-the-performance-golf-coach-houston-tx,Mike The Performance GOLF Coach,https://www.theperformancegolfcoach.com/,,,,,ok
8c4d9e07-c30e-43d7-a153-f2111576b839,coombs-golf-studio-melbourne-fl,Coombs GOLF Studio,https://www.321golfacademy.com/,,,,,ok
8d19671d-b21a-416a-b890-9c5471d883a4,steadfast-golf-shafts-jupiter-fl,Steadfast GOLF Shafts,https://steadfastgolf.com/,TrackMan,,,,ok
8d1cbe5c-a4c3-4b61-abb0-70cffedf3e9c,pxg-fitting-studio-palm-desert-rancho-mirage-ca,PXG Fitting Studio - Palm Desert,https://www.pxg.com/pages/golf-stores/pxg-palm-desert,TrackMan,,,,ok
8d456f68-b05c-41d8-9106-312c3783dd9c,pro-am-golf-usa-st-louis-mo,PRO AM GOLF USA,https://www.proamgolfusa.com/,,,,,ok
8da4a62c-c18e-4276-899a-be8744cd651c,the-grounds-driving-range-pro-shop-flushing-mi,The Grounds Driving Range & PRO Shop,https://thegroundsgolf.com/,TrackMan,,,,ok
8dbcb006-75d3-40b9-aa9c-f7eff068d49a,golf-central-fort-dodge-ia,GOLF Central,https://hansonsgolf.com/,,,,,failed
8dcabb8b-b87b-4a97-8e09-d496303c3a6b,the-golf-improvement-center-warner-robins-ga,The GOLF Improvement Center,https://thegolfimprovementcenter.club/,,,,,ok
8e7e1fc6-7972-4f35-ac13-b33c6409d5b0,unique-golf-west-islip-ny,Unique GOLF,https://uniquegolfshop.com/,Foresight,,,,ok
8e99f54c-ae89-4ac6-9b4f-2d8d7d319313,midwest-disc-supply-sioux-falls-sd,Midwest Disc Supply,https://www.facebook.com/MidwestDiscSupply,,,,,ok
8ee6520a-a1a3-4fa0-b96a-101f545a3fef,dd-custom-golf-mohegan-lake-ny,Dd Custom GOLF,https://ddcustomgolf.com/,TrackMan,,,,ok
8f06912b-7dcd-47d4-bd00-6777072e1b95,golf-lounge-18-fairfield-ct,GOLF Lounge 18,https://www.golflounge18.com/,,,,,failed
8f394501-3380-41f2-b2ba-2ad547ba2adb,keegan-golf-performance-studio-morris-il,Keegan GOLF Performance Studio,https://keegangolf.com/,,,,,failed
8f3b7c6c-70b2-45aa-9cd5-d1e31d53ff50,mountainside-golf-outfitters-newbury-nh,Mountainside GOLF Outfitters,https://www.mountainsidegolf.com/,,349,599,ions/featured-products/products/ai-one-cruiser-jailbird-versa-putter) $349.99 Unit price /per [Purchase In S || ollections/featured-products/products/callaway-elyte-max-fast-driver) $599.99 Unit price /per [Purchase In S || olf.com/collections/featured-products/products/callaway-elyte-driver) $599.00 Unit price /per [Purchase In S || com/collections/new-products/products/callaway-elyte-max-fast-driver) $599.99 Unit price /per [Purchase In S || sidegolf.com/collections/new-products/products/callaway-elyte-driver) $599.00 Unit price /per [Purchase In S || sidegolf.com/collections/best-sellers/products/callaway-elyte-driver) $599.00 Unit price /per [Purchase In S,ok
8f551013-6863-4762-82f0-f38a98eb9fd5,atlanta-golf-social-chamblee-ga,Atlanta GOLF & Social,https://atlantagolfandsocial.com/,TrackMan,,,,ok
8f74ba54-37d4-4343-a0c9-df7d908b73c9,legendary-golf-apparel-white-bear-lake-mn,Legendary GOLF Apparel,https://lgndy.co/,,,,,ok
8f82353c-13aa-4940-8be0-3459858d05c5,twenty-to-scratch-rogers-ar,Twenty To Scratch,https://twentytoscratch.com/,,,,,failed
8f9c8ae9-1f03-44dd-96d7-ac211a249b55,golfnxt-fargo-nd,Golfnxt,https://www.golfnxt.club/,,,,,failed
8fca252b-cf50-45bf-868e-02350bd9278e,mikes-golf-outlet-hartford-ct,Mikes GOLF Outlet,https://www.mikesgolfoutlet.com/,,,,,ok
8fdffdc4-c14f-49ca-9f6b-b0443154e341,nike-hoboken-hoboken-nj,Nike Hoboken,https://www.nike.com/retail/s/nike-well-collective-hoboken?cp=84620811901_seo_&y_source=1_NTExNjE4MzgtNzE1LWxvY2F0aW9uLndlYnNpdGU=,,,,,ok
8fe385aa-4d79-4c5e-930a-310e8ea1e599,mitchell-golf-billings-mt,Mitchell GOLF,https://www.mitchellgolfmt.com/,,,,,failed
8ff2fb03-4b74-40b6-acf9-dd9b49bcc005,eastern-shore-custom-clubs-ocean-view-de,Eastern Shore Custom Clubs,https://www.easternshorecustomclubs.com/,TrackMan,,,,ok
901279a5-f863-42ab-963a-1cf523df9439,the-golf-doctor-clubs-repair-kansas-city-mo,The GOLF Doctor - Clubs & Repair,https://golfdr-kc.com/,,,,,ok
9058ce02-bf41-4450-a984-254d9555742d,spring-lake-custom-golf-spring-lake-nj,Spring Lake Custom GOLF,https://www.springlakecustomgolf.com/,,,,,ok
90d752db-e439-43ad-81ee-7f47d14c7093,proam-golf-shop-honolulu-hi,Proam GOLF Shop,https://proamgolfhawaii.com/,,,,,failed
90fb71d2-7fe7-485d-ac4b-a3a4505719b6,fox-run-golf-club-ludlow-vt,Fox Run GOLF Club,https://www.foxrungolfclubvt.com/,,,,,ok
91241f02-701f-47a8-8945-7592e079f778,shadetree-golf-pickleball-mesa-az,Shadetree GOLF & Pickleball,https://shadetreegolf.com/,,,,,failed
91d136b4-a45c-418b-b93d-04cc3fc24f6e,loftlinks-upper-east-side-golf-new-york-ny,Loftlinks - Upper East Side GOLF,https://loftlinks.com/,,,,,ok
92119685-2266-4b27-9a15-9c65532e121c,bisbee-golf-center-green-bay-wi,Bisbee GOLF Center,https://bisbeegolf.com/,,,,,ok
92267f02-2204-4948-aac0-d2cdb1bd374c,golf-services-kalamazoo-mi,GOLF Services,https://www.golf-services.com/,TrackMan,,,,ok
9252dc5b-0609-4d73-8bf6-85c0f0033cf7,tru-fit-golf-louisville-co,Tru-fit GOLF,https://tru-fitgolf.com/about-us,,,,,ok
9283f25d-589b-47fc-bb4a-c3b458d1fdda,dicks-house-of-sport-charlottesville-va,Dick's House Of Sport,https://stores.dickssportinggoods.com/va/charlottesville/1665/?seo=localpack,TrackMan,,,,ok
92be7f08-b1c7-4cdc-9ffa-1c17c2bbcdc1,the-golf-practice-highland-park-il,The GOLF Practice,https://www.thegolfpractice.com/,,,,,failed
92c83b43-3120-4f68-9249-eba19a08cd99,belmont-hills-the-golf-pro-shop-st-clairsville-oh,Belmont Hills The GOLF PRO Shop,https://bhccswingdoctor.com/,,,,,ok
93246436-9324-48c0-95aa-ba9c25c166f9,austads-golf-omaha-westwood-omaha-ne,Austad's GOLF Omaha Westwood,https://austads.com/pages/omaha-westwood-store,Foresight,400,400,ustads.com/pages/shipping-information) [HOT DEAL ALERT! Drivers Under $400](https://austads.com/collections/driver,ok
934af82d-b2c8-48ab-b6af-8a7a0af0a0db,urban-angler-new-york-ny,Urban Angler,https://www.urbanangler.com/,,,,,ok
935884b9-323d-4068-a46e-178db35f8dd6,louis-castel-nj-little-ferry-nj,Louis Castel Nj,https://louiscastelusa.myshopify.com/,,,,,ok
93847c40-5703-422d-840d-2d33d163f6bf,barla-golf-academy-noblesville-in,Barla GOLF Academy,https://www.barlagolfacademy.com/,GC3 | GCQuad,95,95,ndex%ef%b8%8f-ghin/) [![Purchase Any Putter in Stock & Receive a FREE $95 Putter Fitting](https://www.barlagolfac || 5-putter-fitting/) ## [Purchase Any Putter in Stock & Receive a FREE $95 Putter Fitting](https://www.barlagolfac || at Barla Golf Academy: Purchase Any Putter in Stock & Receive a FREE $95... [read more](https://www.barlagolfaca,ok
93bb9411-a526-4e93-bfdd-029deaf02e85,totalperformancegolf-stilwell-ks,Totalperformancegolf,https://johnrichman.com/,,,,,ok
93dfea34-3961-49a4-b795-01154994267c,be-under-par-winsted-ct,Be Under Par,https://beunderparllc.com/,,,,,failed
93ec5f35-923a-4399-a82a-b9627213f82d,ohio-golf-club-akron-oh,Ohio GOLF Club,https://ohiogolfclubindoor.com/,TrackMan,,,,ok
94379c21-d8ae-4837-83d2-5549dfab79b7,reno-tahoe-golf-academy-reno-nv,Reno Tahoe GOLF Academy,https://www.renotahoegolfacademy.com/,,,,,failed
947653a4-5717-42a6-94f2-5807def14fe0,golf-v2-junior-academy-brooklyn-ny,GOLF V.2 - Junior Academy,https://www.golfv2.com/,TrackMan,,,,ok
947810bb-f952-448f-b488-24bce6049849,larry-rinker-florida-golf-schools-orlando-fl,Larry Rinker Florida GOLF Schools,https://www.larryrinker.com/,FlightScope | Full Swing,,,,ok
9486aa9e-f064-48a1-a471-d2ec22cd6701,palmetto-leisure-columbia-sc,Palmetto Leisure,https://www.palmettoleisure.com/,,,,,ok
94b0d967-d57d-4b03-95df-6b017a9e055e,the-golf-zone-family-fun-center-honey-brook-pa,The GOLF Zone Family Fun Center,https://www.golfzoneproshop.com/,,,,,ok
95d69261-ae08-43cd-a6dd-4955272ec582,next-level-golf-herndon-va,Next Level GOLF,https://www.nextlevelgolfusa.com/,,,,,ok
95d849a5-dc3a-4e09-b452-6468803cd535,doc-griffin-golf-columbia-sc,Doc Griffin GOLF,https://www.docgriffingolf.com/,,100,175,(40-45 minutes) * – Full Fitting $250 (2 hours) * – Iron Fitting $175 (1 – 1.5 hours) * – Driver/Wood Fitti || s) * – Iron Fitting $175 (1 – 1.5 hours) * – Driver/Wood Fittings $100 (1 hour) ![](https://docgriffingolf.c,ok
964cef86-53b0-42a3-92e8-372539ae905a,get-loose-golf-club-chesapeake-va,Get Loose GOLF Club,https://www.getloosegolf.com/,,,,,ok
965fb1dd-bb9b-42ff-a64b-5df8f092d9e2,the-university-of-texas-golf-club-austin-tx,The University Of Texas GOLF Club,https://www.utgolfclub.com/,,,,,ok
96bc4c4e-19fe-4150-aef1-a47330c37327,austads-golf-rapid-city-rapid-city-sd,Austad's GOLF - Rapid City,https://austads.com/pages/rapid-city-store,Foresight,400,400,ustads.com/pages/shipping-information) [HOT DEAL ALERT! Drivers Under $400](https://austads.com/collections/driver,ok
96c86145-e4c2-4123-b4c5-ecb20ccb3673,elite-fit-golf-decatur-ga,Elite Fit GOLF,https://elitefitgolf.com/,,120,120,on Fitting Wedge Fitting Putter Fitting Shaft Fitting Fitting rate is $120/hour. (1 hour Minimum) [BOOK NOW](https,ok
96f790c8-5680-4799-8275-fcab55ad5c66,rooneys-golf-shop-lakeville-ma,Rooney's GOLF Shop,https://www.facebook.com/pg/Rooneys-Golf-Shop-Open-to-public-1446629185358104/about/,,,,,failed
97049502-aba6-4e61-afb5-af28e606876e,wagners-golf-ames-ia,Wagner's GOLF,https://www.wagnersgolfshop.com/,,649,649,Driver](https://wagnersgolfshop.com/product/taylormade-qi4d-driver/) $649.99 [![](https://wagnersgolfshop.com/wp-con,ok
970a4268-f1d8-4bea-9ec8-4e312e76b6b4,the-golfworks-newark-oh,The Golfworks,https://www.golfworks.com/,,,,,ok
9750e066-21ac-42b8-a50e-f33cc975a76f,swingtec-roseland-nj,Swingtec,https://swingtec.golf/,,,,,failed
97690afb-bf48-4647-abce-1eadaca3604a,west-texas-discount-golf-abilene-tx,West Texas Discount GOLF,https://westtxgolfstore.com/,,,,,ok
976a40d9-b744-44af-8d50-556bf415a5bb,the-golfhouse-ladson-sc,The Golfhouse,https://www.golfhousesc.com/,TrackMan,,,,ok
978ace99-2d79-410e-b333-d01a7433a227,victory-golf-repair-seattle-wa,Victory Golf & Repair,https://www.victorygolfandrepair.com/,,,,,failed
97970afb-1be7-45d3-9dcc-69591bebaa09,illini-golf-peoria-il,Illini GOLF,https://illinigolf.com/,Foresight,,,,ok
97f0307f-3a77-4de0-aef7-88d60393213c,windmill-lakes-golf-club-ravenna-oh,Windmill Lakes GOLF Club,https://www.golfwindmilllakes.com/,,,,,ok
9897c5fe-c570-4d81-bb9a-04e87bd7de3a,azuzon-golf-palisades-park-nj,Azuzon GOLF,https://www.21golfrange.com/,,,,,ok
98d71cad-bc09-4754-b839-0d30807c1339,my-chicago-golf-chicago-il,My Chicago GOLF,https://www.mychicagogolf.com/,,,,,ok
98ea4c39-66b9-4110-9b1f-ac323d8f9d7c,raspberry-golf-academy-clifton-va,Raspberry GOLF Academy,https://www.raspberrygolfacademy.com/,FlightScope | SAM PuttLab,,,,ok
994f7237-cd91-4eb4-b260-8f59b1f10cfe,golf-tee-performance-southlake-tx,GOLF Tee Performance,https://golfteeperformance.com/,Foresight,,,,ok
99b1f11d-e3b0-4e17-9cb1-452b96ea88a4,keplers-golf-repair-walnut-creek-ca,Kepler's GOLF Repair,https://www.keplersgolf.com/,GCQuad,,,,ok
99c1a292-fa36-4051-a691-229f746f1c27,kraftygolf-studio-plymouth-mn,Kraftygolf Studio,https://www.kraftygolf.com/,,,,,failed
99c66c6c-d884-4322-85f5-ddec51db2312,the-golf-fix-greenwood-sc,The GOLF Fix,https://thegolffix.us/,,,,,ok
99fe0034-3082-4b20-99b3-ee19bb1edca4,urban-golf-performance-carmel-by-the-sea-ca,Urban GOLF Performance,https://urbangolfperformance.com/,,,,,ok
9a471e93-ddaa-41df-8d28-755ae8a5ccb2,greenside-golf-academy-golf-v2-tribeca-new-york-ny,Greenside GOLF Academy @golf V.2 Tribeca,https://www.greensidegolfacademy.com/,TrackMan,,,,ok
9a5af7cc-cd71-4417-b86f-51e88a698789,par-excellence-golf-school-mesa-az,Par Excellence GOLF School,https://www.parexcellencegolfschool.com/,,,,,ok
9aa3a6b3-2e32-457d-b90e-43b0dabf8079,bump-and-run-golf-co-cedar-falls-ia,Bump And Run GOLF Co.,https://www.bumprungolfco.com/,,,,,ok
9acad00d-1813-49db-8c98-0f40daefe0f2,whack-vermont-shelburne-vt,Whack Vermont,https://whackvt.com/,TrackMan,,,,ok
9ace0b11-f9ac-4874-8551-6584004ae780,schneiders-golf-mechanics-baton-rouge-la,Schneider's GOLF Mechanics,https://www.schneidersgolfmechanics.com/,,,,,ok
9b08126e-ae8d-4771-962b-4925a47b8b37,going-going-gone-durham-nc,"Going, Going, Gone!",https://stores.dickssportinggoods.com/nc/durham/4454/?seo=localpack,,,,,ok
9b5cde68-071d-4305-a647-334c33ef359f,vgpc-hot-springs-village-ar,Vgpc,https://www.villagegolfperformancecenter.com/,TrackMan,,,,ok
9b8e668a-b5d5-46b2-84c8-96fde6d1ade7,griffith-park-golf-shop-los-angeles-ca,Griffith Park GOLF Shop,https://golf.lacity.gov/wilson-golf-course/,,,,,ok
9ba8c320-4004-4ed9-b1b9-47ab1b9ebe83,chris-cotes-golf-range-powered-by-toptracer-southington-ct,Chris Cote's GOLF Range Powered By Toptracer,https://www.chriscotegolf.com/pages/toptracer-range,TrackMan,,,,ok
9cf25a34-cc74-48f6-8995-2455ced2522d,jeko-golf-los-angeles-ca,Jeko GOLF,https://www.jeko.golf/,,,,,failed
9cfcec91-03a2-4bb0-93cd-955e61aad291,alex-black-golf-instruction-mesa-az,Alex Black GOLF Instruction,https://alexblackgolf.com/,FlightScope,,,,ok
9d4808d4-7dff-4b6a-a629-d7b76bf79b9e,mississippi-state-university-golf-course-starkville-ms,Mississippi State University GOLF Course,https://www.golf.msstate.edu/,,,,,ok
9da59c32-cbbb-4019-aa69-c030e7884d9e,golf-usa-lake-havasu-city-az,GOLF USA,https://golfusa.com/,,,,,ok
9da8786f-f0d9-4b84-ac12-6e930624d387,braeburn-pro-shop-newton-ma,Braeburn PRO Shop,https://www.braeburngolf.com/,,,,,ok
9df37e68-22b7-45fe-afcf-b17e0220956a,custom-golf-stop-rancho-cordova-ca,Custom GOLF Stop,https://www.customgolfstop.com/,,199,379,"dgewood Style Fairway Hybrid Set, CloneGolfClubSets001"") **Our Price: $379.95 ** [ ![Legal Limit Putter](https://cdn4 || imitputters.htm ""Legal Limit Putter, legallimitputters"") **Our Price: $199.95 ** [ ![4-PW, AW Heater B-7 Iron Set](ht || -p/irons040.htm ""4-PW, AW Heater B7 Iron Set, irons040"") **Our Price: $229.95 ** [ ![3-PW Heater F47 Hybrid/Iron Comb || ater F47 Hybrid/Iron Combo Set, HybridIronComboSets014"") **Our Price: $259.95 ** [ ![3-PW Heater B7 Hybrid/Iron Combo || eater B7 Hybrid/Iron Combo Set, HybridIronComboSets018"") **Our Price: $259.95 ** [ ![4-PW, AW Ashton A500 Iron Set](h || /irons036.htm ""4-PW, SW Ashton A500 Iron Set, irons036"") **Our Price: $239.95 ** | | --- | | | | ##",ok
9e144255-54f3-41d1-8420-95b35508af41,augustine-golf-club-stafford-va,Augustine GOLF Club,https://www.golfaugustine.com/,,,,,ok
9e208822-4250-4129-8132-fc30f9432e32,golfers-outlet-oshkosh-wi,Golfer's Outlet,https://www.golfandskioutlet.com/,Full Swing,,,,ok
9e38a068-2dd8-4476-b2c4-04c19c16a02c,x-golf-fredericksburg-va,X-golf,https://xgolf-fredericksburg.com/,,,,,failed
9e412fbb-2116-4b04-9dda-27f118a7ff34,gonzos-hd-sports-south-burlington-vt,Gonzo's Hd Sports,https://www.gonzoshdsports.com/,TrackMan,,,,ok
9e758e90-7453-4e35-97e8-084cca768112,hlcc-golf-shop-hayden-id,Hlcc: GOLF Shop,https://www.haydenlakecc.com/,,,,,ok
9e77656d-a035-449d-b5ac-4b4e739e11e6,mr-golf-de-pere-wi,Mr. GOLF,https://www.mrgolf.net/,,,,,ok
9ea72a60-6765-4bcd-a3f0-cb96febc609f,old-town-golf-mesa-az,Old Town GOLF,https://www.oldtowngolfshop.com/,,,,,ok
9ec572dc-ae8c-44b6-b7cb-dfc2cd9199e1,1611-golf-club-burleson-tx,1611 GOLF Club,https://1611golf.com/,TrackMan,,,,ok
9eccd64f-5261-4559-bf9d-dfcc94f326cf,sportsplex-at-turning-stone-verona-ny,Sportsplex At Turning Stone,https://www.turningstone.com/golf/sportsplex,TrackMan,50,100,"r 3, 2025 - May 1, 2026** Additional Services * Club Fittings • **$100** * Clinics • **$35** Fore more i || -- | --- | | Public | **$60** | | TS Reward Card or Junior | **$50** | Private Lessons & Fitting Rates || Package | $1,380 | | Clinic Program | $35 | | Club Fitting | $100 | Purchase a 6 Lesson Package at $69",ok
9f1a0f13-daf7-4540-9b18-15c705fe039d,tee-box-idaho-falls-idaho-falls-id,Tee Box Idaho Falls,https://tbx.golf/idaho-falls,TrackMan,,,,ok
9f48506b-536f-453c-9084-8348084312ca,union-sports-inc-whitestone-ny,Union Sports INC,https://ny.koreaportal.com/english/yp/22361-New-York-Union-Sports-Inc--Golf-store-in-flushing,,,,,ok
9f48d8c4-bc55-4818-9248-11ed801b7764,sports-connection-gassaway-wv,Sports Connection,https://www.sportsconnectionusa.com/,,,,,failed
9fa33fd4-436e-4f6c-9dd7-076953d6dff3,bebu-golf-studios-gretna-la,Bebu GOLF Studios,https://www.bebugolfstudio.com/,SAM PuttLab | TrackMan,,,,ok
9fc0d4a6-ba4a-47cb-a371-9eacc98c9b76,phil-moore-golf-jurupa-valley-ca,Phil Moore GOLF,https://www.philmooregolf.com/,,,,,ok
9fd383ff-4c35-4614-a588-3940cfed729f,dead-aim-club-repair-delta-pa,Dead Aim Club Repair,https://deadaimclubrepair.com/,,,,,ok
a0225598-87af-4e8a-9bc4-3f36fcdba1aa,hodson-golf-top-100-club-fitter-henrico-va,Hodson GOLF - Top 100 Club-fitter,https://www.hodsongolf.com/,,,,,failed
a02716f4-c874-48c9-ac53-5deb855789c5,golfers-warehouse-auburn-ma,Golfers' Warehouse,https://stores.worldwidegolfshops.com/ma/auburn/golfers-warehouse-aub.html,,,,,ok
a02775e4-89ec-47e1-a869-92568e10ab02,ken-schall-golf-performance-west-des-moines-ia,Ken Schall GOLF Performance,https://kenschallgolf.com/,,,,,failed
a02e8a2b-131c-4f34-9f34-dea1162e58ad,cityswing-washington-dc,Cityswing,https://cityswing.com/,,,,,ok
a0365e24-849e-462f-b29d-5611f0a3f56e,renew-sports-and-fitness-supply-wauwatosa-wi,Renew Sports And Fitness Supply,https://www.renewsportsandfitness.com/,,,,,ok
a06551e2-e98b-4340-8e16-4d46a6b0bacc,florida-golf-performance-center-sarasota-fl,Florida GOLF Performance Center,https://floridagolfperformancecenter.com/,SAM PuttLab | TrackMan,110,320,"on **Packs** ##### **Trackman tuition and club fitting hourly rate is $150.** ## Lesson Pack 1 $1,500 * This pac || b fit, it has no time limit but must be paid upfront and provides a **$320 discount.** [See More](https://florid || kman tuition and can include club fit, paid upfront, and provides a **$110 discount.** [See More](https://florid",ok
a0bb5ba2-493c-45b5-b2e4-a082b403a2d8,swingem-again-golf-hartford-ct,Swing'em Again GOLF,https://www.swingemagaingolf.com/,,,,,ok
a0c23c22-a1d3-409a-b767-0441358121f6,hurryville-driving-range-par-farmington-mo,Hurryville Driving Range & Par,https://hurryville.weebly.com/,,,,,ok
a0e21f36-e845-4806-91a5-16fa50fce042,colonial-springs-golf-club-farmingdale-ny,Colonial Springs GOLF Club,https://www.colonialspringsgolf.com/,,,,,failed
a1083f8d-0c58-47b9-9ba9-b1353f2406d5,monkeysports-superstore-derry-derry-nh,Monkeysports Superstore - Derry,https://www.monkeysports.com/derry/,,,,,failed
a11187f9-83aa-4047-8b69-505714877b6c,custom-golf-club-fitter-at-gpc-ridgefield-ct,Custom GOLF Club Fitter At Gpc,https://thegolfperformancecenter.com/custom-clubs/,GCQuad | SAM PuttLab | TrackMan,350,750,er.com/wp-content/uploads/2022/09/close-button.png) ## The Full BAG – $750 The Full Bag Fitting Experience include || enter.com/wp-content/uploads/2022/09/close-button.png) ## THE WEDGE – $350 Find out exactly which wedge you should || nter.com/wp-content/uploads/2022/09/close-button.png) ## THE Putter – $350 If you’re looking for the putter that w || Putter_ * Single Category Fitting Experience – 2 hours in length – $350 * Duel Category Fitting Experience – || gth – $350 * Duel Category Fitting Experience – 3 hours in length – $500 * Full Bag Fitting Experience – 4 hou || length – $500 * Full Bag Fitting Experience – 4 hours experience – $750 SCHEDULE A FITTING ![](https://thegol,ok
a12308a3-0153-4620-aebd-dc4a7f57caf1,sleepy-hollow-golf-shop-briarcliff-manor-ny,Sleepy Hollow GOLF Shop,https://www.sleepyhollowcc.org/,,,,,ok
a129cf45-24ec-4106-b72d-42779aca26ea,golfdom-tysons-va,Golfdom,https://stores.worldwidegolfshops.com/va/tysons/golfdom-tys.html,TrackMan,,,,ok
a1622982-9b69-4a1a-9cf2-5131dca632b5,the-golf-emporium-owensboro-ky,The GOLF Emporium,https://golfemporiumowensboro.com/,,,,,ok
a272501d-f16c-43d8-ad1e-7dfde1311d1a,1757-game-improvement-center-sterling-va,1757 Game Improvement Center,https://www.1757golfclub.com/,,,,,ok
a29f7504-d211-47aa-bbde-d7fbfcb8398b,roger-dunn-golf-arroyo-grande-ca,Roger Dunn GOLF,https://rogerdunngolfag.com/,,,,,failed
a2b98536-0fb8-432f-ba67-87c12bccaff3,golf-country-inc-kimball-mi,GOLF Country INC,https://golfcountryonline.com/,TrackMan,199,279,"s-rogue-st-max-hybrid-new ""Callaway Men's Rogue ST Max Hybrid - New"") $199.99$279.99 [ ![Callaway Men's Rogue ST Max || -st-max-hybrid-new ""Callaway Men's Rogue ST Max Hybrid - New"") $199.99$279.99 [ ![Callaway Men's Rogue ST Max OS Hybr || e-st-max-os-hybrid-new ""Callaway Men's Rogue ST Max OS Hybrid - New"") $199.99$279.99 [ ![](https://www.golfcountryonl || x-os-hybrid-new ""Callaway Men's Rogue ST Max OS Hybrid - New"") $199.99$279.99 [ ![](https://www.golfcountryonline.com",ok
a2deb05e-33b1-468a-a02f-77ca817035a7,dallas-golf-dallas-tx,Dallas GOLF,https://www.dallasgolf.com/,,,,,ok
a2e9d68e-7846-4f4d-a498-b6e69b7ea26b,golf-ball-factory-outlet-maryville-tn,GOLF Ball Factory Outlet,https://golfballfactoryoutlet.com/pages/contact-us,,,,,ok
a32ef1e7-67fe-4c83-9148-ef48614cc9b2,hot-golf-equipment-and-supplies-burke-va,Hot GOLF Equipment And Supplies,https://hotgolfequipmentandsupplies.com/,,,,,ok
a3469e75-af92-471f-bad9-ac9335c4510f,roger-dunn-golf-hawaii-honolulu-hi,Roger Dunn GOLF Hawaii,https://www.rdgolfhi.com/ala-moana,,,,,ok
a364d588-58b9-4d43-8da4-17ee43052a8d,swing-tech-golf-bluffton-sc,Swing Tech GOLF,https://swingtechgolf.org/,,,,,ok
a3696844-4552-451d-a449-cedb8284788a,pro-golf-discount-lynnwood-lynnwood-wa,PRO GOLF Discount - Lynnwood,https://www.progolfseattle.com/stores/lynnwood.shtml,GCQuad,,,,ok
a39dea8f-69e8-463b-830d-63c95f011d84,lazrus-golf-boise-id,Lazrus GOLF,https://lazrusgolf.com/,,,,,ok
a42d7931-2510-4633-b63c-4e1bbd292243,steve-carfanos-newport-beach-golf-shop-newport-beach-ca,Steve Carfano's Newport Beach GOLF Shop,https://newportbeachgolfshop.com/,,,,,ok
a43967af-04cc-4792-9355-d9cf79ceaa4c,east-potomac-golf-links-washington-dc,East Potomac GOLF Links,https://www.playdcgolf.com/east-potomac-golf-links/,,,,,ok
a44ad7a3-5d06-4009-8b9b-61e3ca70332f,swingjuice-golf-shop-pawtucket-ri,Swingjuice GOLF Shop,https://www.swingjuice.com/,,,,,ok
a45997f8-8e0f-4e1b-a044-d10c7d0e90b4,white-rose-golf-training-center-york-york-pa,White Rose GOLF & Training Center - York,https://www.yorkindoorgolf.com/,,,,,ok
a4c9a0ef-8734-4596-9a1e-00b3dc52374d,tag-golf-llc-alexandria-va,"Tag Golf, LLC",https://www.tagconsultinggroupllc.com/,,,,,ok
a5684797-76fe-43a6-b391-a88e5a04b408,power-lodge-brainerd-brainerd-mn,Power Lodge Brainerd,https://www.powerlodgebrainerd.com/,,,,,ok
a5aede63-3e16-46e3-9c32-bbd1704466a6,johns-golf-shop-bowling-green-ky,John's GOLF Shop,https://www.indianhills-bgky.com/,,,,,ok
a5bcbe8c-ef1f-45d2-927a-fb67916b8cff,pxg-indianapolis-indianapolis-in,PXG Indianapolis,https://www.pxg.com/pages/golf-stores/pxg-indianapolis,TrackMan,,,,ok
a5e643b6-6f18-438f-9f31-c8a80559b4ab,todd-mcdaniel-golf-chesapeake-va,Todd Mcdaniel GOLF,https://www.toddmcdanielgolf.com/,TrackMan,,,,ok
a5fd8510-4640-4922-aa3f-91174e025f54,innovative-golf-schools-layton-ut,Innovative GOLF Schools,https://www.innovativegolfschools.com/,,,,,ok
a63212a5-3a51-4f91-b1ad-ec6038977c22,golfzon-social-palisades-center-west-nyack-ny,Golfzon Social - Palisades Center,https://golfzonsocial.com/locations/west-nyack/,,,,,ok
a662f186-76c3-4e1f-9e3f-bb34b896cb2c,arizona-golf-works-tempe-az,Arizona GOLF Works,https://www.azgolfworks.com/,,,,,ok
a6ae2c6d-8a5a-479f-90b4-9ba616dd6276,tee-2-green-indoor-golf-center-west-long-branch-nj,Tee 2 Green Indoor GOLF Center,https://tee2green.com/,,,,,ok
a6f3d5a0-c1f6-4f34-8d52-5ccc48fbc2ec,red-and-white-shop-raleigh-nc,Red And White Shop,https://www.redandwhiteshop.com/,,,,,ok
a79290a2-d39b-471e-ad5a-1e41eef7f6b9,tee-box-centerville-centerville-ut,Tee Box Centerville,https://tbx.golf/centerville,TrackMan,,,,ok
a7dfae5a-7609-404e-8302-70eb4623d19b,flynn-golf-lab-sherman-oaks-ca,Flynn GOLF Lab,https://www.flynngolflab.com/,,,,,ok
a8003704-f1f1-4388-9160-c6a18d9356a9,impact-precision-golf-spring-tx,Impact Precision GOLF,https://www.impactprecisiongolf.com/,TrackMan,,,,ok
a8005f52-a36f-4026-9648-c1f66b0ba594,bobicks-golf-fort-wayne-in,Bobick's GOLF,https://stores.worldwidegolfshops.com/in/fortwayne/bobicks-golf-bob.html,,,,,ok
a804d3eb-688b-4b52-9c53-8f4564d43a0e,aulenti-golf-club-fitting-studio-stamford-ct,Aulenti GOLF Club Fitting Studio,https://sterlingfarmsgolfshop.net/clubfitting.html,SAM PuttLab | TrackMan,75,350,g options at the Fitting Studio include: * Irons Fitting (1 hour) - $125 with purchase of clubs / $175 without p || o include: * Irons Fitting (1 hour) - $125 with purchase of clubs / $175 without purchase of clubs * Woods Fi || clubs / $175 without purchase of clubs * Woods Fitting (1 hour) - $125 with purchase of clubs / $175 without p || of clubs * Woods Fitting (1 hour) - $125 with purchase of clubs / $175 without purchase of clubs * Full Bag || ubs / $175 without purchase of clubs * Full Bag Fitting (3 hours) - $250 with purchase of clubs / $350 without p || clubs * Full Bag Fitting (3 hours) - $250 with purchase of clubs / $350 without purchase of clubs * Schedul,ok
a8083bb8-e958-4099-a91d-0e13667c092c,avid-golf-usa-edgewater-md,Avid GOLF USA,https://www.avidgolfusa.com/,,,,,failed
a811f359-78c2-44fb-85ec-0b27fd8a7d1b,golf-coralville-coralville-ia,GOLF Coralville,https://golfcoralville.com/,,,,,ok
a816f5ae-fc5d-4195-859e-19b1f4a8b9d1,stripe-show-club-fitters-dallas-tx,Stripe Show Club Fitters,https://www.sscfdtx.com/,,,,,ok
a842954d-2ce4-47cf-a131-a13cc3b02edd,mistwood-golf-club-romeoville-il,Mistwood GOLF Club,https://mistwoodgc.com/,,,,,ok
a89d81e3-6cf7-4e50-a475-e4c7704b7dad,essex-country-club-essex-junction-vt,Essex Country Club,https://www.essexccvt.com/,,,,,ok
a8a39e87-e660-4a24-b5f2-10dd89d4b751,super-runners-shop-new-york-ny,Super Runners Shop,https://superrunnersshop.com/,,,,,ok
a923b23c-b62b-4d5a-a740-c5e5e8675865,bristol-golf-club-fitting-bristol-tn,Bristol GOLF & Club Fitting,https://bristolgolfclubfitting.com/,TrackMan,,,,ok
a9410320-846b-42ed-ab34-79cbdb20b3bc,golf-in-motion-chicago-il,GOLF In Motion,https://golfinmotionchicago.com/,,,,,ok
a9a85c4b-274e-4274-b0d7-57489aa46ae1,your-golf-ball-shop-virginia-beach-va,Your GOLF Ball Shop,https://www.yourgolfballshop.com/,,,,,ok
a9ad0135-ebde-4a4d-bbec-b52d33e7bd22,blind-shot-social-club-madison-wi,Blind Shot Social Club,https://www.blindshotsocialclub.com/,,,,,ok
a9b501eb-4c67-4abf-a3b4-31d4562b0f2c,the-golfmeister-inc-albuquerque-nm,"The Golfmeister, INC",https://thegolfmeister.com/,,,,,ok
aa33a695-10cd-46c5-92c9-328d9636ffde,golf-tech-custom-clubs-and-repair-center-novi-mi,GOLF Tech Custom Clubs And Repair Center,https://www.golftechnovi.com/,,,,,ok
aa9db02e-beff-4a7f-84cb-58485c0c2b14,conquest-custom-golf-liberty-township-oh,Conquest Custom GOLF,https://www.conquestcustomgolf.com/,,,,,ok
aaa1bbe0-2348-4943-b8e8-185cabbb6c1e,tour-van-minnetonka-minnetonka-mn,Tour Van Minnetonka,https://fitting.2ndswing.info/tour-van-fitting/,,100,100,tweak their equipment before events. Tour Van fittings are valued at $100 per hour. For more details on 2nd Swing,ok
aac9436f-501f-4f15-8efa-34a54ed1ac75,just-fore-fun-golf-champaign-il,Just Fore Fun GOLF,https://www.justforefun.com/,,,,,ok
aaeaea78-12bf-4a43-a58d-3f25ecae457b,barlettas-golf-shop-inc-philadelphia-pa,Barlettas GOLF Shop INC,https://balagolfclub.com/,,,,,ok
ab06e29b-d30f-4a34-8cc0-b2dec1561938,penn-oaks-golf-club-west-chester-pa,Penn Oaks GOLF Club,https://www.pennoaksgolfclub.com/,,,,,ok
ab07c7a4-5b2f-45e8-a640-36b6b362c12e,keystone-golf-club-hatfield-pa,Keystone GOLF Club,https://www.keystonegolfclub.com/,,,,,ok
ab43798f-28a0-475c-961e-448feac79c2b,clp-golf-indoors-romeoville-il,Clp GOLF Indoors,https://www.clpgolf.com/,,,,,failed
ab977d09-7e9e-4c90-9f9c-f72342ba83de,gr-golf-new-washington-oh,Gr GOLF,https://www.grgolf.com/,,,,,ok
abc87ee2-8598-4dea-9c4a-b45fae40ce5f,mike-fay-golf-academy-south-lyon-mi,Mike Fay GOLF Academy,https://www.mikefaygolf.com/,,,,,failed
ac09592d-c363-4fcd-8c54-6a5986cb974e,golf-ski-warehouse-scarborough-me,GOLF & Ski Warehouse,https://stores.worldwidegolfshops.com/me/scarborough/golf-ski-warehouse-sca.html,,,,,ok
ac209007-9e08-4351-bae6-3d55973c06a0,parscription-golf-bend-or,Parscription GOLF,https://parxgolfbend.com/,,,,,ok
ac60219a-22f4-4edf-a904-b2dd0c4a36e3,dan-simpson-golf-shop-inc-st-louis-park-mn,Dan Simpson GOLF Shop INC,https://www.minneapolisgolfclub.com/golf/dan-simpson-20c120.html,,,,,ok
ac6e4d15-aaca-44b3-a450-87d85fc2df86,puttery-new-york-ny,Puttery,https://www.puttery.com/locations/new-york,,,,,failed
ac76b8ce-acf1-414a-826c-4af24bcbdc7c,rochester-indoor-golf-center-rochester-mn,Rochester Indoor GOLF Center,https://www.rochesterindoorgolfcenter.com/,,,,,ok
aca8e149-fc2b-402f-9f21-f4dbc313b9e5,golfrx-louisville-co,Golfrx,https://golfrx.info/,TrackMan,,,,ok
acc182e8-8c4c-40f9-bf12-911f3b0211cf,joe-kwok-golf-south-san-francisco-ca,Joe Kwok Golf,https://www.joekwokgolf.com,,,,,ok
acd9b40f-75e5-40dc-b49e-60f873968457,mackenzie-golf-bags-beaverton-or,Mackenzie GOLF Bags,https://www.mackenziegolfbags.com/,,,,,ok
ad2223cb-a662-42d5-9532-86582f99e1b3,apexgolf-instruction-draper-ut,Apexgolf Instruction,https://www.apexgolfinstruction.com/draper,,,,,ok
ad2f966f-5af8-4c92-ae1f-1bccf24e9020,golfrite-southborough-ma,Golfrite,https://golfrite.com/,,,,,ok
ad47d43b-3dce-4fc8-a7b4-0f72368963ff,club-conex-scottsdale-az,Club Conex,https://www.clubconex.com/,,,,,ok
ad61ef01-febe-4c63-bb86-758950e44ad3,ace-of-clubs-golf-company-wyandotte-mi,Ace Of Clubs GOLF Company,https://www.aceofclubsgolfco.com/,,100,170,ybrid-headcover) [ USA 250 HYBRID HEADCOVER USA 250 HYBRID HEADCOVER $100.00 ](https://www.aceofclubsgolfco.com/pro || river-headcover) [ USA 250 DRIVER HEADCOVER USA 250 DRIVER HEADCOVER $120.00 ](https://www.aceofclubsgolfco.com/pro || LEATHER CUSTOM PUTTER HEADCOVER ONYX LEATHER CUSTOM PUTTER HEADCOVER $170.00 ](https://www.aceofclubsgolfco.com/pro || MALLET PUTTER HEADCOVER ONYX LEATHER CUSTOM MALLET PUTTER HEADCOVER $170.00 ](https://www.aceofclubsgolfco.com/pro || ET PUTTER HEADCOVER CHOCOLATE LEATHER CUSTOM MALLET PUTTER HEADCOVER $170.00 ](https://www.aceofclubsgolfco.com/pro || ER CUSTOM PUTTER HEADCOVER CHOCOLATE LEATHER CUSTOM PUTTER HEADCOVER $170.00 ](https://www.aceofclubsgolfco.com/pro,ok
ad6226f7-f008-4968-bec1-b9518d77aab7,golf-performance-center-at-the-landings-golf-athletic-club-savannah-ga,GOLF Performance Center At The Landings GOLF & Athletic Club,https://thelandings.com/golf-and-athletic-club/golf/golf-performance-center,,,,,ok
ad8b0a8c-ac13-4c2d-a32f-4594f568bb51,golf-usa-oklahoma-city-ok,GOLF USA,https://golfusa.com/,,,,,ok
ad93bc91-9cdd-46a6-a930-775df0aa3c7f,the-clubhouse-golf-entertainment-middleton-ma,The Clubhouse GOLF & Entertainment,https://www.theclubhousege.com/,,,,,ok
ad9ad6a8-53ca-4640-8851-c795b5f6f06c,bang-a-chain-lexington-ky,Bang A Chain,https://www.bangachain.com/,,,,,ok
ade9ad4f-a6a7-46a0-b307-28fe8cf7d6e5,new-jersey-state-golf-association-kenilworth-nj,New Jersey State GOLF Association,https://www.njsga.org/,,,,,ok
ae178106-7403-4193-9771-f262da600153,custom-craft-golf-arlington-tx,Custom Craft GOLF,https://www.customputterworks.com/,,,,,failed
ae3504ee-f2c9-4b8a-bd50-1c6cec67974b,the-clubhouse-indoor-golf-lounge-davenport-ia,The Clubhouse Indoor GOLF & Lounge,https://www.qcclubhouse.com/,,,,,failed
aec53bdc-48a3-49cb-9193-824d216ad28c,t-s-golf-taunton-ma,T & S GOLF,https://www.tands.golf/,,,,,ok
aeda3452-4d75-43ec-9990-bc0822015225,poffs-pro-shop-merrimack-nh,Poffs PRO Shop,https://www.merrimacktenpin.com/pro-shop,,,,,ok
aee7a858-ccce-4555-af25-22f5f33cbaab,texas-9-golf-fort-worth-tx,Texas 9 GOLF,https://www.texas9.com/,,,,,ok
af4868b1-7605-44bc-a1b6-6f05e17bb76c,university-of-new-mexico-albuquerque-nm,University Of New Mexico,https://unmgolf.unm.edu/,,,,,ok
af89c116-af82-4459-98ab-56f6926c06be,golf-stix-value-guide-eden-prairie-mn,GOLF Stix Value Guide,https://www.golfstixvalueguide.com/,,,,,ok
af91bb0a-5a4d-4e7b-876f-835b9424a5e4,petes-golf-pro-shop-mineola-ny,Pete's GOLF PRO Shop,https://www.petesgolf.com/,,,,,failed
afb31a87-73d1-4eec-bf19-6cfd6f9524d2,club-repair-bolingbrook-il,Club Repair,https://www.clubrepair.co/,,,,,ok
afb80fdc-bd15-4a6e-91f5-67ffa3a086e8,the-golf-performance-center-ridgefield-ct,The GOLF Performance Center,https://www.thegolfperformancecenter.com/,,,,,ok
afb8c0a6-0856-4e40-aad5-624f1e31e3c3,spillman-golf-llc-berea-ky,Spillman GOLF LLC,https://spillmangolf.com/,,,,,ok
afdded9c-750c-47a8-be4a-df844b33dd24,jbm-golf-valrico-fl,Jbm GOLF,https://www.jbmgolf.com/contact-us.html,,,,,ok
b00c47dc-45c2-4ceb-88ff-e2226ec39bfd,in-the-hole-golf-jackson-wy,In The Hole GOLF,https://www.intheholegolf.com/,SkyTrak,139,599,s://www.intheholegolf.com/drivers/Drivers.html) **Prices Starting at _$149.95_** * ## [ Golf Training Aids](https: || PARAISMKMAXD/2024-Callaway-Paradym-Ai-Smoke-Max-Driver.html) [ Price: $599.99](https://www.intheholegolf.com/CAL24-PA || com/DST-COM8/DST-Compressor-8-Iron---Golf-Training-Aid.html) [ Price: $139.95](https://www.intheholegolf.com/DST-COM8,ok
b0c4d138-1a0d-4bdb-b4c9-d618401a127a,nick-biondi-golf-west-chester-pa,Nick Biondi GOLF,https://www.nbiondi.com/,Foresight,,,,ok
b0e44946-a597-4a25-b080-1db702f94ca3,golf-world-little-rock-ar,GOLF World,https://www.golfworldlr.com/,,,,,ok
b0fa1edb-97ff-4835-aa78-4c3288f4a9b5,redtail-golf-center-beaverton-or,Redtail GOLF Center,https://golfredtail.com/,TrackMan,,,,ok
b0ff7329-571a-424d-abe2-a59bb157b72b,golf-garage-nh-lebanon-nh,GOLF Garage Nh,https://golfgaragevt.com/,TrackMan,,,,ok
b12abbc8-23c3-4434-90d2-8f0b24329775,red-number-golf-colorado-springs-co,Red Number GOLF,https://www.pga.com/coach/williamchristensen,,,,,ok
b1400e01-95e8-4497-9531-78cf85c3977e,mg-golf-irving-tx,Mg GOLF,https://www.mggolf.com/,,,,,ok
b1e09965-3723-4f5b-b99a-55161f61b0e3,bullets-club-service-newport-tn,Bullet's Club Service,https://www.facebook.com/share/18vDqyyh7R/?mibextid=wwXIfr,,,,,ok
b28d6263-b5cc-4a73-9c4e-f3712a7e4015,chisdaddy-golf-lexington-nc,Chisdaddy GOLF,https://www.chisdaddygolf1.com/,,,,,ok
b2c85c5d-f7ad-4dc9-9cf9-b6bb81f56ca9,mike-schy-golf-performance-institute-madera-ca,Mike Schy GOLF Performance Institute,https://www.mikeschy.com/,FlightScope,,,,ok
b300391e-35f5-4cff-8c1d-2affc85d7487,allvictorygolf-kent-wa,Allvictorygolf,https://www.victorygolfandrepair.com/,,,,,failed
b3090129-1ca6-4606-8c0d-be405f885917,jl-golf-lab-dublin-oh,Jl GOLF Lab,https://jlgolflab.com/,Foresight | SAM PuttLab | TrackMan,,,,ok
b357ccf8-6b30-4298-ae27-c112f2200d88,energy-first-golf-academy-duluth-ga,Energy First GOLF Academy,https://www.efilgolf.com/,,,,,ok
b359ceb2-ebdc-4897-a958-93b7cfdce318,sports-headquarters-rochester-mn,Sports Headquarters,https://mysportshqs.com/,,,,,ok
b37fb3d2-7612-42a7-a9aa-10893ca85f1d,andrew-decordre-golf-collegeville-pa,Andrew Decordre GOLF,https://andrewdecordregolf.com/,TrackMan,,,,ok
b3e5d025-a3cc-4c89-9780-b7ddfd28a038,golf-performance-studio-chris-dawkins-redwood-city-ca,GOLF Performance Studio - Chris Dawkins,https://www.golfperformancestudio.net/,,,,,failed
b4065a11-aae7-426f-a17b-b386141fcee0,moon-golf-melbourne-melbourne-fl,Moon Golf- Melbourne,https://www.moongolf.com/,,,,,failed
b40aebc3-e2dd-4b21-b1ff-1f20292c0978,roberts-golf-shop-aberdeen-nc,Robert's GOLF Shop,https://robertsgolf.com/,,,,,ok
b43b90c2-3e9e-41d7-9828-82bdd99b036c,swing-shop-benton-ar,Swing Shop,https://www.swingshopgolf.com/,TrackMan,,,,ok
b4704e65-1eb9-4568-bf99-519d0ceb9a20,fitness-factory-health-club-jersey-city-nj,Fitness Factory Health Club,https://www.fitnessfactorygym.com/jersey-city,,,,,ok
b47c9f58-7f7a-4935-9dbc-12b10433c0dc,total-fit-golf-brentwood-ny,Total Fit GOLF,https://totalfitgolf.com/,,,,,ok
b49d06cb-a10e-45ac-969d-84d5c251ff87,smith-golf-searcy-ar,Smith GOLF,https://www.smith-golf.com/,,,,,ok
b502a843-b740-428e-9160-163ead55b06c,ferguson-golf-institute-churchville-md,Ferguson GOLF Institute,https://www.fgigolf.com/,,,,,ok
b5592b9c-2d0c-4b16-a332-35e5a26c7774,wedgewood-golf-st-louis-park-mn,Wedgewood GOLF,https://wedgewoodgolf.com/,,69,150,ps://wedgewoodgolf.com/#MainContent) 🚚 FREE SHIPPING On All 🇺🇸 Orders $150 and Up! 👍 In Stock - All Orders Ship Wi || .jpg?v=1673895219&width=1500) Silver IR Series 7 iron Hybrid - **Only $69.99!** Test out Wedgewood's innovative h || ble with traditional irons consistently. The 7 iron is on special for $69.99! * ![](https://wedgewoodgolf.com/cdn/,ok
b55c5b67-1f79-486d-b776-5eca346040e1,natural-swing-golf-studio-wauwatosa-wi,Natural Swing GOLF Studio,https://www.naturalswingperformance.com/,,,,,ok
b5ffd7b6-c5c0-4e9c-ac67-bc073abb1e86,tour-edge-golf-batavia-il,Tour Edge GOLF,https://www.touredge.com/,,,,,ok
b68ae9f8-4785-43e9-8863-7fef2046db54,golfletics-performance-center-coralville-ia,Golfletics Performance Center,https://www.begolfletic.com/,,,,,ok
b6aae996-2795-49fb-9822-531e9e0aff6d,allison-george-pleasant-hill-ia,Allison George,https://theallisongeorge.com/contact-us/,,,,,ok
b6abdf32-856c-4d96-9e0e-7f511fc88e3d,noltes-golf-lakeland-fl,Nolte's GOLF,https://allaboutthesunshinestate.com/listing/noltes-golf/,,,,,ok
b6d774f7-f447-4fb7-8c9b-b6e8f6e5afa3,the-golf-shop-brazil-in,The GOLF Shop,https://brand.site/TheGolfShop,,,,,ok
b6f6e944-664f-468f-86f4-1c7081823359,golf-with-freedom-virginia-beach-va,GOLF With Freedom,https://www.golfwithfreedom.com/,,,,,ok
b7208fc7-72fc-438a-af0c-6556a1658484,247-golf-performance-nixa-mo,24/7 GOLF Performance,https://247golfperformance.com/,,,,,ok
b74a515d-e4c0-40cb-afd0-2556d2865823,orvis-ny-5th-avenue-new-york-ny,Orvis Ny 5th Avenue,https://www.orvis.com/newyork,,,,,ok
b79dee5b-b375-454f-809a-112425ad2d2e,the-hangar-club-denver-co,The Hangar Club,https://hangarclub.co/,,,,,failed
b818d97f-9c55-4ff9-a22a-a8cb202dd866,okkys-specialized-pga-golf-lessons-fitting-and-club-repairs-diamond-bar-ca,"Okkys Specialized PGA GOLF Lessons, Fitting, And Club Repairs",https://golfmadesense.com/,,,,,failed
b81c4bf9-54ef-4e48-a577-968c92684895,pxg-paramus-paramus-nj,PXG Paramus,https://www.pxg.com/pages/golf-stores/pxg-paramus,TrackMan,,,,ok
b834d793-50b0-4995-a387-7641d120c6c1,precise-golf-fitting-studio-melbourne-fl,Precise GOLF Fitting Studio,https://precisegolfstudio.com/,,,,,ok
b86249a8-4cd3-4619-ad28-003cbbee17a4,the-biltmore-proshop-coral-gables-fl,The Biltmore Proshop,https://biltmorehotel.com/miami-resort-shops/golf-pro-shop/,,,,,ok
b8746bb8-8603-455c-a56e-aac27a5142a6,breakthrough-golf-technology-richardson-tx,Breakthrough GOLF Technology,https://breakthroughgolftech.com/,,,,,ok
b92381f6-460d-4e9c-95d0-dee53e26f1ef,golfdom-annapolis-md,Golfdom,https://stores.worldwidegolfshops.com/md/annapolis/golfdom-ann.html,,,,,ok
b924482e-9738-488e-a705-b3c26ad073e5,jeff-goble-golf-inc-plymouth-mi,Jeff Goble GOLF Inc.,https://jeffgoblegolf.com/,Foresight | TrackMan,,,,ok
b928efc0-c250-441e-9b57-04c4bd368b1f,golf-shop-mooresville-nc,GOLF Shop,https://www.golfshopnc.com/,,,,,ok
b9310d7f-8ea2-4f76-919d-9e7866a96f20,north-coast-golf-shop-traverse-city-mi,North Coast GOLF Shop,https://www.northcoastgolfco.com/,,,,,ok
b95034e2-8e51-4f93-a41f-d05abd208797,gretsch-golf-academy-las-vegas-nv,Gretsch GOLF Academy,https://gretschgolf.com/,Foresight,,,,ok
b96b18ae-d23d-42bf-a605-0b6fe2060275,yorkville-golf-new-york-ny,Yorkville GOLF,https://yorkvillegolf.com/,,,,,ok
b96b746a-e5a6-4802-aa0b-ad690d1b567e,powerhouse-golf-club-jersey-city-nj,Powerhouse GOLF Club,https://powerhousegolfclub.com/,,,,,failed
b973cc5c-f50f-4c15-8528-342a96b5ffcd,bogey-hills-golf-academy-performance-institute-st-charles-mo,Bogey Hills GOLF Academy & Performance Institute,https://bhgapi.com/,TrackMan,,,,ok
ba27c14f-1ae0-40aa-853c-a994658307b2,golf-nv-reno-nv,GOLF Nv,https://www.golfnvreno.com/?y_source=1_NjQyMTg0MzEtNzE1LWxvY2F0aW9uLndlYnNpdGU=,,,,,ok
bab8172a-295f-4caf-9eaf-862fa86fa86e,wide-world-of-golf-spokane-wa,Wide World Of GOLF,https://www.wwgolf.com/,,139,799,st GT3 Hybrid ](https://www.wwgolf.com/titleist-gt3-hybrid/) Titleist $329.00 [Choose Options](https://www.wwgolf.com || st GT2 Hybrid ](https://www.wwgolf.com/titleist-gt2-hybrid/) Titleist $329.00 [Choose Options](https://www.wwgolf.com || https://www.wwgolf.com/taylormade-spider-zt-black-putter/) TaylorMade $449.99 [Choose Options](https://www.wwgolf.com || tps://www.wwgolf.com/cleveland-smart-sole-full-face-wedge/) Cleveland $139.99 - $149.99 [Choose Options](https://www. || wwgolf.com/cleveland-smart-sole-full-face-wedge/) Cleveland $139.99 - $149.99 [Choose Options](https://www.wwgolf.com || ps://www.wwgolf.com/mizuno-jpx-925-hot-metal-hl-irons-custom/) Mizuno $165.00 [Choose Options](https://www.wwgolf.com,ok
bad4d760-5710-4996-9578-c2be12811137,condor-golf-custom-clubs-repair-sun-city-az,Condor GOLF Custom Clubs & Repair,https://www.condorgolf.com/,,,,,ok
badb87bf-082f-4139-8eb2-bd606edd0f8e,freddy-battaglias-goods-scranton-pa,Freddy Battaglia's Goods,https://www.battaglias.com/,,,,,ok
bb19d5d4-0db3-434e-901a-2cd0e83afd87,austads-golf-des-moines-west-des-moines-ia,Austad's GOLF - Des Moines,https://austads.com/pages/des-moines-golf-store,Foresight,400,400,ustads.com/pages/shipping-information) [HOT DEAL ALERT! Drivers Under $400](https://austads.com/collections/driver,ok
bb4a5dec-41c9-4e4f-82f4-ce4e69e86cd7,elevate-golf-performance-center-cornelius-nc,Elevate GOLF Performance Center,https://www.elevategolfperformancecenter.com/,FlightScope | SAM PuttLab | TrackMan,,,,ok
bb6dff43-c510-45e5-87bd-fd53956aad4f,golf-shop-at-abenaqui-rye-beach-nh,GOLF Shop At Abenaqui,https://www.abenaquicc.com/golf,,,,,ok
bb9cbf20-fa5d-4458-96f8-38329f9a9376,kauffmans-custom-clubs-centerton-ar,Kauffman's Custom Clubs,https://www.facebook.com/share/16SVaLWx3r/,,,,,failed
bba8dc92-440a-4798-bf9d-77e0204b90f1,taylormade-aviara-performance-center-carlsbad-ca,TaylorMade Aviara Performance Center,https://tmgolfaviara.com/,GCQuad,,,,ok
bc0416c4-6efa-4212-99c8-9c7671683e8a,cajun-made-golf-products-inc-monroe-la,Cajun Made GOLF Products INC,https://www.facebook.com/p/Cajun-Made-Golf-Products-100057160642241/,,,,,failed
bc0430de-b49b-44ca-9276-2279c208d8a8,parfit-golf-metamora-mi,Parfit GOLF,https://parfitgolf.com/,,,,,ok
bc071455-d230-4dbc-908e-19519bb4dfb6,birdies-lattes-edison-nj,Birdies & Lattes,https://birdieslattes.com/,,,,,failed
bc1d52f8-511e-495a-8d3d-945f15f1aded,dicks-house-of-sport-jersey-city-nj,Dick's House Of Sport,https://stores.dickssportinggoods.com/nj/jersey-city/1567/?seo=localpack,TrackMan,,,,ok
bc73a3c6-59c4-4bae-9168-20c664cf0566,x-golf-appleton-appleton-wi,X-golf Appleton,https://www.xgolfappleton.com/,,,,,failed
bc7863f5-f59d-4a66-a2a0-09b03947dd1c,ezfitgolf-mt-juliet-tn,Ezfitgolf,https://ezfitgolf.com/,,,,,ok
bcb3475d-f124-4ae2-870a-100f9b90cc42,big-screen-golf-pottstown-pa,Big Screen GOLF,https://www.bigscreengolf.com/,,,,,ok
bd2707f1-bbdf-4549-90d3-b70951462f2e,swing-shift-golf-club-paradise-valley-az,Swing Shift GOLF Club,https://theswingshift.golf/,,,,,ok
bdb596ae-afbb-4fd3-a67b-5c35ff0980a1,golph-co-carrollton-ga,Golph Co.,https://golphco.com/,,,,,ok
bdbb7080-309d-4157-9071-a97654923a10,golf-md-lenexa-ks-ad7dde,Golf MD,https://golf-md.com/,TrackMan,,,,ok
bdfd8c22-95aa-45c2-afce-bcc1ebefeb4f,lou-guzzi-golf-academy-ambler-pa,Lou Guzzi GOLF Academy,https://louguzzi.com/,FlightScope,,,,ok
be5e32be-8241-40e6-8e09-4436dcaf5307,edel-golf-machine-shop-fitting-studio-liberty-hill-tx,Edel GOLF Machine Shop & Fitting Studio,https://edelgolf.com/,,,,,ok
be678191-8522-48e2-a876-e754ca2ee78d,ocala-golf-shop-and-fitting-center-ocala-fl,Ocala GOLF Shop And Fitting Center,https://ocalagolfshop.com/,,,,,ok
be70b226-67c8-4d95-95e5-f517a012ed1e,disc-n-dat-florence-ky,Disc 'n Dat,https://therealdiscndat.com/,,,,,ok
be7c31c5-a885-4ae2-8b65-9ec5ac567efe,becky-dengler-golf-wilmington-de,Becky Dengler GOLF,https://beckydenglergolf.com/,,,,,ok
bead6481-58ef-4525-8d4a-d18b41e6916f,spargo-golf-providence-ri,Spargo GOLF,https://www.spargogolf.com/,FlightScope,,,,ok
becc1374-6cf2-4fa9-9453-d39502d08d73,ekgolf-urbandale-ia,Ekgolf,https://ekgolf.com/,,,,,ok
bf3041e9-bd19-46d5-81bb-b6034889b2b4,justin-hill-golf-academy-little-rock-ar,Justin Hill GOLF Academy,https://www.justinhillgolf.com/,GCQuad | TrackMan,,,,ok
bf5a642f-d9d1-4b67-a6e6-4c1af618ab6f,freedom-golf-lab-columbia-tn,Freedom GOLF Lab,https://www.freedomgolflab.com/,,,,,ok
bf883069-0b4d-45f6-b5e8-6164ee3d2f33,meridian-putters-brookfield-wi,Meridian Putters,https://meridianputters.com/,,,,,failed
bfb3f79c-2308-47a8-8ce9-abef08d3181a,game-improvement-golf-oak-ridge-tn,Game Improvement GOLF,https://www.gameimprovementgolf.com/,,,,,failed
bff6ee6e-4263-4608-acac-dd8a61fd88da,golf-central-wisconsin-plover-wi,GOLF Central Wisconsin,https://golfcentralwi.com/,,,,,ok
bff96b10-e88a-4742-9962-29d43e8c66b4,sweetbriar-legacy-golf-pro-shop-avon-lake-oh,Sweetbriar Legacy GOLF & PRO Shop,https://www.sweetbriargolfclub.com/,,,,,ok
c012b301-3bc5-4e4e-a56f-97a1d0223db3,city-club-marietta-marietta-ga,City Club Marietta,https://www.cityclubmarietta.com/,,,,,ok
c0349964-a51b-4bb8-b3b8-fe1b2831584c,valley-golf-co-chattanooga-tn,Valley GOLF Co.,https://valleygolfco.com/,,,,,failed
c07d4aa8-ff92-4cd3-80d1-3d3d867de462,the-bridge-golf-learning-center-new-york-ny,The Bridge GOLF Learning Center,https://bridgegolffoundation.org/,TrackMan,,,,ok
c07ff8b9-b902-4469-a1dc-3f78481a1696,royal-hawaiian-golf-shop-honolulu-hi,Royal Hawaiian GOLF Shop,https://www.instagram.com/royalhawaiian_golf/,,,,,ok
c0872ab8-04f1-4e46-a525-2b7575a3e4cb,granville-golfland-granville-oh,Granville Golfland,https://www.granvillegolfland.com/,TrackMan,,,,ok
c0b59949-12a7-4dbe-99a7-dbb83ef4c7b7,grand-golf-pro-shops-inc-palisades-park-nj,Grand GOLF PRO Shops INC,https://playgolfnearme.com/grand-golf-pro-shops-inc,,,,,ok
c0e21f0b-7540-4e39-a7c4-b4ceaf9b7b84,tee-box-spanish-fork-spanish-fork-ut,Tee Box Spanish Fork,https://tbx.golf/spanish-fork,TrackMan,,,,ok
c0f1ef5a-d061-4802-b5fb-a69161b0d6f3,onion-river-outdoors-montpelier-vt,Onion River Outdoors,https://www.onionriver.com/,,,,,ok
c0f78275-9052-4e9b-90ce-8ac18385364e,rex-golf-jacksonville-beach-fl,Rex GOLF,https://www.rexgolfshop.com/,,,,,failed
c13ae260-0ee3-4a6c-9748-c3769dd26dea,anna-krieski-golf-llc-wisconsin-dells-wi,Anna Krieski GOLF LLC,https://annakrieskigolf.com/,,,,,ok
c166228c-0e67-4675-b4d5-79cc17599139,tim-mosels-custom-golf-and-repair-denville-nj,Tim Mosel's Custom GOLF And Repair,https://www.timmosel.com/,,195,195,ional fitting sessions to optimize your equipment ### Irons & Hybrids $195 Approximately 1 hour [ Book Session ](h || tely 1 hour [ Book Session ](https://timmosel.com/#contact) ### Woods $195 Approximately 1 hour [ Book Session ](h,ok
c1a01e2c-406e-4a70-883b-0ab47f5408ae,chris-cotes-performance-center-portland-ct,Chris Cote's Performance Center,https://www.chriscotegolf.com/pages/toptracer-range-in-portland,TrackMan,,,,ok
c227c0b4-a23e-4702-9f90-3a9eaf7c0ac8,alameda-golf-works-alameda-ca,Alameda GOLF Works,https://www.alamedagolfworks.com/,,,,,failed
c25380ac-80ce-48d0-a86d-a7cf8c2b9b0c,tilbury-golf-academy-fremont-in,Tilbury GOLF Academy,https://tilburygolfacademy.com/,TrackMan,,,,ok
c25657f2-8dd5-4481-9cc3-bf1b464d42e2,pennington-golf-center-pennington-nj,Pennington GOLF Center,https://www.penningtongolfcenter.com/,Foresight,,,,ok
c2673c90-96b8-40d7-9903-af4c943c8b46,bushwood-golf-shack-auburndale-fl,Bushwood GOLF Shack,https://bushwoodgs.com/,,,,,ok
c26f88c9-36b9-41b9-97a7-e6732c05dcac,pinecraft-golf-shop-sarasota-fl,Pinecraft GOLF Shop,https://www.seenray.com/,,,,,ok
c27c35d4-e8f8-4ba0-8a65-774bc2029976,golf-ready-academy-westwood-nj,GOLF Ready Academy,https://golfreadyacademy.com/,Full Swing,,,,ok
c27d7d2c-a41b-4acb-9485-3b57174bbb60,grow-your-game-golf-center-riverview-mi,Grow Your Game GOLF Center,https://growyourgamegc.com/,GCQuad,,,,ok
c2f55076-9539-4075-a982-986e55529bfd,south-shore-golf-store-oakdale-ny,South Shore GOLF Store,https://www.southshoregolf.net/,Foresight,,,,ok
c32b4ca9-80e6-4b6d-9463-5a2613ca6c01,carls-golfland-at-saint-johns-resort-plymouth-mi,Carl's Golfland At Saint John's Resort,https://www.carlsgolfland.com/,TrackMan,,,,ok
c3326c34-bbf7-478d-82ed-d788851abdf7,the-pro-shop-westerville-oh,The Pro-shop,https://www.westervillegolf.com/,,,,,ok
c33f70e2-397f-4941-b59f-04e1ab099893,golf-fitting-studios-clifton-va,GOLF Fitting Studios,https://golffittingstudios.com/?keyword,,,,,failed
c3d33a77-6a29-431e-b6db-19d5bf28d5e8,tour-quality-golf-tulsa-ok,Tour Quality Golf,https://www.tourqualitygolf.com/,TrackMan,249,249,Onboarding session + practice roadmap25% off club fittings and repairs$249.99/month👉 Best for serious golfers [ SIGN,ok
c40c2727-6bfe-4936-90dc-d49b892d7b07,the-preserve-at-grand-view-lodge-pequot-lakes-mn,The Preserve At Grand View Lodge,https://www.grandviewlodge.com/courses/the-preserve,,,,,ok
c42af638-aa8c-4beb-98ce-c945a2de6a6b,mclam-golf-academy-orem-ut,Mclam GOLF Academy,https://mclamgolf.com/,GCQuad,,,,ok
c4c60263-619a-4cf3-946d-03200724e856,par-golf-tn-brentwood-tn,Par GOLF Tn,https://www.pargolftn.com/,,,,,ok
c4ed96ae-9d00-4c27-93ec-f30a83d4f821,center-stripe-golf-dacula-ga,Center Stripe GOLF,https://www.centerstripegolf.com/,TrackMan,,,,ok
c5429eb2-26fa-401f-b181-34731cbf30bb,operation-36-hq-golf-academy-keith-hills-lillington-nc,Operation 36 Hq GOLF Academy - Keith Hills,https://igrowgolf.com/,,,,,ok
c5ac38e1-bd7a-4bf4-9668-55053d4e499b,graves-golf-edmond-ok,Graves GOLF,https://gravesgolf.com/,,,,,ok
c5df9a1d-6dba-4b61-8781-644bdab3915e,old-town-trading-post-old-town-me,Old Town Trading Post,https://www.oldtowntradingpost.net/,,,,,ok
c6abd9d4-fe99-4895-b2ef-61e353d5a059,the-pines-golf-shop-nekoosa-wi,The Pines GOLF Shop,https://www.lakearrowheadgolf.com/golf,,,,,ok
c6c9ed7c-9e7c-40f2-9f0c-917a77c39dbd,club-shop-peanuts-golf-boone-nc,Club Shop Peanuts & GOLF,https://www.peanutsandgolf.com/,,,,,ok
c6efd0f2-dd88-4e26-ab2a-844914956609,eisman-golf-academy-laurel-hill-va,Eisman GOLF Academy,https://eismangolfacademy.com/,,,,,ok
c6f534d0-38c4-4287-ba5a-6847be61467d,bakers-custom-golf-tulsa-ok,Baker's Custom GOLF,https://bakerscustomgolf.com/,Foresight,,,,ok
c719836b-e0f6-4ae8-9ccc-aa3a2fb30d25,chase-cooper-golf-edmond-ok,Chase Cooper GOLF,https://www.chasecoopergolf.com/,TrackMan,,,,ok
c7574742-46ca-44e6-a0a6-43016f035297,golf-ball-pauls-kansas-city-ks,GOLF Ball Paul's,https://www.golfballpauls.com/,,,,,failed
c769435b-dfbf-41c7-956a-90ef2217afd1,dirtys-golf-shop-albuquerque-nm,Dirty's GOLF Shop,https://dirtysgolfshop.com/,,,,,ok
c76ab465-b618-4fa1-8cc9-8714f580f1a2,utah-ski-golf-park-city-ut,Utah Ski & GOLF,https://www.utahskigolf.com/,,,,,ok
c77fb57a-5307-4391-9f97-2c39bcaf4acd,pxg-houston-houston-tx,PXG Houston,https://www.pxg.com/pages/golf-stores/pxg-houston,TrackMan,,,,ok
c784e529-1093-4447-aac4-fddae9f11772,golf-emporium-rockford-mi,GOLF Emporium,https://thegolfemporium.com/,TrackMan,,,,ok
c7a2e3c3-0efe-4277-855f-1745fe7939d0,larry-hamilton-golf-rochester-mi,Larry Hamilton GOLF,https://www.larryhamiltongolf.com/,,,,,failed
c7a5208e-8083-48cf-8494-1bad0a546ded,hightee-memphis-tn,Hightee,https://hightee.org/,,,,,failed
c7f4bf8d-9f03-45b2-908f-ebf73ca45540,dogwood-country-club-raleigh-nc,Dogwood Country Club,https://dogwoodcountryclub.com/,TrackMan,,,,ok
c839c474-695a-4a90-bf5a-e0380ceceee9,mt-freedom-golf-randolph-nj,Mt Freedom GOLF,https://www.mtfreedomgolf.com/,,,,,ok
c860b27d-4cc4-453b-8b70-5e75fe02a0fd,golf-365-north-town-sheboygan-wi,GOLF 365 North Town,https://golf365wi.com/,,,,,ok
c8a4ab88-cfa5-43ac-b619-c348121d56aa,shelby-oaks-golf-club-sidney-oh,Shelby Oaks GOLF Club,https://shelbyoaks.com/,,,,,ok
c8b74104-f207-4d3b-8b96-a0619de93bc2,jl-golf-academy-stamford-ct,Jl GOLF Academy,https://jlgolfacademy.com/,,,,,ok
c8ffdaad-ad7b-45a9-972f-ab857655c91d,neighborhood-golf-shopmuni-kids-portland-or,Neighborhood GOLF Shop/muni Kids,https://neighborhoodgolfshop.com/,,,,,ok
c91f9be7-7fa9-4800-b2d1-f16c31a51537,the-golf-zone-club-fitting-flanders-nj,The GOLF Zone Club Fitting,https://www.thegolfzonenj.com/,GCQuad | TrackMan,,,,ok
c94c700b-9501-4141-8e17-9188637d8bad,just-putterin-around-golf-kailua-kona-hi,Just Putterin' Around GOLF,https://www.justputterinaround.com/,,,,,ok
c994984b-eaeb-43b2-b473-b0c27d4d46b3,go-low-golf-plymouth-mn,Go Low GOLF,https://www.golfgolow.com/,,,,,failed
c9d0eb68-d85e-40e8-899f-cb8bd473089d,phils-custom-golf-mira-loma-ca,Phil's Custom GOLF,https://www.philmooregolf.com/,,,,,ok
c9dc354e-b6a9-4064-8cc8-ffac62d7716a,patriot-golf-usa-longview-tyler-tx,Patriot GOLF USA Longview,https://patriotgolfusa.com/,,,,,ok
c9ea43c9-e0b0-4f58-af4b-3f5b90bf6c4a,golf-360-manchester-nh,GOLF 360,https://www.golf360academy.com/,,,,,failed
ca4bb1e7-16cd-4163-8941-e06ae555957a,impact-golf-studio-south-abington-township-pa,Impact GOLF Studio,https://edbathgolfinstruction.weebly.com/,,,,,ok
ca5b2e5a-b7cd-4f63-96a7-df5928830dba,the-clubmaker-bethlehem-pa,The Clubmaker,https://www.theclubmaker.net/,,,,,ok
ca7517bb-e52c-4512-9888-9dd1f65d66e4,augusta-custom-clubs-and-swing-analysis-augusta-ga,Augusta Custom Clubs And Swing Analysis,https://www.augustacustomclubs.com/,SkyTrak,,,,ok
ca9b9632-fca8-49db-ab8e-84d4823abbff,pga-shop-frisco-tx,PGA Shop,https://pgafrisco.com/shop/,,,,,ok
caa8c886-a2ba-489f-a44a-9474c37142d4,the-golf-lab-chantilly-va,The GOLF Lab,https://www.thegolflabva.com/,,,,,ok
caf82395-62ce-4ae3-a1a3-ba9105334e5f,wailua-golf-shop-kapaʻa-hi,Wailua GOLF Shop,https://www.kauai.gov/Government/Departments-Agencies/Parks/Golf,,,,,ok
cb2461d0-2e17-4e0f-b6ac-3b12c4eb2a25,leatherman-golf-learning-center-charlotte-nc,Leatherman GOLF Learning Center,https://www.leathermangolf.com/,,,,,ok
cb3aa282-39c2-40c0-8168-02291df39657,bluegrass-golf-academy-lexington-ky,Bluegrass GOLF Academy,https://bluegrassgolfacademy.com/,,,,,ok
cb3bf614-9325-4d8e-9ce8-2dc5f1b1195f,sportiva-golf-outlet-nyc-new-york-ny,Sportiva GOLF Outlet Nyc,https://sportivagolfoutlet.com/,,,,,failed
cba04bd1-1a9d-404c-aa1e-6857e3e6425f,studio-golf-wilton-ct,Studio GOLF,https://studiogolf.com/,TrackMan,,,,ok
cc3b6f0e-e7a2-43cd-8961-d883478e2b17,fizgolf-salt-lake-city-ut,Fizgolf,https://www.fizgolf.com/,,,,,ok
ccdb2644-699a-474b-b632-854983099d61,ready-golf-teaching-and-club-fitting-center-laconia-nh,Ready GOLF Teaching And Club Fitting Center,https://readygolfcenter.com/,TrackMan,75,75,f.jpg) #### [Club Fitting ](https://www.readygolfcenter.com/services) $75/45 minutes Get the most from your game,ok
cce684b0-4984-46dd-aec8-8d6b6cdf71d3,tdgolf-studio-herndon-va,Tdgolf Studio,https://www.tdgolfstudio.com/,,,,,ok
cd7774b6-6d3d-4216-824d-30199ee192aa,new-level-golf-co-scottsdale-az,New Level GOLF Co.,https://www.newlevelgolf.com/,,,,,failed
cdd3a1ad-ac7b-48c7-ac19-38fddf41329a,fore-3-fore-golf-shop-llc-charlottesville-va,"Fore 3 Fore GOLF Shop, LLC",https://www.fore3foregolf.com/,,,,,ok
ce132a37-b3a1-4fef-8573-df396785c7c2,scranton-golf-center-south-abington-township-pa,Scranton GOLF Center,https://www.scrantongolfcenter.com/index.html,,,,,ok
ce1fc203-5eb1-4485-9b2f-efc015b10a64,golf-shop-at-blue-hill-pearl-river-ny,GOLF Shop At Blue Hill,https://instagram.com/1924golfshop?igshid=Mzc1MmZhNjY=,,,,,ok
ce67bd4e-8b45-416d-b46f-519ab859bc0f,the-pointe-golf-club-powells-point-nc,The Pointe GOLF Club,https://www.thepointegolfclub.com/,,,,,ok
cec74346-8f1d-48ae-b7ef-9a13372a7944,gridiron-golf-club-athens-ga,Gridiron GOLF Club,https://gridirongolfclub.com/,TrackMan,,,,ok
cedd4deb-ddc5-4049-9ca5-489b292b83ff,the-golf-facility-mokena-il,The GOLF Facility,https://www.thegolffacility.com/,,,,,ok
cf06e5c9-3b3a-415e-9b60-1f6a1c6e4ecf,x-golf-brooklyn-brooklyn-ny,X-golf Brooklyn,https://www.xgolfbrooklyn.com/,,,,,ok
cf094cb4-c120-4d4d-b278-e103525fbb75,saints-golf-tinley-park-il,Saint's GOLF,https://www.golfsaints.com/,,,,,ok
cf1d8ea6-6b46-4788-9569-82dc1e4db2bd,lock-golf-academy-south-lyon-mi,Lock GOLF Academy,https://www.lockgolfacademy.com/,,,,,ok
cf8b1bc7-4d03-489c-b175-1768102e6ecf,tysons-west-golf-store-tysons-va,Tysons West GOLF Store,https://tysonswestgolfusa.com/,TrackMan,,,,ok
cf9041bb-3763-4522-a3d3-cdd81e14b715,par-tee-golf-center-west-columbia-sc,Par Tee GOLF Center,https://parteegolfsc.com/,,,,,ok
cf93282a-6d40-4102-8205-857075e9fab4,swingpoint-golf-las-vegas-nv,Swingpoint GOLF,https://swingpoint.golf/,,69,419,t-handed-bettinardi-queen-b-15-34-putter-la-golf-graphite-golf-club/) $419.99 [Add to cart](https://swingpoint.golf/? || sed-right-handed-teardrop-pat-35-5-all-black-putter-steel-golf-club/) $119.99 [Add to cart](https://swingpoint.golf/? || handed-cleveland-smart-sole-sand-wedge-wedge-flex-steel-golf-club-5/) $99.99 [Add to cart](https://swingpoint.golf/? || g-black-dot-glide-forged-pro-wedge-56-10-105g-wedge-steel-golf-club/) $69.99 [Add to cart](https://swingpoint.golf/? || our-issue-used-rh-odyssey-white-hot-xg-7h-35-putter-steel-golf-club/) $139.99 [Add to cart](https://swingpoint.golf/? || -jaws-raw-full-toe-r-grind-wedge-64-10-spinner-wedge-flex-golf-club/) $89.99 [Add to cart](https://swingpoint.golf/?,ok
cfb2f51d-2103-47fb-a128-848de687e4af,white-rose-golf-and-training-center-lancaster-lancaster-pa,White Rose GOLF And Training Center - Lancaster,https://www.lancasterindoorgolf.com/,,,,,ok
cfc34c95-4f05-4708-ae91-8dcba57858d5,golf-club-of-indiana-whitestown-in,GOLF Club Of Indiana,https://www.golfindiana.com/,,,,,ok
d01cb786-3798-4c7f-aa29-010bd10a4bcb,lakeshore-golf-studio-huron-oh,Lakeshore GOLF Studio,https://my.pga.com/coach/codymartin/schedule,,,,,failed
d02cb9e1-d562-4fad-9828-903f4ac2df06,swingtek-golf-academy-troy-mi,Swingtek GOLF Academy,https://www.swingtekga.com/,,,,,ok
d05f0849-4a62-4c91-ab2a-b7eb42fa7567,golf-usa-eden-prairie-mn,GOLF USA,https://www.facebook.com/Golf.USA.Eden.Prairie.Minnesota/,,,,,failed
d0a90b30-3f53-497b-a8aa-6e5a894c4627,impact-golf-center-draper-ut,Impact GOLF Center,https://www.impactgolfcenter.com/,,,,,ok
d0bb8456-6fa1-4e3d-a75b-87615ef2990d,golf-addiction-fargo-nd,GOLF Addiction,https://www.golfaddiction.biz/,,,,,ok
d11039f5-96c5-4938-98b7-8d7db1302bca,xfit-golf-lab-fort-lee-nj,Xfit GOLF Lab,https://calendar.app.google/sLw2hQ312eMYoc6G6,,,,,failed
d11deaa8-3d9c-418e-842a-e8134b3dceef,roger-dunn-golf-hawaii-lihue-hi,Roger Dunn GOLF Hawaii,https://www.rdgolfhi.com/,,,,,failed
d1638258-d38e-43c3-aba0-64d3748c66e2,mason-golf-golf-clinics-clinton-township-mi,Mason GOLF & GOLF Clinics,https://www.masongolf-golfclinics.com/,,,,,ok
d1721588-fb0e-4321-afa2-73dc2923abe1,skyway-golf-course-jersey-city-nj,Skyway GOLF Course,https://www.skywaygolfcourse.com/,,,,,ok
d2176c35-4e14-49f7-b4b4-a6df95f6c081,booyaa-golf-usa-ocoee-fl,Booyaa GOLF USA,https://www.booyaagolf.com/,,,,,ok
d24476c9-c25e-4501-93f2-245af96fd66e,pxg-westgate-glendale-az,PXG Westgate,https://www.pxg.com/pages/golf-stores/pxg-westgate,,,,,failed
d247202c-a93b-4811-a3b8-969111cb6b76,ace-of-clubs-llc-minot-nd,Ace Of Clubs LLC,https://aceofclubsllc.square.site/,,,,,failed
d2ae6d71-ab21-4d84-b8d4-496532f8bccd,gfore-supply-new-york-city-new-york-ny,G/fore Supply New York City,https://www.gfore.com/stores/gfore-supply-new-york-ny.html,,,,,failed
d3007280-a335-4e6b-9715-61a3558f8abe,wallace-golf-academy-chambersburg-pa,Wallace GOLF Academy,https://www.wallacegolfshop.com/collections/golf-academy,,,,,ok
d322fec9-2833-4410-bc6e-0557fa221ff9,lancaster-golf-academy-lancaster-pa,Lancaster GOLF Academy,https://www.lancastergolfacademy.com/,,,,,ok
d334d48a-bd24-4d5e-bcd3-c7e8fc633a94,north-georgia-golf-academy-dacula-ga,North Georgia GOLF Academy,https://www.northgeorgiagolfacademy.com/,GCQuad,,,,ok
d3395381-32d3-44de-ad20-eeb04db7ca14,pxg-denver-centennial-co,PXG Denver,https://www.pxg.com/pages/golf-stores/pxg-denver,TrackMan,,,,ok
d3891efc-561c-4d65-9935-288a23c1e7b0,sunfish-golf-and-apparel-madison-tn,Sunfish GOLF And Apparel,https://www.sunfishsales.com/,,40,45,om/product/animal-hybrid-headcovers/) Rated **4.8** out of 5 $40.00 – $45.00Price range: $40.00 through $45.00 [ ![K || ybrid-headcovers/) Rated **4.8** out of 5 $40.00 – $45.00Price range: $40.00 through $45.00 [ ![Knit Wool Hybrid Gol || s/) Rated **4.8** out of 5 $40.00 – $45.00Price range: $40.00 through $45.00 [ ![Knit Wool Hybrid Golf Headcover](ht,ok
d3b8b5f6-53a5-4444-a871-34bffb78a301,j-p-lann-golf-royal-oak-mi,J P Lann GOLF,https://www.jplann.com/,,,,,ok
d3c164e7-a519-4d62-b46c-9cb50f59bed5,altura-golf-lab-fort-wayne-in,Altura GOLF Lab,https://alturagolflab.com/,,,,,failed
d3cefb4e-620d-40db-b358-3f7f571c4fc1,gott-golf-custom-club-fitting-lakewood-co,Gott GOLF Custom Club Fitting,https://www.gottgolf.com/locations/lakewood,FlightScope | Quintic,,,,ok
d4331c70-a77c-45cb-8ed9-30791bd0436e,south-dakota-outdoor-shop-custer-sd,South Dakota Outdoor Shop,https://southdakotaoutdoorshop.com/,,,,,ok
d486c5b1-4673-4b97-9ac2-6262c0c5c014,novogolf-tappan-ny,Novogolf,https://www.novogolf.com/,TrackMan,,,,ok
d4b9d326-2124-42b8-8206-99abb581e6ff,hudson-golf-hoboken-nj,Hudson GOLF,https://hudsongolf.com/,TrackMan,,,,ok
d4d01d8d-875a-460c-b0dd-e7ca42e20f22,on-plane-golf-fix-denver-pa,On Plane GOLF Fix,https://www.onplanegolffix.com/,,,,,failed
d4ef0f13-13a9-46ed-b19a-74e69b8759b7,golf-lessons-nyc-new-york-ny,GOLF Lessons Nyc,https://www.evancathergolf.com/,TrackMan,,,,ok
d4fe8d7d-3365-4374-906d-6ac29d1d67ca,jj-golf-studio-ellicott-city-md,Jj GOLF Studio,https://jj-golf.com/,,,,,ok
d52e3918-f01c-4407-a359-80d67e3afe04,swing-lab-performance-golf-lakeville-mn,Swing Lab Performance GOLF,https://www.swinglabperformancegolf.com/,Quintic | TrackMan,150,800,ings are free with qualifying purchase._ [ Full BaG | 3.0 hr | FF: $400 | Qp: $2000](https://swinglabreservatio || eservation.simplybook.me/v2/#book/service/81) [ Driver | 1.0 hr | fF: $150 | qP: $400 ](https://swinglabreservatio || simplybook.me/v2/#book/service/81) [ Driver | 1.0 hr | fF: $150 | qP: $400 ](https://swinglabreservation.simplyboo || /v2/#book/category/1/service/8/count/1/) [ Wood/Hybrid | 1.0 hr | FF: $150 | QP: $300 ](https://swinglabreservatio || ategory/1/service/8/count/1/) [ Wood/Hybrid | 1.0 hr | FF: $150 | QP: $300 ](https://swinglabreservation.simplyboo || ok.me/v2/#book/category/1/service/11/count/1/) [ Irons | 1.0 hr | FF: $150 | QP: $800 ](https://swinglabreservatio,ok
d54355ee-a9c7-48aa-ab82-5547c70bcb24,pro-golf-discount-yakima-wa,PRO GOLF Discount,https://progolfyakima.com/,,,,,failed
d596477b-f9b4-4dce-a219-26651310aab8,felix-clubworks-collierville-tn,Felix Clubworks,https://www.felixclubworks.com/,,,,,ok
d597d8af-88c1-426f-b55b-0cc771dcaa23,keplers-golf-walnut-creek-ca,Kepler's Golf,https://www.keplersgolfrepair.com/,GCQuad,,,,ok
d5ac5094-f2af-4eb4-96a1-11e81071c8c6,ohana-golf-shop-hawaii-honolulu-hi,Ohana GOLF Shop Hawaii,https://www.instagram.com/ohanagolfhawaii,,,,,ok
d641d9e9-92c6-489b-ace7-d82608cd6a8a,continental-golf-raleigh-nc,Continental GOLF,https://www.continentalgolf.net/,,,,,ok
d65fe3aa-6bc8-4456-aee6-db35b9ad6fa8,palm-golf-co-huntington-beach-ca,Palm GOLF Co.,https://www.palmgolfco.com/,,69,69,width=216) Tailored Fit Feels like it was made for you View 4.6 3 for $69 [![Men's Canvas Glove - Palm Golf Co.]( || width=216) Tailored Fit Feels like it was made for you View 4.6 3 for $69 [![Men's Wanderer Glove - Palm Golf Co. || width=216) Tailored Fit Feels like it was made for you View 4.6 3 for $69 [![Men's Draper Glove - Palm Golf Co.]( || width=216) Tailored Fit Feels like it was made for you View 4.6 3 for $69 [![Women's Canvas Glove - Palm Golf Co.,ok
d6c62a41-f000-44a0-86cb-6bfe8ebbd773,21-golf-range-powered-by-toptracer-palisades-park-nj,21 GOLF Range Powered By Toptracer,https://www.21golfrange.com/,,,,,ok
d6cebb68-a6bc-44cb-ab65-8a0e1c048944,the-hack-shack-new-york-ny,The Hack Shack,https://www.thehackshack.com/,TrackMan,,,,ok
d709d0ac-cb8f-472b-a80c-ec2b93122b36,fairhope-golf-works-fairhope-al,Fairhope GOLF Works,https://fairhopegolfworks.com/,Foresight | TrackMan,,,,ok
d70b21d5-f2a3-47ac-8058-ab4c1d733119,lake-wales-country-club-lake-wales-fl,Lake Wales Country Club,https://lakewalescountryclub.com/,,,,,ok
d70e3627-891e-4cce-a2e5-92017f250743,buckeye-performance-golf-dublin-oh,Buckeye Performance GOLF,https://www.buckeyeperformancegolf.com/,,,,,ok
d719ab88-fe6c-4da3-9997-3dca5915a447,lake-house-sports-coralville-ia,Lake House Sports,https://lakehousesports.com/,,,,,ok
d78259dd-ddc5-4c6e-8a88-5cc637c88d45,windmill-golf-center-macedonia-oh,Windmill GOLF Center,https://www.windmillgolfcenter.com/,,,,,ok
d861d434-b30b-47eb-921f-763b630dee6d,1611-golf-club-fort-worth-tx,1611 GOLF Club,https://www.1611golf.com/,TrackMan,,,,ok
d86a63e5-e061-4e0d-9cfb-cbcab38f0513,kouros-logic-golf-rowland-heights-ca,Kouros Logic GOLF,https://www.facebook.com/profile.php?id=100063452656668,,,,,ok
d87d0d1e-b275-4bf8-999a-674e950694a3,the-golf-academy-at-power-ranch-gilbert-az,The GOLF Academy At Power Ranch,https://www.powerranchgolfclub.com/golf/academy,FlightScope,,,,ok
d8fad6c1-7fe4-4492-85f3-267ba516b6e2,golf-care-center-inc-bethesda-md,GOLF Care Center INC,https://www.golfcarecenter.com/,,,,,failed
d9a6c99c-d872-4f5c-a8dd-56f99ed966b0,country-club-of-maryland-golf-instruction-public-welcome-towson-md,Country Club Of Maryland GOLF Instruction - Public Welcome,https://www.owendawsongolf.com/,GCQuad,,,,ok
d9d32cc2-db1e-4adf-8262-a33f53c17c57,malone-golf-academy-old-hickory-tn,Malone GOLF Academy,https://malonegolfacademy.com/,,165,619,cademy.com/product-page/ping-g440-irons) [ Ping G440 Irons * * * Price$165.00 Excluding Sales Tax | Local Pickup Only || demy.com/product-page/ping-g440hybrids) [ Ping G440Hybrids * * * Price$319.00 Excluding Sales Tax | Local Pickup Only || demy.com/product-page/ping-g440-driver) [ Ping G440 Driver * * * Price$619.00 Excluding Sales Tax | Local Pickup Only,ok
da1a3dc6-ed55-4cf0-998b-8ef7a8fc95b4,pars-rec-golf-and-social-shop-albuquerque-nm,Pars & Rec GOLF And Social Shop,https://parsandrec.com/,TrackMan,,,,ok
da55aade-eae6-4f89-9e39-06010e2d7a48,j-golf-fort-lee-nj,J GOLF,https://sites.google.com/view/jgolfinfo,,,,,ok
da5a4de5-f6d2-4f00-818f-8ebbe175ffe4,caliber-golf-kenosha-wi,Caliber GOLF,https://calibergolf.com/,,225,579,.com/products/custom-fit-caliber-golf-putting-solution) Regular price $225.00 USD Regular price Sale price $225.00 U || /calibergolf.com/products/sub-70-005-wide-blade-putter) Regular price $359.00 USD Regular price Sale price $359.00 U || om/products/sub-70-010-mallet-putter-caliber-golf-copy) Regular price $359.00 USD Regular price Sale price $359.00 U || om/products/odyssey-white-hot-og-7-putter-caliber-golf) Regular price $375.00 USD Regular price Sale price $375.00 U || e-2-square-jailbird-putter-odyssey-golf-w-caliber-golf) Regular price $579.00 USD Regular price Sale price $579.00 U,ok
da78cba9-dba1-4daa-993e-287f28fbd848,glopro-golf-st-paul-mn,Glopro GOLF,https://gloprogolf.com/,,,,,ok
da9992fa-5def-4bcd-9fda-7868a6f4d113,the-indoor-golf-shop-celina-tx,The Indoor GOLF Shop,https://shopindoorgolf.com/,FlightScope | Full Swing | GC3 | SkyTrak | TrackMan,,,,ok
daa6cbcf-5e2f-43fb-943d-833086cb261e,hacker-golf-portland-or,Hacker GOLF,https://www.hackergolf.com/,,,,,ok
db21d32b-4622-478d-a27e-4a436e8e994f,usher-golf-savannah-ga,Usher GOLF,https://www.chipandputt.com/,,,,,failed
db25d724-4262-4232-a424-ff41b2a095e8,nikki-adams-golf-instructor-centennial-co,Nikki Adams GOLF Instructor,https://linktr.ee/nikkiadamsgolf,TrackMan,,,,ok
db2b7dc7-a953-429b-b0f2-ff2f8997c1f8,studio-golf-scottsdale-scottsdale-az,Studio GOLF Scottsdale,https://studiogolfclub.com/locations/scottsdale-az/,TrackMan,100,200,"t depends on the type of fitting you choose. Static fittings start at $100, while dynamic fittings start at $200. || hoose. Static fittings start at $100, while dynamic fittings start at $200. **Studio Golf** * [Meet the Team]",ok
db87d7df-3cfe-4a7e-947f-cf16f032b659,the-club-fix-texas-the-colony-tx,The Club Fix Texas,https://theclubfixtexas.com/,,,,,failed
dbe698a8-6b26-4d1e-98bf-a0338e560554,operation-36-hq-golf-academy-kings-grant-fayetteville-nc,Operation 36 Hq GOLF Academy - King's Grant,https://igrowgolf.com/,,,,,ok
dbef7cc6-60bc-4282-b602-5e692a4a8873,the-turn-white-hall-wv,The Turn,https://www.theturnwv.com/,,100,150,booking-calendar/driver-fitting-60-minutes) * * * 1 hr 100 US dollars $100 [Request to Book](https://www.theturnwv || booking-calendar/iron-fitting-90min) * * * 1 hr 30 min 150 US dollars $150 [Request to Book](https://www.theturnwv,ok
dc26d63f-993e-4c5a-b3fb-266ad2586393,golf-oasis-ct-monroe-ct,GOLF Oasis Ct,https://www.golfoasisct.com/,,,,,ok
dc30c4c5-4e4d-44a0-af5a-081aa26600b4,ruddos-golf-berlin-md,Ruddo's GOLF,https://www.ruddosgolf.com/,GC3,,,,ok
dc34fb0f-15c1-4427-b93c-1cb23b748b07,golf-house-tennessee-franklin-tn,GOLF House Tennessee,https://www.tngolf.org/learning-center-3548.html,,,,,ok
dc8a89ef-1171-4a3c-8dcc-217db30f0d2f,components-plus-ottawa-lake-mi,Components Plus,https://componentsplus.com/,,,,,failed
dc9045c9-0d52-4ece-80e5-563fb5a778f4,yes-golf-la-habra-ca,Yes GOLF,https://www.yesgolfshop.com/,,319,699,ducts/titleist-gts4-driver-rh-lh) Vendor: Titleist Regular price From $699.00 USD Regular price Sale price From $699 || /titleist-gts2-driver-rh-lh-copy) Vendor: Titleist Regular price From $699.00 USD Regular price Sale price From $699 || ducts/titleist-gts3-driver-rh-lh) Vendor: Titleist Regular price From $699.00 USD Regular price Sale price From $699 || ducts/usa-250-quantum-max-driver) Vendor: Callaway Golf Regular price $649.00 USD Regular price Sale price $649.00 U || uantum-triple-diamond-max-driver) Vendor: Callaway Golf Regular price $699.99 USD Regular price Sale price $699.99 U || 50-quantum-triple-diamond-driver) Vendor: Callaway Golf Regular price $699.99 USD Regular price Sale price $699.99 U,ok
dcf30764-d89a-418b-8b67-669f0ac15afc,hhi-golf-shoppe-hilton-head-island-sc,Hhi GOLF Shoppe,https://hhigolfshoppe.com/,TrackMan,,,,ok
dd14fb7b-5107-480c-bbc8-335e0a5974ea,by-pass-golf-shop-driving-spartanburg-sc,By Pass GOLF Shop & Driving,https://295bypassgolf.com/,,,,,ok
dd5251b1-876e-4a1f-9cd9-0f817117794b,glasby-golf-schools-gaylord-mi,Glasby GOLF Schools,https://glasbygolfschools.com/,,,,,ok
dd747ce5-ce5f-4847-9d3f-cdc8108e373a,pxg-atlanta-atlanta-ga,PXG Atlanta,https://www.pxg.com/pages/golf-stores/pxg-atlanta,,,,,failed
de0bf621-17e4-4ec3-8d94-f5ec84683a8c,shopgolfguys-portland-or,Shopgolfguys,https://www.shopgolfguys.com/pages/contact-us,,,,,ok
de309f73-c81b-4bf2-9677-cb34f510472d,callaway-golf-co-chicopee-ma,Callaway GOLF Co,https://www.callawaygolf.com/,,50,849,"on: Coastal Summer](https://www.callawaygolf.com/limited-edition) [ ![$50 off AI-ONE and AI-ONE Milled putters](h || _\(1\).gif?auto=webp&width=3000&quality=75) SHOP NOW AI-Dual Putters: $50 off](https://www.callawaygolf.com/ai-du || __1.jpg?sw=3000&q=75&bgcolor=F7F7F7&sfrm=png) Quantum Mini Driver From$549.99 ](https://www.callawaygolf.com/golf-clu || 0&q=75&bgcolor=F7F7F7&sfrm=png) Quantum Triple Diamond Max Driver From$699.99 ](https://www.callawaygolf.com/golf-clu || &q=75&bgcolor=F7F7F7&sfrm=png) Quantum Max OS Irons Single Irons From $157.14 Sets From $1,099.99 ](https://www.calla || __1.jpg?sw=3000&q=75&bgcolor=F7F7F7&sfrm=png) Quantum Max Hybrids From$319.99 ](https://www.callawaygolf.com/golf-clu",ok
de3c6930-8637-4d38-a488-22e343a1fb8f,hawaii-golf-sim-honolulu-hi,Hawaii GOLF Sim,https://hawaiigolfsim.com/,,,,,ok
de3ef111-7123-4243-9f63-705bd9bddd93,247-indoor-golf-stuart-fl,247 Indoor Golf,https://www.247indoorgolf.com/,GCQuad | SAM PuttLab | TrackMan,,,,ok
de9cad78-d2b4-41cd-a605-1d0d9c758f11,david-bass-golf-mebane-nc,David Bass GOLF,https://www.davidbassgolf.com/,Mevo,,,,ok
debcc161-98a6-448e-bd06-4d175f16ad09,img-academy-tour-studio-bradenton-fl,Img Academy Tour Studio,https://www.imgacademy.com/accommodations-and-travel/tour-studio,Foresight | SAM PuttLab | TrackMan,175,425,"files/tour-studio-outdoor4.jpg) ## Custom Club Fitting ### Full Set - $425* Driver, long game, irons and wedges, a || rons and wedges, and putter fitting. ***3 hour session** ### Driver - $175* Measure current driver length, swing w || cteristics measured. ***60-90 minute session** ### Irons and Wedges - $175* Measure loft, lie, length, swing weigh",ok
ded740bf-11d6-4335-a18b-06d703af7179,trader-golf-alpharetta-ga,Trader GOLF,https://www.tradergolf.com/,,,,,ok
df0c53e1-0353-42a1-878f-4c21edb76812,shaftshack-denver-co,Shaftshack,https://www.shaftshack.com/,,,,,ok
df133301-d742-4202-a117-2cc80c718593,coach-bear-golf-wichita-ks,Coach Bear GOLF,https://www.coachbeargolf.com/connect-with-coach-bear,,,,,ok
df2f1c84-a586-4659-afe5-538a1f77e964,swing-rx-golf-performance-bellbrook-oh,Swing Rx - GOLF Performance,https://swingrxgolf.com/,,,,,ok
df65d812-cf2c-45f9-af81-97d0edfa656d,wedges-and-woods-augusta-ga,Wedges And Woods,https://wedgesandwoods.com/,,,,,ok
df7840db-b568-489e-b422-5baefc6c328e,indoor-golf-at-chris-cotes-golf-shop-portland-ct,Indoor GOLF At Chris Cote's GOLF Shop,https://www.chriscotegolf.com/pages/book-indoor-golf,TrackMan,,,,ok
dfcc8ffb-e30b-433e-9436-823080bf8de0,carl-beaman-golf-shop-cape-carteret-nc,Carl Beaman GOLF Shop,https://starhillgolfclub.com/about/,,,,,ok
e06fa3de-1108-4912-b9af-8ba488556524,hawks-golf-performance-studio-ankeny-ia,Hawk's GOLF Performance Studio,https://hawksgolfstudio.com/,,,,,ok
e07c7c2d-fb08-4b37-9c18-408d2619f486,elite-golf-schools-of-colorado-lone-tree-co,Elite GOLF Schools Of Colorado,https://elitegolfofco.com/,,,,,failed
e07cff58-3f34-4e56-a4d2-b63c8d70c871,your-golf-shop-2-venice-fl,Your GOLF Shop 2,https://www.yourgolfshopfl.com/,Foresight,,,,ok
e1789517-90f3-4f78-99cf-d691d52b816d,the-north-golf-clothing-edina-mn,The North GOLF Clothing,https://www.thenorthgolf.com/contact,,,,,failed
e1b40580-34b1-44f9-8617-d669693d3a26,bobby-jones-golf-course-atlanta-ga,Bobby Jones GOLF Course,https://www.bobbyjonesgc.com/,,,,,ok
e1ce8597-ba6c-4747-b1b9-f4c6a4bf62aa,top-gun-custom-golf-pompano-beach-fl,Top Gun Custom GOLF,https://www.topguncustomgolf.com/,,,,,ok
e29eeb85-f94a-4ad6-8797-b0512ee775e9,pxg-kansas-city-overland-park-ks,PXG Kansas City,https://www.pxg.com/pages/golf-stores/pxg-kansas-city,TrackMan,,,,ok
e3405d37-c580-4423-af04-fddceaaf1cfe,club-house-llc-lafayette-in,Club House LLC,https://www.clubhouse-llc.com/,,,,,ok
e3496b0c-0fb7-4857-92d7-1345ef2fa9f7,kansas-golf-turf-inc-wichita-ks,Kansas GOLF & Turf INC,https://www.shopkgt.com/,,,,,ok
e382d71a-0c2b-4b88-aa0b-54e7bdc4932f,summit-golf-brands-new-york-ny,Summit GOLF Brands,https://www.summitgolfbrands.com/,,,,,ok
e3a89d28-8c9c-4a76-9003-368779fc7f55,bad-birdie-san-diego-ca,Bad Birdie,https://badbirdiegolf.com/,,,,,ok
e3c8ebb7-cce5-46ed-9ff7-211479fab3bb,guidry-golf-and-sport-mandeville-la,Guidry GOLF And Sport,https://www.guidrygolfandsport.com/,,,,,ok
e3e75ac1-2d01-4b58-b9dd-457e7e9e42dd,x-golf-ellisville-ellisville-mo,X-golf Ellisville,https://www.xgolfellisville.com/,,,,,ok
e47863c0-2dcf-4df2-9a14-41a0cdc2a19d,z-max-golf-studio-houston-tx,Z. Max GOLF Studio,https://instagram.com/z.max_golf_studio?igshid=ZGUzMzM3NWJiOQ==,,,,,ok
e4a1b74f-78a2-48b4-a852-30a797fc0f7c,koosa-golf-northeast-columbia-sc,Koosa GOLF Northeast,https://www.koosagolf.com/,,,,,ok
e4bafba0-0764-4819-92c9-1f26a02ded97,miles-of-golf-ypsilanti-mi,Miles Of GOLF,https://www.milesofgolf.com/,,,,,failed
e4bc41f6-f861-4ea9-b46a-d078d74c6a2d,golfers-warehouse-braintree-ma,Golfers' Warehouse,https://stores.worldwidegolfshops.com/ma/braintree/golfers-warehouse-brt.html,,,,,failed
e4eadfe0-8caf-4ab5-9593-8f849678e43a,under-par-golf-studio-lincoln-ne,Under Par GOLF Studio,https://www.underpargolfstudio.com/,,,,,ok
e5889b63-77e4-42e5-9be8-2a23de9a4165,the-learning-center-golf-goodlettsville-tn,The Learning Center GOLF,https://www.thelearningcentergolf.com/,,,,,failed
e594ddac-047f-49ea-952b-f6598c4a4879,play-better-golf-academy-addison-il,Play Better GOLF Academy,https://www.playbettergolfacademy.com/,,,,,failed
e5c5209c-3303-429c-84ec-fdfd3b202458,first-tee-golf-shop-goldsboro-nc,First Tee GOLF Shop,https://www.firstteegolfshop.com/,,,,,ok
e5ca52bc-37d7-4f77-9141-146b5122ce74,swingfit-bunker-hill-wv,Swingfit,https://www.swingfit.net/,,75,425,"fitting sessions, same day discount provided for multiple fits. ##### $100.00 [View more](https://swingfit.net/#) * || 0.00 [View more](https://swingfit.net/#) * ### Retro Fittings ##### $75.00 60 minute session designed to breathe n || [View more](https://swingfit.net/#) * ### Full Bag Make Over ##### $375.00 6 hour fitting session split across two || tom Fitting, Improve Your Game Today * ### Custom Fittings ##### $125.00 90 minute individual fitting sessions, || //swingfit.net/service/custom-fittings/) * ### Retro Fittings ##### $100.00 60 minute session designed to breathe n || wingfit.net/service/retro-fittings/) * ### Full Bag Make Over ##### $425.00 6 hour fitting session split across two",ok
e699e3bf-ae54-4a8c-b03a-3df19c338b99,ocean-edge-golf-pro-shop-brewster-ma,Ocean Edge GOLF PRO Shop,https://oceanedge.com/golf,,,,,ok
e6a01975-cdb9-4845-8677-5fcebbf091c5,pro-link-golf-wichita-ks,PRO Link GOLF,https://www.prolinkgolfwichita.net/,,,,,ok
e6bf20da-8471-4c77-8f37-3748e2588307,tour-truck-golf-hickory-nc,Tour Truck GOLF,https://tourtruck.golf/,,,,,failed
e6ca1a52-aded-4293-88c4-9c9bd31516a7,cart-path-only-golf-sport-club-harrison-nj,Cart Path Only GOLF & Sport Club,https://www.cartpathonlygc.com/,,,,,ok
e6d13c14-e722-4d3c-a315-aa66a921c288,the-links-at-lang-farm-essex-junction-vt,The Links At Lang Farm,https://www.linksatlangfarm.com/,,,,,ok
e748ccde-5feb-444a-9913-33e5a5344753,mulligans-indoor-golf-eagan-mn,Mulligan's Indoor GOLF,https://mulligansindoor.com/,,,,,ok
e774be5f-2ea5-4ddb-9efa-ac57f6ca6b8f,masek-golf-cars-of-new-mexico-albuquerque-nm,Masek GOLF Cars Of New Mexico,https://www.newmexicogolfcars.com/,,,,,failed
e781da56-cf0b-4c4a-acf0-048624c4ae4f,beehive-golf-club-pleasant-grove-ut,Beehive GOLF Club,https://beehivegolfclub.com/,TrackMan,,,,ok
e79db33c-d23f-4f81-a431-12c2fe1ce993,shooters-golf-shop-parkville-mo,Shooters GOLF Shop,https://www.shootersgolfshop.com/,,,,,failed
e7f3114e-3f30-49a1-b4d6-d92119f1a1e2,pro-fitted-golf-clubs-carpinteria-ca,Pro-fitted GOLF Clubs,https://pro-fittedgolfclubs.com/,FlightScope,,,,ok
e7f433e1-712d-48cb-9719-5d2dd8a45be0,dakota-sports-sioux-falls-sd,Dakota Sports,https://dakotasportsonline.com/,,,,,ok
e80444be-4f27-4886-b59f-d2aa44107b38,the-golf-room-dublin-oh,The GOLF Room,https://www.thegolfroom.com/,TrackMan,,,,ok
e80d180f-dc6c-4aa9-ba96-cf67e4647c71,jds-clubs-otsego-mn,Jd's Clubs,https://jdsclubs.com/,,115,380,/products/fujikura-axiom-105-370-tip-iron-shaft#yotpoReviewsWidget) **$115.00** Unit price / **Unavailable** * [![ || clubs.com/products/tpt-power-range-driver-shaft#yotpoReviewsWidget) **$380.00** Unit price / **Unavailable** * [![,ok
e837b0c7-b1e5-4ed5-8bd3-dedfedd7b5d0,puetz-golf-seattle-superstore-seattle-wa,Puetz GOLF Seattle Superstore,https://www.puetzgolf.com/,,200,200,"m/cleveland-rtx6-zipcore-wedge-tour-satin ""RTX Wedges"") [![Save up to $200](https://media.puetzgolf.com/pub/media/",ok
e857b312-40d9-46f8-b8ab-09c52ee7041b,world-of-golf-florence-ky,World Of GOLF,https://worldgolfky.com/,,,,,ok
e8846d16-afb3-458e-868d-82e7ec393b1d,trails-end-western-wear-tack-llc-searcy-ar,Trails End Western Wear & Tack LLC,https://trailsendwesternwear.com/pages/contact-us,,,,,ok
e88b184e-e3e3-473c-8a21-a1163bbf669c,jaxon-golf-somerville-ma,Jaxon GOLF,https://jaxongolf.com/,,,,,ok
e8a56e88-9be5-4b5e-88f9-183113a6ed1e,darren-husse-golf-academy-grand-blanc-mi,Darren Husse GOLF Academy,https://hussegolf.com/,,,,,ok
e8bbeb70-d89b-49d3-aa28-66379f65b854,twelve-stones-crossing-golf-club-goodlettsville-tn,Twelve Stones Crossing GOLF Club,https://www.twelvestonesgolfclub.com/,TrackMan,,,,ok
e8ce21df-6d5b-460a-b89b-55e9d680ca8b,global-golf-events-tournament-showroom-doylestown-pa,Global GOLF Events - Tournament Showroom,https://tournamentshowroom.com/,,,,,ok
e8ce5c66-8772-4a1a-8806-e5b01fca6175,black-diamond-golf-academy-provo-ut,Black Diamond GOLF Academy,https://blackdiamondgolfacademy.com/,TrackMan,,,,ok
e8e273a6-f36f-429f-83a9-ddbcab0faab7,tru-fit-custom-clubs-latham-ny,Tru-fit Custom Clubs,https://www.tru-fitclubs.com/about-us.html,,,,,ok
e9476f2f-8fc1-4340-8d02-a08c14353b9c,ace-of-clubs-east-mesa-mesa-az,Ace Of Clubs - East Mesa,https://www.aceofclubsgolfmesa.com/,,,,,ok
e958be70-7543-4612-b8b7-f5b9d83273f3,golfers-warehouse-danvers-ma,Golfers' Warehouse,https://stores.worldwidegolfshops.com/ma/danvers/golfers-warehouse-dvr.html,,499,499,knowledgeable and extremely helpful. Dave P 1 year ago I purchased a $499.00 AI Smoke SN flex shaft driver. I didn't,ok
e9d5e398-3bb7-4b68-86b0-32693d6d9254,the-golf-performance-center-at-westhaven-franklin-tn,The GOLF Performance Center At Westhaven,https://www.golfperformancecenterwesthaven.com/,,,,,failed
e9e4404c-3644-409c-803d-18f4e714b1ff,kyle-senatore-golf-instruction-new-york-ny,Kyle Senatore GOLF Instruction,https://theturnindoorgolf.com/,,,,,failed
e9ec4e51-6b99-4075-8c2e-e10c538616d9,paris-saint-germain-store-5th-ave-new-york-ny,Paris Saint-germain Store 5th Ave,https://www.lids.com/stores?_s=bm-LIDS-RETAIL-GMB,,,,,failed
e9f2746b-c5bf-4fa4-8b0f-d83f32000e7f,leading-edge-golf-okemos-mi,Leading Edge GOLF,https://www.legolfshop.com/,,,,,ok
ea3500b8-03bc-4793-8be6-ad71ba877132,high-performance-golf-institute-henderson-nv,High Performance GOLF Institute,https://highperformancegolf.com/,TrackMan,,,,ok
ea51fea8-87d0-4924-93ae-631f7d06e91d,pxg-cincinnati-cincinnati-oh,PXG Cincinnati,https://www.pxg.com/pages/golf-stores/pxg-cincinnati,TrackMan,,,,ok
ea5acb47-cc88-4494-aea2-3e0d462e696e,twincitiesgolfcom-eden-prairie-mn,Twincitiesgolf.com,https://www.twincitiesgolf.com/,,,,,ok
ead53a39-cc52-4aaf-86af-a5b835329643,sws-golf-performance-nixa-mo,Sws GOLF Performance,https://www.swsgolf.com/,,,,,ok
eae283a1-f464-47ae-b7c4-cd5f39d66aa3,ads-golf-inc-vista-ca,Ads GOLF INC,https://www.adsgolf.com/,,,,,ok
eb196178-5e35-4ba5-8cef-5a7ccdc475fe,golf-ball-manufacturers-loudonville-oh,GOLF Ball Manufacturers,https://anygolfball.com/,,,,,failed
eb5ee2b4-b743-4010-b042-81cb27de62fb,back-nine-golf-bentonville-ar,Back Nine GOLF,https://www.backninegolfacademy.com/,,,,,failed
ebb0fd6c-4eec-43fa-923d-f9433a7f29c5,ben-fulkerson-golf-louisville-ky,Ben Fulkerson GOLF,https://www.fulkersongolf.com/,,,,,failed
ebc1b26f-72c9-45a8-9fd9-92969ec97262,high-performance-golf-academy-nicholasville-ky,High Performance GOLF Academy,https://hpgolfacademy.com/contact/,,,,,ok
ec53b74b-b3f1-4356-ab87-373ee1248bad,golfcraft-spring-house-pa,Golfcraft,https://www.golfcraftpa.com/,,100,175,"uring proper gapping from irons into wedges * * * 2 hr 175 US dollars $175 Request to Book * [![](https://static || t, length, and grip for your driver. * * * 1 hr 30 min 125 US dollars $125 Request to Book * [![](https://static || aft, length, lie, and grip for your putter. * * * 1 hr 100 US dollars $100 Request to Book ![](https://static.wi",ok
ec800386-d9ee-4c51-9359-9446f4e3bac5,asao-golf-aiea-hi,Asao GOLF,https://asaogolf.com/,,,,,failed
ec9caf66-3d40-4342-bd91-f79e7b1e7f31,tee-time-golf-shop-jonesville-nc,Tee Time GOLF Shop,https://www.teetimegs.com/,,,,,ok
eccbcc86-670d-492c-816f-71b10a998978,westfields-golf-club-clifton-va,Westfields GOLF Club,https://www.westfieldsgolf.com/,,,,,ok
ed6df12a-ba72-42cb-8c08-a0314104cf42,bogeys-sports-park-richmond-va,Bogeys Sports Park,https://bogeyssportspark.com/,,,,,ok
ee0fc43b-21d1-4d1c-a43e-1f0b30922846,joes-golf-shop-hanover-pa,Joe's GOLF Shop,https://www.joesgolfshop.com/,,,,,ok
ee2629e3-1bf3-4d0a-b05f-4ff8da2d3e35,puetz-golf-tacoma-superstore-tacoma-wa,Puetz GOLF Tacoma Superstore,https://www.puetzgolf.com/,,200,200,"m/cleveland-rtx6-zipcore-wedge-tour-satin ""RTX Wedges"") [![Save up to $200](https://media.puetzgolf.com/pub/media/",ok
ee27cfa5-0270-4351-88aa-14446e7a675f,casto-golf-academy-sunbury-oh,Casto GOLF Academy,https://castogolf.com/,TrackMan,,,,ok
ee2889db-be4d-4059-ab12-5bdc8baf8d6c,the-golf-center-at-athletic-republic-escape-mt-laurel-township-nj,The GOLF Center At Athletic Republic Escape,https://www.golfmtl.com/,TrackMan,,,,ok
ee4bc751-23ee-4afd-8c22-014672afab50,a-to-z-golf-coaching-fitting-center-hampton-ga,A To Z GOLF Coaching & Fitting Center,https://atozgolfpro.com/,,,,,failed
ee8d9ae4-d7ab-4d41-b41e-36f463d1c32f,perfectly-fit-golf-clubs-golf-club-fittings-golf-lessons-escondido-ca,Perfectly Fit GOLF Clubs - GOLF Club Fittings & GOLF Lessons,https://perfectlyfitgolfclubs.com/,GCQuad,,,,ok
ef32e087-c173-427a-bafd-93907f4e644b,lennys-golf-and-ski-shop-aurora-co,Lenny's GOLF And Ski Shop,https://www.lennysskiandgolf.com/,,,,,ok
ef64d15d-3d41-4733-9365-931dff2aa19b,garage-golf-fort-lauderdale-fl,Garage GOLF,https://mygaragegolf.com/,FlightScope | GC3 | SkyTrak,,,,ok
f034bcaa-ed31-4789-b79b-8f19b2e741e1,actyve-golf-warehouse-garden-city-ny,Actyve GOLF Warehouse,https://www.actyvegolf.com/,,,,,ok
f06e4564-e773-4408-bc9d-7f7e4df6ae5d,aloha-golf-center-vegas-las-vegas-nv,Aloha GOLF Center Vegas,https://www.alohagolfcenter.net/,,,,,ok
f07047c4-b276-4c82-8f03-20dabd54ec24,jbc-golf-inc-brighton-ma,Jbc GOLF INC,https://golf-clinics-for-women.square.site/,,,,,ok
f072377b-bf65-4719-b6ad-17c79f37a8d0,ferguson-golf-institute-forest-hill-md,Ferguson GOLF Institute,https://www.fgigolf.com/,,,,,ok
f0741644-218a-4454-a2d8-fe59c7b6db41,night-hawk-golf-center-gambrills-md,Night Hawk GOLF Center,https://nighthawkgolfcenter.com/,,,,,ok
f0886105-1549-423c-a1eb-5151f0688df2,golf-defined-mclean-va,GOLF Defined,https://www.golfdefined.com/,GCQuad,,,,ok
f0a14656-fcaa-4b55-ac13-f0221c815f57,the-skramble-house-of-golf-horsham-pa,The Skramble House Of GOLF,https://www.skramblekop.com/,GCQuad,,,,ok
f0f66c83-94cb-486a-b22f-6ef4ee9029ec,grip-it-golf-repair-pinole-ca,Grip It GOLF Repair,https://www.gripitgolfrepair.com/,,90,90,"itting on Irons Custom Fitting on all Iron sets “FREE” with purchase ($90 Value). * ![Grip It Golf, LLC](https:",ok
f10a8ca6-a932-4e0f-96f5-3aa454becd11,tour-tuned-llc-southampton-ma,Tour Tuned LLC,https://www.tourtuned.com/,,,,,ok
f1199e19-44b8-4c1b-bd01-4a3e6f6a1720,quick-grips-llc-mesquite-nv,Quick Grips L.l.c.,https://quickgrips.net/,,,,,failed
f14987dd-b978-4e76-a5b9-12bfa1881871,konnectgolf-new-york-ny,Konnectgolf,https://konnectgolf.com/,TrackMan,,,,ok
f151d415-929b-4e13-9ee5-df9f714ecd6e,golf-usa-omaha-ne,GOLF USA,https://www.golfusaomaha.com/,,,,,ok
f15ba70b-1413-428e-aef5-3bc24d7cf33e,joe-leighs-discount-golf-pro-shop-south-easton-ma,Joe & Leigh's Discount GOLF PRO Shop,https://www.pineoaks.com/,,,,,ok
f1bc0199-7a4c-443c-82db-700f53d194b3,flagstick-golf-performance-boynton-beach-fl,Flagstick GOLF Performance,https://flagstickgolfperformance.com/,Foresight,,,,ok
f21f15d8-a14e-4534-8525-54c0e5846407,golf-learning-center-paddys-pro-shop-cumberland-me,GOLF Learning Center & Paddy's PRO Shop,https://www.golflearningcenterme.com/,,,,,ok
f23aec6d-2937-4e6a-8f9a-65be5c16f072,lady-golf-the-fashion-house-palm-desert-ca,Lady GOLF - The Fashion House,https://www.ladygolf.com/,,,,,ok
f2b6193e-564f-46ad-bce9-4684138651fb,bigga-balls-golf-stratford-ct,Bigga Balls GOLF,https://biggaballs.com/,,,,,ok
f2d079e9-be36-40d3-a4e7-96637de88d59,x-golf-madison-madison-wi,X-golf Madison,https://playxgolf.com/locations/madison/,,,,,failed
f3d1512f-f25e-4c6b-9d63-3e4dd29f67fc,bomb-discs-lexington-ky,Bomb Discs,https://bombdiscs.com/,,,,,ok
f4209f98-8710-4071-a2ac-5f7f295b9a72,austads-golf-sioux-falls-sioux-falls-sd,Austad's GOLF - Sioux Falls,https://austads.com/pages/sioux-falls-store,Foresight,400,400,ustads.com/pages/shipping-information) [HOT DEAL ALERT! Drivers Under $400](https://austads.com/collections/driver,ok
f43b51cc-f4de-4a9f-96c3-0a5ac90314ea,tour-van-minneapolis-minneapolis-mn,Tour Van - Minneapolis,https://fitting.2ndswing.info/tour-van-fitting/,,100,100,tweak their equipment before events. Tour Van fittings are valued at $100 per hour. For more details on 2nd Swing,ok
f48f980e-a8d8-4ed3-adf5-51ea2c88747a,indi-golf-carlsbad-ca,Indi GOLF,https://indigolfclubs.com/,GCQuad,,,,ok
f4994ecc-603d-4c43-9025-0a2c8e2f8bf5,rhode-island-golf-association-providence-ri,Rhode Island GOLF Association,https://www.rigalinks.org/,,,,,failed
f4d2ddd7-e856-46d3-8dc3-1fe2ee7f6170,the-teehouse-complex-cape-girardeau-mo,The Teehouse Complex,https://www.teehousecomplex.com/,,,,,ok
f5256097-e630-49e5-96a3-ca36004e27e4,golfballsnet-martensdale-ia,Golfballs.net,https://www.golfballs.net/,,,,,ok
f537d7d5-8ad8-4db8-b6ad-86d5e165a16f,david-ayres-lowcountry-custom-golf-mt-pleasant-sc,David Ayres' Lowcountry Custom GOLF,https://lowcountrycustomgolf.com/,Foresight,60,60,l ensure the best fit for your game. ### Reserve your set here. ##### $60/set ~ $25 each additional day [Click He,ok
f54e81e8-ea51-402d-bcec-f972ea5930f1,addicted-to-golf-williamsburg-va,Addicted To GOLF,https://www.addictedtogolf.com/,SkyTrak,,,,ok
f5592230-613f-4625-bf1e-30d2541dfab7,hawks-view-golf-club-lake-geneva-wi,Hawk's View GOLF Club,https://www.hawksviewgolfclub.com/,,,,,ok
f691ab13-6b9c-40fb-91af-003442fd330d,true-clubs-carmel-in,True Clubs,https://www.trueclubs.com/,TrackMan,,,,ok
f6967776-f4a4-4a6b-9f04-135c35ca10db,discs-unlimited-herington-ks,Discs Unlimited,https://www.discsunlimited.net/,,,,,ok
f6e302d9-8d55-4f42-8a96-817fc507c9cf,kellys-golf-greensboro-nc,Kelly's GOLF,https://www.kellysgolf.com/,,,,,ok
f7017824-f849-4f99-bb1f-cf1eb3c5ff5c,discount-golf-apparel-store-by-2nd-swing-minnetonka-mn,Discount GOLF Apparel Store By 2nd Swing,https://www.2ndswing.com/discount-golf-apparel-shop/,,,,,ok
f73284b5-9267-4faa-b9b6-0e629bb22cc8,blue-ridge-shadows-golf-club-front-royal-va,Blue Ridge Shadows GOLF Club,https://www.blueridgeshadows.com/,,,,,ok
f75510ad-9018-4495-b11f-ca6992cf0a96,the-golf-house-dublin-oh,The GOLF House,https://www.theohiogolfhouse.com/,GCQuad,,,,ok
f7a8e01a-03c6-40e8-97e3-3709b1913cf6,mnml-golf-club-redondo-beach-ca,Mnml GOLF Club,https://mnmlgolf.club/,,399,469,s://mnmlgolf.club/products/mezz-1-max-stock-lab-putter) Regular price $469.00 Regular price Sale price $469.00 Unit || https://mnmlgolf.club/products/df-2-1-lab-stock-putter) Regular price $399.00 Regular price Sale price $399.00 Unit || utter ](https://mnmlgolf.club/products/oz-1-lab-putter) Regular price $449.00 Regular price Sale price $449.00 Unit,ok
f7c2bab0-54e4-4f75-915a-6445147a1c5d,lonnie-poole-golf-course-raleigh-nc,Lonnie Poole GOLF Course,https://www.lonniepoolegolfcourse.com/,,,,,ok
f7d6d17a-7eae-4537-8a59-63291d635a0f,edge-golf-performance-columbia-md,Edge GOLF Performance,https://edgegolfperformance.com/,TrackMan,,,,ok
f7dfc115-bee4-4565-8ad3-c9774f268812,eastern-maine-sr-golf-assoc-morrill-me,Eastern Maine Sr. GOLF Assoc,https://www.emsga.org/About-Us.html,,,,,failed
f7fbfc20-4c92-4c6a-9491-3e183cc32f93,the-golf-guys-bonita-springs-fl,The GOLF Guys,https://www.thegolfguys.com/,GCQuad,100,524,nardi-queen-b-16-remix-putter-w-35-25-steel-shaft-mint) Regular price $399.99 USD Regular price Sale price $399.99 U || o-honeycomb-putter-w-35-inch-steel-shaft-above-average) Regular price $524.99 USD Regular price Sale price $524.99 U || putter-35-inch-right-hand-graphite-shaft-above-average) Regular price $374.99 USD Regular price Sale price $374.99 U || emium custom fitting experience for golfers of all skill levels. Your $100 fitting fee can be applied toward quali,ok
f8264ecf-640a-4780-a4d9-261dacea3bae,georgia-golf-center-roswell-ga,Georgia GOLF Center,https://www.georgiagolfcenter.com/,,,,,failed
f840dfdf-fb1f-4885-9c2f-399304eb02ad,golfzon-range-by-leadbetter-little-ferry-nj,Golfzon Range By Leadbetter,https://www.golfzonrange.com/,,,,,ok
f8668a1d-3915-4f3b-8ce2-1bc0d9a02fb1,newport-country-club-newport-vt,Newport Country Club,https://www.newportscountryclub.com/,,,,,ok
f87cbf90-5f54-4fb3-9315-bb9debbd1279,coombes-champion-golf-quincy-ma,Coombes Champion GOLF,https://coombesgolf.com/,,,,,failed
f89d2d16-311d-4757-9a6b-96624cad4da6,chris-foley-golf-school-east-gull-lake-mn,Chris Foley GOLF School,https://chrisfoleygolf.com/,TrackMan,,,,ok
f8bd499c-45e2-4aef-ac84-6fb83d49a9cd,tee-time-golf-new-york-ny,Tee Time GOLF,https://www.teetimenyc.com/,,119,289,iver-headcover-white) [ PIV'VEE Caddi'vee Driver Headcover White Price$129.00 Excluding Sales Tax ](https://www.teeti || -headcover-ebony-black) [ Caddi'vee driver headcover ebony black Price$129.00 Excluding Sales Tax ](https://www.teeti || r-cover-pistacchio-mint) [ Piv'vee driver cover pistacchio mint Price$119.00 Excluding Sales Tax ](https://www.teeti || er Driver Cover Made By Finest Calf Leather [Hand-Made] - White Price$189.00 Excluding Sales Tax ](https://www.teeti || teetimenyc.com/product-page/white-iron-cover) [ White Iron Cover Price$132.00 Excluding Sales Tax ](https://www.teeti || age/basic-iron-cover-set-black) [ Basic Iron Cover (Set) - Black Price$289.00 Excluding Sales Tax ](https://www.teeti,ok
f8c1238c-eb63-41ed-817c-9625588568be,golf-liquidation-yuma-az,GOLF Liquidation,https://www.golfliquidationsale.com/,,,,,failed
f9037f70-5872-45b8-9455-d88d367303d9,popcorns-golf-stuff-owensboro-ky,Popcorn's GOLF & Stuff,https://popcornsgolfandstuff.com/,,,,,ok
f90c4659-caea-41db-be2d-96b25742d298,moon-golf-auburn-auburn-al,Moon GOLF - Auburn,https://moongolf.com/,,,,,failed
f92b44da-342a-4195-b903-883506c266fa,golf-usa-fayetteville-fayetteville-ar,GOLF USA Fayetteville,https://www.facebook.com/GolfUSAFayetteville,,,,,failed
f972f0eb-b39a-4dc5-a814-3a2280ccec9c,mizuno-foundry-johns-creek-ga,Mizuno Foundry,https://www.mizunofoundry.com/,SAM PuttLab | TrackMan,,,,ok
f98c8a4b-3871-4f14-9e14-04fc3d5d85ac,the-golf-shop-gulfport-fl,The GOLF Shop,https://www.golfshoprepairtampabay.com/,,,,,ok
f99ca272-8e6d-4e77-b1fe-fd2529230257,performance-club-fitting-northwest-golf-academy-barrington-il,Performance Club Fitting @ Northwest GOLF Academy,https://performanceclubfitting.com/,,,,,ok
f9bcdbe9-2f82-4583-a63a-5ff3c1200160,fogg-brook-resort-golf-course-palmyra-me,Fogg Brook Resort - GOLF Course,https://www.foggbrookresort.com/,,,,,failed
f9ca02ca-16e9-4295-a9bc-d74c70cc3d62,imagen-golf-doylestown-pa,Imagen GOLF,https://imagengolf.com/,,,,,ok
f9ccbc1e-7944-4b36-828b-0643e258be5f,tennessee-grasslands-golf-and-tennis-performance-improvement-center-gallatin-tn,Tennessee Grasslands GOLF And Tennis Performance Improvement Center,https://www.tngrasslands.com/,,,,,ok
f9cd5f7a-ed07-46d9-a20a-978a3c9bac08,golf-etc-lakeland-lakeland-fl,GOLF Etc. Lakeland,https://www.golfetclakeland.com/,,,,,ok
f9f11a49-02cc-4df9-a086-249091865e26,eagle-zone-golf-sikeston-mo,Eagle Zone GOLF,https://eaglezonegolf.com/,,,,,ok
fa59e4e5-fb80-450b-a80d-06afcbf34896,pure-swing-golf-dallas-tx,Pure Swing GOLF,https://www.pureswinggolf.com/,GCQuad,,,,ok
fa67168a-1036-4dfa-8270-abd80df952f8,all-star-golf-mooresville-nc,All Star GOLF,https://www.mooresvillegolfrange.com/all-star-golf-shop,,,,,ok
faa63dfc-967e-45ca-ac9a-eb903e3f3a91,golf-apparel-shop-st-augustine-fl,GOLF Apparel Shop,https://www.golfapparelshop.com/,,,,,failed
fabab33a-b3e4-455a-a42a-c38638275c11,golf-apparel-shop-lutz-fl,GOLF Apparel Shop,https://www.golfapparelshop.com/,,,,,failed
fae63042-4f86-4c9f-a28a-60049e12614f,the-golf-doctor-dc-washington-dc,The GOLF Doctor - Dc,https://www.golfdoctordc.com/,TrackMan,,,,ok
fb1cbd7a-4ed5-4aec-83c0-8bf3b4535a6e,abbos-clubworks-jonesboro-ar,Abbos Clubworks,https://www.abbosclubworks.com/,,,,,failed
fb23d30f-c491-4ae8-aebb-26749187ddc3,the-golf-hut-derby-ks,The GOLF Hut,https://www.thegolfhutderby.squarespace.com/,,,,,ok
fb6a003f-fb6d-49a6-86a6-1209870fa1ed,fit2score-golf-club-fitting-and-custom-clubs-carrollton-tx,Fit2score GOLF Club Fitting And Custom Clubs,https://www.fit2score.com/,,,,,ok
fb8dc7a3-76f1-4906-86e7-0d27318aebd0,quiet-golf-costa-mesa-ca,Quiet GOLF,https://www.quietgolfclub.com/,,,,,failed
fb98d6f8-f15e-402f-9616-3fb6a90c9a6d,two-guys-with-balls-milwaukee-wi,Two Guys With Balls,https://twoguyswithballs.com/,,,,,ok
fbc7db24-69fa-4ece-9c96-55ddf8d23c96,mulligan-golf-gift-store-myrtle-beach-sc,Mulligan GOLF Gift Store,https://mulliganhooligangolf.com/,,,,,ok
fc1581ef-9343-48ab-9abb-633de7725bf3,westerville-golf-center-westerville-oh,Westerville GOLF Center,https://www.westervillegolf.com/,,,,,ok
fc31e517-49dd-4dc2-95b6-86fa37d88ce7,north-iowa-golf-center-mason-city-ia,North Iowa GOLF Center,https://www.northiowagolf.com/,TrackMan,,,,ok
fc394cb7-ede2-4be4-ad5a-a4d3b7ad8dac,j-m-golf-shop-st-john-in,J & M GOLF Shop,https://jandmgolf.com/,,,,,ok
fc761cb3-d1da-4b30-8a75-4f8ab3e45e2d,cappys-club-repair-shop-westlake-oh,Cappy's Club Repair Shop,https://cappysclubrepair.com/,,,,,ok
fc87159b-b959-4358-8e0f-6df2373c9ed8,wisconsin-indoor-golf-center-waukesha-wi,Wisconsin Indoor GOLF Center,https://wisconsinindoorgolfcenter.com/,,,,,ok
fcda2b57-a2c0-4b18-83aa-7a6a39ee09a4,matchstick-golf-portland-or,Matchstick GOLF,https://www.matchstickgolf.com/,,145,195,oducts/usa-starter-jacket-eagle-upcycled-headcover-driver) No reviews $176.00 USD [ New ![](https://matchstickgolf.co || ducts/usa-dream-team-basketball-upcycled-headcover-driver) No reviews $176.00 USD [ New ](https://matchstickgolf.com/ || cts/usa-starter-jacket-olympics-upcycled-headcover-driver) No reviews $155.00 USD [ New ](https://matchstickgolf.com/ || ickgolf.com/products/u-s-soccer-upcycled-headcover-driver) No reviews $155.00 USD [ New ](https://matchstickgolf.com/ || lympic-starter-jacket-upcycled-headcover-wood-hybrid-no-2) No reviews $145.00 USD [ New ](https://matchstickgolf.com/ || lf.com/products/usa-soccer-upcycled-headcover-wood-hybrid) No reviews $145.00 USD [ New ](https://matchstickgolf.com/,ok
fd30b0b5-5c3c-4c39-b9d6-26303435407f,club-guy-golf-cary-nc,Club Guy GOLF,https://www.clubguygolf.com/,SkyTrak,,,,ok
fd38b997-8aa8-4a7f-931b-ab4b7d61f12d,vermont-golf-association-shelburne-vt,Vermont GOLF Association,https://vtga.org/,,,,,ok
fda82da7-85ce-43f9-a876-1ed2b59cabf5,rick-sellers-indoor-golf-center-bloomington-il,Rick Sellers Indoor GOLF Center,https://golfwithrick.com/,,,,,failed
fe03e068-f96c-428e-af38-35b595d3cf37,premium-golf-shirts-murfreesboro-tn,Premium GOLF Shirts,https://www.premiumgolfshirts.com/,,,,,ok
fe6e7e88-53f9-402e-a395-78eeaaf6d6ae,apexgolf-instruction-salt-lake-city-ut,Apexgolf Instruction,https://www.apexgolfinstruction.com/salt-lake-city,,,,,ok
fe8d4452-5051-4015-8c2d-9e674662f873,robert-mark-golf-pawtucket-ri,Robert Mark GOLF,https://www.robertmarkgolf.com/pages/contact,,,,,ok
fea055e4-0e40-46c2-8d2e-d58c4c71827c,hit-it-again-golf-salem-or,Hit It Again GOLF,https://hititagaingolf.com/,,,,,ok
feb6bf17-9646-4556-b5a8-09fe73182ae0,dogleg-north-fargo-nd,Dogleg North,https://www.doglegnorth.com/,,,,,ok
feba1996-18b4-4fef-a385-e608aff24fde,puetz-golf-bellevue-superstore-bellevue-wa,Puetz GOLF Bellevue Superstore,https://www.puetzgolf.com/,,200,200,"m/cleveland-rtx6-zipcore-wedge-tour-satin ""RTX Wedges"") [![Save up to $200](https://media.puetzgolf.com/pub/media/",ok
fec9d951-b278-4983-a828-7fe5963b4f5e,ash-brook-golf-course-scotch-plains-nj,Ash Brook GOLF Course,https://www.ashbrookgolfcourse.com/,,,,,ok
fecfb858-a39b-4717-a676-6626bea69087,uinta-golf-sandy-ut,Uinta GOLF,https://stores.worldwidegolfshops.com/ut/sandy/uinta-golf-sdy.html,,,,,ok
fed7caa1-b354-410f-8098-ea691fb5ba37,rons-golf-shop-cincinnati-oh,Rons GOLF Shop,https://www.ronsgolfshop.com/,,429,699,"Damascus seven db retail price: $699 usA 250 freebird retail price: $429 1st Prize 2nd Prize putter Raffle r || urday, July 3rd About the Putters: How to Enter: Damascus Seven DB $699 retail price New Callaway limited editi || e New Callaway limited edition putter USA 250 Freebird (aka Jailbird) $429 retail price USA limited edition putter",ok
fedf52f8-6da0-45da-825d-0b2105e22565,pelican-golf-club-fittings-and-golf-repair-west-chicago-il,Pelican GOLF Club Fittings And GOLF Repair,https://pelicangolfcenter.com/,,,,,failed
fee4592d-c269-4bd1-b0c4-540ed21749aa,off-price-golf-carlsbad-ca,Off-price GOLF,https://offpricegolf.com/pages/contact-us,,,,,ok
feee617e-0c73-42a6-8de5-0f11ccd32167,golf-center-grand-forks-nd,GOLF Center,https://www.thegolfcenter.net/,,,,,ok
ff0bd514-855e-4fae-a6ed-41252394c0b9,mcintyre-golf-omaha-ne,Mcintyre GOLF,https://www.mcintyregolf.com/contact,,,,,ok
ffe0beab-984d-42c9-8002-100eee021dd1,kyle-willmann-golf-oklahoma-city-ok,Kyle Willmann GOLF,https://www.kylewillmanngolf.com/,,,,,ok
fffbf6de-46c4-4818-bafb-986f46133400,golf-balls-everywhere-linwood-pa,GOLF Balls Everywhere,https://www.golfballseverywhere.com/,,,,,ok
