name,shop_type,primary_service,is_chain,phone,website,street,city,state,state_code,postal_code,latitude,longitude,time_zone,rating,rating_tier,reviews,photos_count,has_photos,verified,location_link,services,num_services,offers_fitting,fitting_environment,public_fitting,working_hours,open_on_weekends,business_status,outreach_ready,services_source,query,area_service,owner_title,about,enrichment_status
Alaska Sim 72 GOLF,Simulator,Golf Simulator,False,(907) 301-3700,https://alaskasim72.com/,4230 Old Seward Hwy,Anchorage,Alaska,AK,99503,61.18186559999999,-149.8688811,America/Anchorage,4.9,Top Rated,0,64,True,True,"https://www.google.com/maps/place/Alaska+Sim+72+Golf+%28previously+Divots+Golf+Anchorage%29/@61.181865599999995,-149.86888109999998,14z/data=!4m8!1m2!2m1!1sAlaska+Sim+72+Golf+%28previously+Divots+Golf+Anchorage%29!3m4!1s0x56c8971a6bb4f783:0x3776591ff8937b36!8m2!3d61.181865599999995!4d-149.86888109999998",Club Repair | Custom Club Building | Golf Simulator | Retail / Pro Shop,4,False,Indoor,True,"{""Wednesday"": [""10AM-10PM""]}",False,OPERATIONAL,True,crawled,independent clubmaker Alaska,False,Alaska Sim 72 Golf,"{""Accessibility"": {""Wheelchair accessible entrance"": true, ""Wheelchair accessible parking lot"": true, ""Wheelchair accessible restroom"": true}, ""Other"": {""LGBTQ+ friendly"": true, ""Identifies as women-owned"": true}}",
Moon GOLF - Auburn,Clubfitter,Club Fitting,False,(334) 239-4300,https://moongolf.com/,2006 Samglenn Dr #500,Auburn,Alabama,AL,36830,32.6035552,-85.44089009999999,America/Chicago,4.7,Top Rated,0,94,True,True,"https://www.google.com/maps/place/Moon+Golf+-+Auburn/@32.603555199999995,-85.44089009999999,14z/data=!4m8!1m2!2m1!1sMoon+Golf+-+Auburn!3m4!1s0x888ced23c01e97a1:0xabf581df2dd4b89d!8m2!3d32.603555199999995!4d-85.44089009999999",Club Fitting | Club Repair | Golf Simulator | Launch Monitor | Retail / Pro Shop,5,True,Indoor,True,"{""Wednesday"": [""9AM-6PM""]}",False,OPERATIONAL,True,crawled,boutique golf shop Alabama,False,Moon Golf - Auburn,"{""Accessibility"": {""Wheelchair accessible entrance"": true, ""Wheelchair accessible parking lot"": true}}",
Inverness GOLF & Repair,Clubfitter,Club Fitting,False,(205) 991-1008,https://invernessgolfbham.com/,4647 US-280 D,Birmingham,Alabama,AL,35242,33.4261971,-86.7016177,America/Chicago,4.8,Top Rated,0,15,True,False,"https://www.google.com/maps/place/Inverness+Golf+%26+Repair/@33.426197099999996,-86.7016177,14z/data=!4m8!1m2!2m1!1sInverness+Golf+%26+Repair!3m4!1s0x888917b32bb3841f:0xc9262c9f7bbd7928!8m2!3d33.426197099999996!4d-86.7016177",Club Fitting | Club Repair | Retail / Pro Shop,3,True,Indoor,True,"{""Wednesday"": [""8:30AM-5PM""]}",False,OPERATIONAL,True,crawled,custom club fitting Alabama,False,Inverness Golf & Repair,"{""Accessibility"": {""Wheelchair accessible entrance"": true, ""Wheelchair accessible parking lot"": true}}",
Fairhope GOLF Works,Clubfitter,Club Fitting,False,(425) 218-4218,https://fairhopegolfworks.com/,552 S Section St,Fairhope,Alabama,AL,36532,30.5084818,-87.90333919999999,America/Chicago,5.0,Top Rated,0,19,True,True,"https://www.google.com/maps/place/Fairhope+Golf+Works/@30.5084818,-87.90333919999999,14z/data=!4m8!1m2!2m1!1sFairhope+Golf+Works!3m4!1s0x889a3f5041a17ebb:0xa65c2eaafe64a47a!8m2!3d30.5084818!4d-87.90333919999999",Club Fitting | Club Repair | Custom Club Building | Golf Lessons | Launch Monitor | Retail / Pro Shop | Shaft & Grip Sales,7,True,Indoor,True,"{""Wednesday"": [""8AM-5PM""]}",False,OPERATIONAL,True,crawled,custom club fitting Alabama,False,Fairhope Golf Works,"{""Accessibility"": {""Wheelchair accessible entrance"": true, ""Wheelchair accessible parking lot"": true}}",
1.50 GOLF - Precision Fitting & Instruction,Clubfitter,Club Fitting,False,(251) 968-8560,https://www.150golf.com/gulf-shores-al,3757 Gulf Shores Pkwy # F,Gulf Shores,Alabama,AL,36542,30.2994935,-87.6835763,America/Chicago,4.5,Highly Rated,0,19,True,True,"https://www.google.com/maps/place/1.50+Golf+-+Precision+Fitting+%26+Instruction/@30.299493499999997,-87.6835763,14z/data=!4m8!1m2!2m1!1s1.50+Golf+-+Precision+Fitting+%26+Instruction!3m4!1s0x889a0546aedb2b4f:0x5cf2ca1222ad7c42!8m2!3d30.299493499999997!4d-87.6835763",Club Fitting | Club Repair | Golf Lessons,3,True,Indoor,True,"{""Wednesday"": [""9AM-5PM""]}",False,OPERATIONAL,True,crawled,custom club fitting Alabama,False,1.50 Golf - Precision Fitting & Instruction,"{""Accessibility"": {""Wheelchair accessible entrance"": true, ""Wheelchair accessible parking lot"": true}}",
3bm GOLF Studio,Clubfitter,Club Fitting,False,(205) 873-9100,https://www.3bmgolfstudio.com/,237 Oxmoor Cir Suite 107,Homewood,Alabama,AL,35209,33.4542969,-86.83865399999999,America/Chicago,5.0,Top Rated,0,51,True,True,"https://www.google.com/maps/place/3BM+Golf+Studio/@33.454296899999996,-86.83865399999999,14z/data=!4m8!1m2!2m1!1s3BM+Golf+Studio!3m4!1s0x88891f93f7259c9f:0xfbc0010c39dc942a!8m2!3d33.454296899999996!4d-86.83865399999999",Club Fitting | Club Repair | Custom Club Building | Launch Monitor | Retail / Pro Shop | Shaft & Grip Sales,6,True,Indoor,True,,False,OPERATIONAL,True,crawled,custom club fitting Alabama,False,3BM Golf Studio,"{""Accessibility"": {""Wheelchair accessible entrance"": true, ""Wheelchair accessible parking lot"": true}, ""Other"": {""Identifies as Black-owned"": true}}",
Pebblehurst GOLF And Putter Lab,Clubfitter,Club Fitting,False,(205) 490-1122,https://www.pebblehurst.com/,2915 Linden Ave,Homewood,Alabama,AL,35209,33.4781402,-86.79247319999999,America/Chicago,4.9,Top Rated,0,13,True,True,"https://www.google.com/maps/place/Pebblehurst+Golf+and+Putter+Lab/@33.4781402,-86.79247319999999,14z/data=!4m8!1m2!2m1!1sPebblehurst+Golf+and+Putter+Lab!3m4!1s0x888919a370809ea1:0xabaad5d740614e70!8m2!3d33.4781402!4d-86.79247319999999",Club Fitting | Club Repair | Custom Club Building | Launch Monitor | Retail / Pro Shop | Shaft & Grip Sales,6,True,Indoor,True,"{""Wednesday"": [""9:30AM-5:30PM""]}",False,OPERATIONAL,True,crawled,custom club fitting Alabama,False,Pebblehurst Golf and Putter Lab,"{""Accessibility"": {""Wheelchair accessible entrance"": true, ""Wheelchair accessible parking lot"": true}}",
Your GOLF Superstore,Retailer,Golf Retail,False,(334) 649-1119,https://yourgolfsuperstore.com/,9100 Eastchase Pkwy,Montgomery,Alabama,AL,36117,32.3618923,-86.138425,America/Chicago,4.5,Highly Rated,0,12,True,False,"https://www.google.com/maps/place/Your+Golf+Superstore/@32.3618923,-86.138425,14z/data=!4m8!1m2!2m1!1sYour+Golf+Superstore!3m4!1s0x888c2c4bc96ae511:0xbf20bf905175ccd!8m2!3d32.3618923!4d-86.138425",Retail / Pro Shop,1,False,Indoor,True,"{""Wednesday"": [""10AM-6PM""]}",False,OPERATIONAL,True,crawled,boutique golf shop Alabama,False,Your Golf Superstore,"{""Accessibility"": {""Wheelchair accessible entrance"": true, ""Wheelchair accessible parking lot"": true}}",
Your GOLF Superstore,Retailer,Golf Retail,False,(205) 343-6789,https://yourgolfsuperstore.com/,2330 McFarland Blvd E,Tuscaloosa,Alabama,AL,35404,33.1879799,-87.5268749,America/Chicago,3.3,Standard,0,11,True,True,"https://www.google.com/maps/place/Your+Golf+Superstore/@33.1879799,-87.5268749,14z/data=!4m8!1m2!2m1!1sYour+Golf+Superstore!3m4!1s0x8888a9ccddff8ac5:0x50c4c47c1730a273!8m2!3d33.1879799!4d-87.5268749",Retail / Pro Shop,1,False,Indoor,True,"{""Wednesday"": [""9AM-6PM""]}",False,OPERATIONAL,True,crawled,boutique golf shop Alabama,False,Your Golf Superstore,"{""Accessibility"": {""Wheelchair accessible entrance"": true, ""Wheelchair accessible parking lot"": true}}",
Infinity GOLF,Retailer,Golf Travel,False,(479) 276-9711,https://bookinfinitygolf.com/,3922 N Hwy 71,Alma,Arkansas,AR,72921,35.5260657,-94.220561,America/Chicago,5.0,Top Rated,0,10,True,True,"https://www.google.com/maps/place/Infinity+Golf/@35.5260657,-94.22056099999999,14z/data=!4m8!1m2!2m1!1sInfinity+Golf!3m4!1s0x87cbc790174e5707:0xef3dc365aed3daca!8m2!3d35.5260657!4d-94.22056099999999",Golf Travel,1,False,Indoor,True,"{""Wednesday"": [""10AM-10PM""]}",False,OPERATIONAL,True,recrawled,independent clubmaker Arkansas,False,Infinity Golf,"{""Accessibility"": {""Wheelchair accessible entrance"": true, ""Wheelchair accessible parking lot"": true}, ""Other"": {""Identifies as veteran-owned"": true}}",
Swing Shop,Simulator,Golf Simulator,False,(501) 451-4669,https://www.swingshopgolf.com/,17340 I-30 Frontage Rd,Benton,Arkansas,AR,72019,34.5801827,-92.5814294,America/Chicago,4.9,Top Rated,0,36,True,True,"https://www.google.com/maps/place/Swing+Shop/@34.5801827,-92.58142939999999,14z/data=!4m8!1m2!2m1!1sSwing+Shop!3m4!1s0x87cd510ef98dc449:0xc82d6c3d1dde9336!8m2!3d34.5801827!4d-92.58142939999999",Golf Simulator | Launch Monitor | Retail / Pro Shop | Membership Programs,4,False,Indoor,True,"{""Wednesday"": [""11AM-9PM""]}",False,OPERATIONAL,True,crawled,independent clubmaker Arkansas,False,Swing Shop,"{""Accessibility"": {""Wheelchair accessible entrance"": true, ""Wheelchair accessible parking lot"": true, ""Wheelchair accessible restroom"": true}}",enriched
Back Nine GOLF,Instruction,Golf Instruction,False,(479) 685-3983,https://www.backninegolfacademy.com/,502 SW 12th St #1,Bentonville,Arkansas,AR,72712,36.3595615,-94.2146592,America/Chicago,5.0,Top Rated,0,12,True,True,"https://www.google.com/maps/place/Back+Nine+Golf/@36.3595615,-94.2146592,14z/data=!4m8!1m2!2m1!1sBack+Nine+Golf!3m4!1s0x87c9100b02c7bc37:0xb45c9c694afbad6f!8m2!3d36.3595615!4d-94.2146592",Golf Lessons | Launch Monitor,2,False,Unknown,True,"{""Wednesday"": [""11AM-6PM""]}",False,OPERATIONAL,True,crawled,custom club fitting Arkansas,False,Back Nine Golf,"{""Accessibility"": {""Wheelchair accessible entrance"": true, ""Wheelchair accessible parking lot"": true, ""Wheelchair accessible restroom"": true}}",
Kauffman's Custom Clubs,Clubfitter,Golf Instruction,False,(785) 285-1052,https://www.facebook.com/share/16SVaLWx3r/,1056 Tarah Knolls Cir,Centerton,Arkansas,AR,72719,36.3724531,-94.2802658,America/Chicago,5.0,Top Rated,0,16,True,True,"https://www.google.com/maps/place/Kauffman%27s+Custom+Clubs/@36.3724531,-94.2802658,14z/data=!4m8!1m2!2m1!1sKauffman%27s+Custom+Clubs!3m4!1s0x87c905867d2e6ddf:0xb1669062338090a4!8m2!3d36.3724531!4d-94.2802658",Custom Club Building | Golf Lessons,2,True,Indoor,True,"{""Wednesday"": [""7AM-7PM""]}",False,OPERATIONAL,True,crawled,independent clubmaker Arkansas,False,Kauffman's Custom Clubs,"{""Accessibility"": {""Wheelchair accessible entrance"": true, ""Wheelchair accessible parking lot"": true}}",
Arkansas GOLF Center,Driving Range,Club Fitting,False,(501) 327-0171,https://www.arkansasgolfcenter.com/,5150 John W Allison Rd,Conway,Arkansas,AR,72034,35.0637457,-92.5180118,America/Chicago,4.7,Top Rated,0,243,True,True,"https://www.google.com/maps/place/Arkansas+Golf+Center/@35.0637457,-92.5180118,14z/data=!4m8!1m2!2m1!1sArkansas+Golf+Center!3m4!1s0x87cd7c5dc781d445:0x208a9bcc98bedc5f!8m2!3d35.0637457!4d-92.5180118",Club Fitting | Custom Club Building | Golf Lessons | Golf Simulator | Club Rentals | Retail / Pro Shop,6,True,Indoor,True,"{""Wednesday"": [""9AM-7PM""]}",False,OPERATIONAL,True,crawled,independent clubmaker Arkansas,False,Arkansas Golf Center,"{""Accessibility"": {""Wheelchair accessible entrance"": true, ""Wheelchair accessible parking lot"": true}}",
GOLF USA Fayetteville,Retailer,Golf Retail,False,(479) 444-6300,https://www.facebook.com/GolfUSAFayetteville,3184 N College Ave #1,Fayetteville,Arkansas,AR,72703,36.109274,-94.143716,America/Chicago,4.7,Top Rated,0,69,True,True,"https://www.google.com/maps/place/Golf+USA+Fayetteville/@36.109274,-94.143716,14z/data=!4m8!1m2!2m1!1sGolf+USA+Fayetteville!3m4!1s0x87c96bfc8e4ba87d:0x454a098119d0e37e!8m2!3d36.109274!4d-94.143716",Retail / Pro Shop,1,False,Indoor,True,"{""Wednesday"": [""9AM-7PM""]}",False,OPERATIONAL,True,crawled,independent clubmaker Arkansas,False,Golf USA Fayetteville,"{""Accessibility"": {""Wheelchair accessible entrance"": true, ""Wheelchair accessible parking lot"": true}}",
The GOLF Nut Performance Center And PRO Shop,Simulator,Club Fitting,False,(479) 646-4430,https://www.thegolfnut.com/,5121 Towson Ave,Fort Smith,Arkansas,AR,72901,35.333945,-94.421385,America/Chicago,4.8,Top Rated,0,20,True,True,"https://www.google.com/maps/place/The+Golf+Nut+Performance+Center+and+Pro+Shop/@35.333945,-94.421385,14z/data=!4m8!1m2!2m1!1sThe+Golf+Nut+Performance+Center+and+Pro+Shop!3m4!1s0x87ca4d14fa812fd5:0xb68bfc39126fdd21!8m2!3d35.333945!4d-94.421385",Club Fitting | Golf Lessons | Golf Simulator | Retail / Pro Shop,4,True,Indoor,True,"{""Wednesday"": [""9AM-6PM""]}",False,OPERATIONAL,True,crawled,independent clubmaker Arkansas,False,The Golf Nut Performance Center and Pro Shop,"{""Accessibility"": {""Wheelchair accessible entrance"": true, ""Wheelchair accessible parking lot"": true}}",
Vgpc,Simulator,Golf Simulator,False,(501) 545-0828,https://www.villagegolfperformancecenter.com/,6 Commerce St Suite C,Hot Springs Village,Arkansas,AR,71909,34.6247424,-92.858511,America/Chicago,4.9,Top Rated,0,13,True,True,"https://www.google.com/maps/place/VGPC+%7C+Village+Golf+Performance+Center+%7C+6+Commerce+Dr+Hot+Springs+Village%2C+AR+71909/@34.624742399999995,-92.858511,14z/data=!4m8!1m2!2m1!1sVGPC+%7C+Village+Golf+Performance+Center+%7C+6+Commerce+Dr+Hot+Springs+Village%2C+AR+71909!3m4!1s0x87cd2f1eb176f33d:0x3aadf8c87a75d344!8m2!3d34.624742399999995!4d-92.858511",Launch Monitor | Golf Simulator,2,False,Indoor,True,"{""Wednesday"": [""7AM-7PM""]}",False,OPERATIONAL,True,crawled,independent clubmaker Arkansas,False,"VGPC | Village Golf Performance Center | 6 Commerce Dr Hot Springs Village, AR 71909","{""Accessibility"": {""Wheelchair accessible entrance"": true, ""Wheelchair accessible parking lot"": true, ""Wheelchair accessible restroom"": true}}",
Abbos Clubworks,Retailer,Shaft & Grip,False,(870) 351-1302,https://www.abbosclubworks.com/,2303 E Parker Rd Unit A,Jonesboro,Arkansas,AR,72404,35.8042646,-90.6768894,America/Chicago,5.0,Top Rated,0,8,True,True,"https://www.google.com/maps/place/Abbo%E2%80%99s+Clubworks/@35.804264599999996,-90.6768894,14z/data=!4m8!1m2!2m1!1sAbbo%E2%80%99s+Clubworks!3m4!1s0x87d42d9ae08ec73f:0x86772b66a5b5cc6e!8m2!3d35.804264599999996!4d-90.6768894",Shaft & Grip Sales,1,False,Indoor,True,"{""Wednesday"": [""9AM-5PM""]}",False,OPERATIONAL,True,crawled,independent clubmaker Arkansas,False,Abbo’s Clubworks,"{""Accessibility"": {""Wheelchair accessible parking lot"": true}}",
Brooks GOLF Center,Retailer,Golf Retail,False,(870) 931-9200,https://www.brooksgolfcenter.com/,2011 Grant Ave,Jonesboro,Arkansas,AR,72401,35.8180303,-90.6806266,America/Chicago,4.4,Highly Rated,0,5,True,False,"https://www.google.com/maps/place/Brooks+Golf+Center/@35.8180303,-90.6806266,14z/data=!4m8!1m2!2m1!1sBrooks+Golf+Center!3m4!1s0x87d42ea91e1c9073:0xb702cfea49056d8d!8m2!3d35.8180303!4d-90.6806266",,0,False,Indoor,True,"{""Wednesday"": [""9AM-5:30PM""]}",False,OPERATIONAL,True,crawl_failed,independent clubmaker Arkansas,False,Brooks Golf Center,"{""Accessibility"": {""Wheelchair accessible entrance"": true, ""Wheelchair accessible parking lot"": true}}",failed
GOLF World,Retailer,Golf Retail,False,(501) 562-1334,https://www.golfworldlr.com/,4705 S University Ave,Little Rock,Arkansas,AR,72209,34.707386,-92.3430328,America/Chicago,4.6,Highly Rated,0,31,True,True,"https://www.google.com/maps/place/Golf+World/@34.707386,-92.34303279999999,14z/data=!4m8!1m2!2m1!1sGolf+World!3m4!1s0x87d2a4ffe00b3def:0x848b545d3b59e1c4!8m2!3d34.707386!4d-92.34303279999999",Retail / Pro Shop,1,False,Indoor,True,"{""Wednesday"": [""9AM-5PM""]}",False,OPERATIONAL,True,crawled,boutique golf shop Arkansas,False,Golf World,"{""Accessibility"": {""Wheelchair accessible entrance"": true, ""Wheelchair accessible parking lot"": true}}",
Heights GOLF,Simulator,Golf Simulator,False,(501) 406-1500,https://heightsgolf.com/,5815 Kavanaugh Blvd,Little Rock,Arkansas,AR,72207,34.7700861,-92.338889,America/Chicago,4.8,Top Rated,0,14,True,True,"https://www.google.com/maps/place/Heights+Golf/@34.7700861,-92.338889,14z/data=!4m8!1m2!2m1!1sHeights+Golf!3m4!1s0x87d2a376512dfcf1:0x742ea53e771298bb!8m2!3d34.7700861!4d-92.338889",Custom Club Building | Golf Lessons | Launch Monitor | Golf Simulator | Retail / Pro Shop,5,False,Indoor,True,"{""Wednesday"": [""9AM-7PM""]}",False,OPERATIONAL,True,crawled,independent clubmaker Arkansas,False,Heights Golf,"{""Accessibility"": {""Wheelchair accessible entrance"": true, ""Wheelchair accessible parking lot"": true}}",
Justin Hill GOLF Academy,Clubfitter,Club Fitting,False,(214) 542-7613,https://www.justinhillgolf.com/,2520 Arkansas Valley Dr,Little Rock,Arkansas,AR,72212,34.7764538,-92.3948839,America/Chicago,5.0,Top Rated,0,55,True,True,"https://www.google.com/maps/place/Justin+Hill+Golf+Academy/@34.7764538,-92.3948839,14z/data=!4m8!1m2!2m1!1sJustin+Hill+Golf+Academy!3m4!1s0x87d2a5147206bd85:0x694568ed08b1d1de!8m2!3d34.7764538!4d-92.3948839",Club Fitting | Golf Lessons | Launch Monitor,3,True,Indoor,True,"{""Wednesday"": [""8AM-8PM""]}",False,OPERATIONAL,True,crawled,custom club fitting Arkansas,False,Justin Hill Golf Academy,"{""Accessibility"": {""Wheelchair accessible entrance"": true, ""Wheelchair accessible parking lot"": true}}",
Sportstop INC,Retailer,Golf Retail,False,(501) 224-4033,https://sportstopinc.com/,"4176, 10720 N Rodney Parham Rd D6",Little Rock,Arkansas,AR,72212,34.7716716,-92.3930492,America/Chicago,4.4,Highly Rated,0,16,True,True,"https://www.google.com/maps/place/Sportstop+Inc/@34.7716716,-92.3930492,14z/data=!4m8!1m2!2m1!1sSportstop+Inc!3m4!1s0x87d2a1428b8a6c4b:0xe84c77ab9816be4c!8m2!3d34.7716716!4d-92.3930492",,0,False,Indoor,True,"{""Wednesday"": [""9AM-5PM""]}",False,OPERATIONAL,True,crawled,boutique golf shop Arkansas,False,Sportstop Inc,"{""Accessibility"": {""Wheelchair accessible entrance"": true, ""Wheelchair accessible parking lot"": true}}",unknown
S&p GOLF,Clubfitter,Club Fitting,False,(501) 915-0699,https://www.snpgolf.com/,25255 AR-5 O,Lonsdale,Arkansas,AR,72087,34.6204542,-92.8574001,America/Chicago,5.0,Top Rated,0,8,True,True,"https://www.google.com/maps/place/S%26P+Golf/@34.6204542,-92.85740009999999,14z/data=!4m8!1m2!2m1!1sS%26P+Golf!3m4!1s0x87d2bdfaf0680b31:0xcc068cede443536e!8m2!3d34.6204542!4d-92.85740009999999",Club Fitting | Club Repair | Custom Club Building | Retail / Pro Shop | Shaft & Grip Sales,5,True,Indoor,True,"{""Wednesday"": [""12-5:30PM""]}",False,OPERATIONAL,True,crawled,independent clubmaker Arkansas,False,S&P Golf,"{""Accessibility"": {""Wheelchair accessible entrance"": true, ""Wheelchair accessible parking lot"": true}}",
Fairways Indoor GOLF Lounge,Simulator,Golf Simulator,False,(870) 701-0855,https://fairwaysigl.com/,1322 Hwy 62 E,Mountain Home,Arkansas,AR,72653,36.350414,-92.3646658,America/Chicago,4.9,Top Rated,0,39,True,True,"https://www.google.com/maps/place/Fairways+Indoor+Golf+Lounge/@36.350414,-92.3646658,14z/data=!4m8!1m2!2m1!1sFairways+Indoor+Golf+Lounge!3m4!1s0x87d1db6115f67755:0x6cba3fc30712e286!8m2!3d36.350414!4d-92.3646658",Golf Simulator,1,False,Indoor,True,"{""Wednesday"": [""12-8PM""]}",False,OPERATIONAL,True,crawled,custom club fitting Arkansas,False,Fairways Indoor Golf Lounge,"{""Accessibility"": {""Wheelchair accessible entrance"": true, ""Wheelchair accessible parking lot"": true, ""Wheelchair accessible restroom"": true}}",
Northshore GOLF Range,Driving Range,Golf Retail,False,(501) 771-4747,https://www.northshoregolfrange.com/,5401 Northshore Cove,North Little Rock,Arkansas,AR,72118,34.7979507,-92.343132,America/Chicago,4.8,Top Rated,0,46,True,True,"https://www.google.com/maps/place/Northshore+Golf+Range/@34.7979507,-92.343132,14z/data=!4m8!1m2!2m1!1sNorthshore+Golf+Range!3m4!1s0x87d2a2502e3a7723:0xe0b6b407bc94ac8d!8m2!3d34.7979507!4d-92.343132",Retail / Pro Shop,1,False,Outdoor,True,"{""Wednesday"": [""Open 24 hours""]}",False,OPERATIONAL,True,crawled,custom club fitting Arkansas,False,Northshore Golf Range,"{""Accessibility"": {""Wheelchair accessible entrance"": true, ""Wheelchair accessible parking lot"": true}}",
Elite GOLF Performance Ai,Retailer,Golf Retail,False,(870) 212-5418,https://elitegolfperformance.ai/,2005 Country Club Rd,Paragould,Arkansas,AR,72450,36.0712392,-90.5125889,America/Chicago,0.0,Unrated,0,1,True,False,"https://www.google.com/maps/place/Elite+Golf+Performance+AI/@36.0712392,-90.5125889,14z/data=!4m8!1m2!2m1!1sElite+Golf+Performance+AI!3m4!1s0x87d67b6a1b3cdc1f:0xba188a3d5d388c58!8m2!3d36.0712392!4d-90.5125889",Retail / Pro Shop,1,False,Indoor,True,"{""Wednesday"": [""Open 24 hours""]}",False,OPERATIONAL,True,crawled,custom club fitting Arkansas,False,Elite Golf Performance AI,"{""Accessibility"": {""Wheelchair accessible entrance"": true, ""Wheelchair accessible parking lot"": true}}",
Ozark GOLF Super Center,Clubfitter,Club Fitting,False,(479) 616-1757,https://ozarkgolf.com/,100 N Dixieland Rd E1,Rogers,Arkansas,AR,72756,36.3368979,-94.1450904,America/Chicago,4.3,Highly Rated,0,7,True,True,"https://www.google.com/maps/place/Ozark+Golf+Super+Center/@36.3368979,-94.1450904,14z/data=!4m8!1m2!2m1!1sOzark+Golf+Super+Center!3m4!1s0x87c917058e9941d9:0x470d79f55a13cd16!8m2!3d36.3368979!4d-94.1450904",Club Fitting | Club Repair | Custom Club Building | Launch Monitor | Retail / Pro Shop | Shaft & Grip Sales,6,True,Indoor,True,"{""Wednesday"": [""9AM-8PM""]}",False,OPERATIONAL,True,crawled,independent clubmaker Arkansas,False,Ozark Golf Super Center,"{""Accessibility"": {""Wheelchair accessible entrance"": true, ""Wheelchair accessible parking lot"": true, ""Wheelchair accessible restroom"": true}, ""Other"": {""Identifies as veteran-owned"": true}}",
Twenty To Scratch,Clubfitter,Club Fitting,False,(479) 200-4069,https://twentytoscratch.com/,5508 W Pinnacle Pointe Dr B,Rogers,Arkansas,AR,72758,36.3113644,-94.1920306,America/Chicago,5.0,Top Rated,0,25,True,True,"https://www.google.com/maps/place/Twenty+To+Scratch/@36.311364399999995,-94.1920306,14z/data=!4m8!1m2!2m1!1sTwenty+To+Scratch!3m4!1s0x87c911af8b5f8bd9:0xefb31f526e0f6d11!8m2!3d36.311364399999995!4d-94.1920306",Club Fitting | Club Repair | Custom Club Building | Golf Lessons | Golf Simulator | Launch Monitor | Retail / Pro Shop | Membership / Club Programs,8,True,Indoor,True,"{""Wednesday"": [""Open 24 hours""]}",False,OPERATIONAL,True,recrawled,independent clubmaker Arkansas,False,Twenty To Scratch,"{""Accessibility"": {""Wheelchair accessible entrance"": true, ""Wheelchair accessible parking lot"": true, ""Wheelchair accessible restroom"": true}}",
England GOLF And Powersports,Retailer,Golf Retail,False,(501) 268-1584,https://www.smith-golf.com/,2301 S Benton Ave St,Searcy,Arkansas,AR,72143,35.2245232,-91.715435,America/Chicago,4.8,Top Rated,0,17,True,True,"https://www.google.com/maps/place/England+Golf+and+Powersports/@35.2245232,-91.715435,14z/data=!4m8!1m2!2m1!1sEngland+Golf+and+Powersports!3m4!1s0x87d3a84aaebaa6f9:0x2dfe5a3c0a17e568!8m2!3d35.2245232!4d-91.715435",Retail / Pro Shop | Trade-In / Used Clubs,2,False,Indoor,True,"{""Wednesday"": [""8AM-5PM""]}",False,OPERATIONAL,True,crawled,boutique golf shop Arkansas,False,England Golf and Powersports,"{""Accessibility"": {""Wheelchair accessible entrance"": true, ""Wheelchair accessible parking lot"": true}}",
Smith GOLF,Retailer,Golf Retail,False,(501) 268-1584,https://www.smith-golf.com/,2301 S Benton Ave St,Searcy,Arkansas,AR,72143,35.224639,-91.7155016,America/Chicago,4.2,Well Reviewed,0,29,True,True,"https://www.google.com/maps/place/Smith+Golf/@35.224638999999996,-91.7155016,14z/data=!4m8!1m2!2m1!1sSmith+Golf!3m4!1s0x87d3a9ffc418661d:0x52243a52f0ff8ba6!8m2!3d35.224638999999996!4d-91.7155016",Retail / Pro Shop | Trade-In / Used Clubs,2,False,Indoor,True,"{""Wednesday"": [""8AM-5PM""]}",False,OPERATIONAL,True,crawled,boutique golf shop Arkansas,False,Smith Golf,"{""Accessibility"": {""Wheelchair accessible entrance"": true, ""Wheelchair accessible parking lot"": true}}",
Trails End Western Wear & Tack LLC,Retailer,Golf Retail,False,(501) 281-3337,https://trailsendwesternwear.com/pages/contact-us,1366 Pickens Chapel Rd,Searcy,Arkansas,AR,72143,35.3619965,-91.8367481,America/Chicago,4.5,Highly Rated,0,34,True,True,"https://www.google.com/maps/place/Trails+End+Western+Wear+%26+Tack+LLC/@35.3619965,-91.8367481,14z/data=!4m8!1m2!2m1!1sTrails+End+Western+Wear+%26+Tack+LLC!3m4!1s0x87d252b363a92971:0xdfffe522deb8dfbf!8m2!3d35.3619965!4d-91.8367481",Retail / Pro Shop,1,False,Indoor,True,"{""Wednesday"": [""10AM-5PM""]}",False,OPERATIONAL,True,crawled,boutique golf shop Arkansas,False,Trails End Western Wear & Tack LLC,"{""Accessibility"": {""Wheelchair accessible entrance"": true, ""Wheelchair accessible parking lot"": true, ""Wheelchair accessible restroom"": true}}",
Tee It Up! GOLF Lounge,Simulator,Club Fitting,False,(870) 621-3377,https://www.teeitupgolflounge.com/,203 E Broad St,Texarkana,Arkansas,AR,71854,33.4222715,-94.0418247,America/Chicago,5.0,Top Rated,0,12,True,True,"https://www.google.com/maps/place/Tee+it+Up%21+Golf+Lounge/@33.4222715,-94.04182469999999,14z/data=!4m8!1m2!2m1!1sTee+it+Up%21+Golf+Lounge!3m4!1s0x86346b011262cfdd:0xccd8c4b91bae7dd!8m2!3d33.4222715!4d-94.04182469999999",Club Fitting | Club Repair | Golf Simulator,3,True,Indoor,True,"{""Wednesday"": [""11AM-7PM""]}",False,OPERATIONAL,True,crawled,custom club fitting Arkansas,False,Tee it Up! Golf Lounge,"{""Accessibility"": {""Wheelchair accessible entrance"": true, ""Wheelchair accessible parking lot"": true, ""Wheelchair accessible restroom"": true}}",
GOLF 48 Chandler,Clubfitter,Club Fitting,False,(480) 802-5555,https://www.golf48.com/,4955 S Alma School Rd,Chandler,Arizona,AZ,85248,33.2351591,-111.8569983,America/Phoenix,4.6,Highly Rated,0,63,True,True,"https://www.google.com/maps/place/GOLF+48+CHANDLER/@33.2351591,-111.8569983,14z/data=!4m8!1m2!2m1!1sGOLF+48+CHANDLER!3m4!1s0x872b01cdced4eee3:0x570c610b101a8d03!8m2!3d33.2351591!4d-111.8569983",Club Fitting | Launch Monitor | Retail / Pro Shop | Shaft & Grip Sales,4,True,Indoor,True,"{""Wednesday"": [""9AM-6PM""]}",False,OPERATIONAL,True,crawled,custom club fitting Arizona,False,GOLF 48 CHANDLER,"{""Accessibility"": {""Wheelchair accessible entrance"": true, ""Wheelchair accessible parking lot"": true, ""Wheelchair accessible restroom"": true}, ""Other"": {""LGBTQ+ friendly"": true}}",
GOLF Apparel Shop,Retailer,Golf Retail,False,(480) 805-5621,https://www.golfapparelshop.com/,4976 Premium Outlets Way Space #624,Chandler,Arizona,AZ,85226,33.2885647,-111.9729936,America/Phoenix,3.0,Standard,3,9,True,True,"https://www.google.com/maps/place/Golf+Apparel+Shop/@33.2885647,-111.9729936,14z/data=!4m8!1m2!2m1!1sGolf+Apparel+Shop!3m4!1s0x872b03fdb65bfe1b:0x8e4e38d271ba949a!8m2!3d33.2885647!4d-111.9729936",Retail / Pro Shop,1,False,Indoor,True,"{""Monday"": [""10AM-8PM""], ""Tuesday"": [""10AM-8PM""], ""Wednesday"": [""10AM-8PM""], ""Thursday"": [""10AM-8PM""], ""Friday"": [""10AM-9PM""], ""Saturday"": [""10AM-9PM""], ""Sunday"": [""10AM-7PM""]}",True,OPERATIONAL,True,crawled,boutique golf shop Arizona,False,Golf Apparel Shop,"{""Service options"": {""Delivery"": false}, ""Accessibility"": {""Wheelchair accessible entrance"": true, ""Wheelchair accessible parking lot"": true}, ""Offerings"": {""Men's clothing"": true, ""Women's clothing"": true}, ""Planning"": {""Quick visit"": true}, ""Payments"": {""Credit cards"": true, ""Debit cards"": true, ""NFC mobile payments"": true}}",
GOLF With Gil,Clubfitter,Club Fitting,False,(480) 527-8731,https://www.golfwithgil.com/,1900 W Carla Vista Dr #8058,Chandler,Arizona,AZ,85224,33.3114371,-111.8755829,America/Phoenix,4.9,Top Rated,0,424,True,True,"https://www.google.com/maps/place/Golf+with+Gil/@33.3114371,-111.8755829,14z/data=!4m8!1m2!2m1!1sGolf+with+Gil!3m4!1s0x872b0669690e44e9:0x45d15b610ade53e9!8m2!3d33.3114371!4d-111.8755829",Club Fitting | Golf Lessons | Retail / Pro Shop,3,True,Indoor,True,"{""Wednesday"": [""6AM-5:59PM""]}",False,OPERATIONAL,True,crawled,custom club fitting Arizona,False,Golf with Gil,"{""Accessibility"": {""Wheelchair accessible entrance"": true, ""Wheelchair accessible parking lot"": true, ""Wheelchair accessible restroom"": true}, ""Other"": {""Identifies as Latino-owned"": true}}",
GOLF Guru,Simulator,Club Fitting,False,(480) 568-2383,https://golfguru360.com/,1614 N Higley Rd,Gilbert,Arizona,AZ,85234,33.3796201,-111.7240633,America/Phoenix,4.8,Top Rated,0,20,True,True,"https://www.google.com/maps/place/Golf+Guru/@33.3796201,-111.7240633,14z/data=!4m8!1m2!2m1!1sGolf+Guru!3m4!1s0x872b07ebc255a33d:0x2a659a4a9558a4f1!8m2!3d33.3796201!4d-111.7240633",Club Fitting | Golf Lessons | Launch Monitor | Golf Simulator | Retail / Pro Shop,5,True,Indoor,True,,False,OPERATIONAL,True,crawled,custom club fitting Arizona,False,Golf Guru,"{""Accessibility"": {""Wheelchair accessible entrance"": true, ""Wheelchair accessible parking lot"": true, ""Wheelchair accessible restroom"": true}, ""Other"": {""LGBTQ+ friendly"": true}}",
The GOLF Academy At Power Ranch,Clubfitter,Club Fitting,False,(480) 773-8734,https://www.powerranchgolfclub.com/golf/academy,4415 E Village Pkwy,Gilbert,Arizona,AZ,85298,33.2567433,-111.6951378,America/Phoenix,5.0,Top Rated,0,2,True,True,"https://www.google.com/maps/place/The+Golf+Academy+at+Power+Ranch/@33.2567433,-111.6951378,14z/data=!4m8!1m2!2m1!1sThe+Golf+Academy+at+Power+Ranch!3m4!1s0x872a534fefb0f2c5:0x293c6bc704df4162!8m2!3d33.2567433!4d-111.6951378",Club Fitting | Custom Club Building | Golf Lessons | Launch Monitor | Retail / Pro Shop | Shaft & Grip Sales,6,True,Indoor,True,"{""Wednesday"": [""7AM-7PM""]}",False,OPERATIONAL,True,crawled,custom club fitting Arizona,False,The Golf Academy at Power Ranch,"{""Accessibility"": {""Wheelchair accessible entrance"": true, ""Wheelchair accessible parking lot"": true, ""Wheelchair accessible restroom"": true}}",
PXG Westgate,Clubfitter,Club Fitting,False,(623) 444-8088,https://www.pxg.com/pages/golf-stores/pxg-westgate,6751 N Sunset Blvd E102,Glendale,Arizona,AZ,85305,33.5339904,-112.2615665,America/Phoenix,4.7,Top Rated,0,74,True,True,"https://www.google.com/maps/place/PXG+Westgate/@33.5339904,-112.2615665,14z/data=!4m8!1m2!2m1!1sPXG+Westgate!3m4!1s0x872b418416d3b075:0xfe5f199db4bae38f!8m2!3d33.5339904!4d-112.2615665",Club Fitting | Launch Monitor | Golf Simulator | Retail / Pro Shop,4,True,Indoor,True,"{""Wednesday"": [""9AM-5PM""]}",False,OPERATIONAL,True,crawled,custom club fitting Arizona,False,PXG Westgate,"{""Accessibility"": {""Wheelchair accessible entrance"": true, ""Wheelchair accessible parking lot"": true}, ""Other"": {""LGBTQ+ friendly"": true, ""Identifies as veteran-owned"": true}}",
GOLF USA,Clubfitter,Club Fitting,False,(928) 453-1333,https://golfusa.com/,1850 McCulloch Blvd N C-2,Lake Havasu City,Arizona,AZ,86403,34.4758024,-114.338164,America/Phoenix,4.5,Highly Rated,0,9,True,True,"https://www.google.com/maps/place/Golf+USA/@34.4758024,-114.33816399999999,14z/data=!4m8!1m2!2m1!1sGolf+USA!3m4!1s0x80d1f27f2cd27a9f:0xbd93567b6b5d2acf!8m2!3d34.4758024!4d-114.33816399999999",Club Fitting | Club Repair | Custom Club Building | Golf Simulator | Launch Monitor | Shaft & Grip Sales | Retail / Pro Shop | Trade-In / Used Clubs,8,True,Indoor,True,"{""Wednesday"": [""10AM-5PM""]}",False,OPERATIONAL,True,crawled,boutique golf shop Arizona,False,Golf USA,"{""Accessibility"": {""Wheelchair accessible entrance"": true, ""Wheelchair accessible parking lot"": true}}",
Ace Of Clubs - East Mesa,Simulator,Club Fitting,False,(480) 378-9378,https://www.aceofclubsgolfmesa.com/,7127 E Main St D,Mesa,Arizona,AZ,85207,33.414485,-111.677301,America/Phoenix,4.7,Top Rated,0,26,True,True,"https://www.google.com/maps/place/Ace+of+Clubs+-+East+Mesa/@33.414485,-111.677301,14z/data=!4m8!1m2!2m1!1sAce+of+Clubs+-+East+Mesa!3m4!1s0x872bafe605d306b9:0x560b689b22f60580!8m2!3d33.414485!4d-111.677301",Club Fitting | Club Repair | Custom Club Building | Golf Lessons | Golf Simulator | Retail / Pro Shop,6,True,Indoor,True,"{""Wednesday"": [""9AM-5PM""]}",False,OPERATIONAL,True,crawled,independent clubmaker Arizona,False,Ace of Clubs - East Mesa,"{""Accessibility"": {""Wheelchair accessible entrance"": true, ""Wheelchair accessible parking lot"": true}}",
Alex Black GOLF Instruction,Clubfitter,Club Fitting,False,(480) 861-5694,https://alexblackgolf.com/,6542 E Baseline Rd,Mesa,Arizona,AZ,85206,33.3800427,-111.6926348,America/Phoenix,5.0,Top Rated,0,6,True,True,"https://www.google.com/maps/place/Alex+Black+Golf+Instruction/@33.3800427,-111.6926348,14z/data=!4m8!1m2!2m1!1sAlex+Black+Golf+Instruction!3m4!1s0x872bae49bd0f0291:0x1dbdda6e345b2cdf!8m2!3d33.3800427!4d-111.6926348",Club Fitting | Golf Lessons | Retail / Pro Shop,3,True,Indoor,True,"{""Wednesday"": [""6AM-7PM""]}",False,OPERATIONAL,True,recrawled,custom club fitting Arizona,False,Alex Black Golf Instruction,"{""Accessibility"": {""Wheelchair accessible entrance"": true, ""Wheelchair accessible parking lot"": true, ""Wheelchair accessible restroom"": true}}",
Old Town GOLF,Retailer,Golf Retail,False,(480) 790-1665,https://www.oldtowngolfshop.com/,2716 N Ogden #106,Mesa,Arizona,AZ,85215,33.4649938,-111.7395742,America/Phoenix,4.7,Top Rated,0,4,True,True,"https://www.google.com/maps/place/Old+town+golf/@33.4649938,-111.73957419999999,14z/data=!4m8!1m2!2m1!1sOld+town+golf!3m4!1s0x872ba505ee1e355d:0xbba4485f264ae578!8m2!3d33.4649938!4d-111.73957419999999",Retail / Pro Shop | Shaft & Grip Sales,2,False,Indoor,True,"{""Wednesday"": [""7AM-3PM""]}",False,OPERATIONAL,True,crawled,custom club fitting Arizona,False,Old town golf,"{""Accessibility"": {""Wheelchair accessible entrance"": true, ""Wheelchair accessible parking lot"": true}}",
PXG Mesa,Clubfitter,Club Fitting,False,(480) 397-1700,https://www.pxg.com/pages/golf-stores/pxg-mesa,221 W Main St,Mesa,Arizona,AZ,85201,33.4147418,-111.8377261,America/Phoenix,4.7,Top Rated,0,67,True,True,"https://www.google.com/maps/place/PXG+Mesa/@33.4147418,-111.8377261,14z/data=!4m8!1m2!2m1!1sPXG+Mesa!3m4!1s0x872ba7fc1c82588f:0xd3164a5d6eb00352!8m2!3d33.4147418!4d-111.8377261",Club Fitting | Custom Club Building | Golf Simulator | Launch Monitor | Retail / Pro Shop,5,True,Indoor,True,"{""Wednesday"": [""9AM-5PM""]}",False,OPERATIONAL,True,crawled,boutique golf shop Arizona,False,PXG Mesa,"{""Accessibility"": {""Wheelchair accessible entrance"": true, ""Wheelchair accessible parking lot"": true}, ""Other"": {""Identifies as veteran-owned"": true}}",
Par Excellence GOLF School,Instruction,Golf Instruction,False,(480) 442-6864,https://www.parexcellencegolfschool.com/,2401 S Lansing,Mesa,Arizona,AZ,85212,33.3719017,-111.6314643,America/Phoenix,5.0,Top Rated,0,5,True,True,"https://www.google.com/maps/place/Par+Excellence+Golf+School/@33.371901699999995,-111.63146429999999,14z/data=!4m8!1m2!2m1!1sPar+Excellence+Golf+School!3m4!1s0x872bb19a31e987df:0x4a115e4cd0ea87c8!8m2!3d33.371901699999995!4d-111.63146429999999",Golf Lessons,1,False,Unknown,True,"{""Wednesday"": [""6AM-7PM""]}",False,OPERATIONAL,True,recrawled,custom club fitting Arizona,False,Par Excellence Golf School,"{""Accessibility"": {""Wheelchair accessible entrance"": true, ""Wheelchair accessible parking lot"": true}}",
Shadetree GOLF & Pickleball,Retailer,Golf Retail,False,(480) 265-8964,https://shadetreegolf.com/,2853 S Sossaman Rd # 102,Mesa,Arizona,AZ,85212,33.3637725,-111.6688325,America/Phoenix,4.9,Top Rated,0,104,True,True,"https://www.google.com/maps/place/ShadeTree+Golf+%26+Pickleball/@33.363772499999996,-111.6688325,14z/data=!4m8!1m2!2m1!1sShadeTree+Golf+%26+Pickleball!3m4!1s0x872bafafe19a0de1:0xbe4be503b5bcb728!8m2!3d33.363772499999996!4d-111.6688325",Retail / Pro Shop,1,False,Indoor,True,"{""Wednesday"": [""9:30AM-6PM""]}",False,OPERATIONAL,True,crawled,custom club fitting Arizona,False,ShadeTree Golf & Pickleball,"{""Accessibility"": {""Wheelchair accessible entrance"": true, ""Wheelchair accessible parking lot"": true}, ""Other"": {""LGBTQ+ friendly"": true}}",
Swing Shift GOLF Club,Simulator,Golf Simulator,False,(602) 622-8192,https://theswingshift.golf/,10300 N Scottsdale Rd,Paradise Valley,Arizona,AZ,85253,33.5793305,-111.9265909,America/Phoenix,4.9,Top Rated,0,15,True,True,"https://www.google.com/maps/place/Swing+Shift+Golf+Club/@33.5793305,-111.9265909,14z/data=!4m8!1m2!2m1!1sSwing+Shift+Golf+Club!3m4!1s0x872b7578f76e02a3:0x35b01be88bcfe843!8m2!3d33.5793305!4d-111.9265909",Golf Simulator,1,False,Indoor,True,"{""Wednesday"": [""6AM-11PM""]}",False,OPERATIONAL,True,crawled,custom club fitting Arizona,False,Swing Shift Golf Club,"{""Accessibility"": {""Wheelchair accessible entrance"": true, ""Wheelchair accessible parking lot"": true, ""Wheelchair accessible restroom"": true, ""Wheelchair accessible seating"": true}, ""Other"": {""Identifies as women-owned"": true}}",
Legacy GOLF Performance Center,Driving Range,Club Fitting,False,(602) 305-5550,https://www.legacygolfperformancecenter.com/,6808 S 32nd St,Phoenix,Arizona,AZ,85042,33.381389,-112.020733,America/Phoenix,4.7,Top Rated,0,3,True,True,"https://www.google.com/maps/place/Legacy+Golf+Performance+Center/@33.381389,-112.02073299999999,14z/data=!4m8!1m2!2m1!1sLegacy+Golf+Performance+Center!3m4!1s0x872b0f92560c7253:0xc2339cdf7725cfbe!8m2!3d33.381389!4d-112.02073299999999",Club Fitting | Golf Lessons | Retail / Pro Shop,3,True,Outdoor,True,,False,OPERATIONAL,True,crawled,independent clubmaker Arizona,False,Legacy Golf Performance Center,"{""Accessibility"": {""Wheelchair accessible entrance"": true, ""Wheelchair accessible parking lot"": true, ""Wheelchair accessible restroom"": true}}",
Ping INC,Clubfitter,Club Fitting,False,(800) 474-6434,https://www.ping.com/,2201 W Desert Cove Ave,Phoenix,Arizona,AZ,85029,33.5853113,-112.1047989,America/Phoenix,4.2,Well Reviewed,0,21,True,False,"https://www.google.com/maps/place/Ping+Inc/@33.5853113,-112.10479889999999,14z/data=!4m8!1m2!2m1!1sPing+Inc!3m4!1s0x872b6c4853873427:0xd70492db5ad81562!8m2!3d33.5853113!4d-112.10479889999999",Club Fitting | Retail / Pro Shop,2,True,Indoor,True,"{""Wednesday"": [""7AM-4PM""]}",False,OPERATIONAL,True,crawled,custom club fitting Arizona,False,Ping Inc,"{""Accessibility"": {""Wheelchair accessible parking lot"": true}}",
Proclubs,Golf Course / Pro Shop,Club Fitting,False,(623) 434-6570,https://proclubs.com/,23335 N 18th Dr,Phoenix,Arizona,AZ,85027,33.6973981,-112.0976341,America/Phoenix,4.1,Well Reviewed,0,3,True,True,"https://www.google.com/maps/place/ProClubs/@33.6973981,-112.0976341,14z/data=!4m8!1m2!2m1!1sProClubs!3m4!1s0x872b65804ceeb76d:0xfe651d5735d5c115!8m2!3d33.6973981!4d-112.0976341",Club Fitting | Custom Club Building | Shaft & Grip Sales | Retail / Pro Shop,4,True,Outdoor,True,"{""Wednesday"": [""8AM-4PM""]}",False,OPERATIONAL,True,crawled,boutique golf shop Arizona,False,ProClubs,"{""Accessibility"": {""Wheelchair accessible entrance"": true, ""Wheelchair accessible parking lot"": true}}",
Tour Striker GOLF Academy,Clubfitter,Club Fitting,False,(541) 948-2480,https://tourstrikergolfacademy.com/,3636 E Baseline Rd,Phoenix,Arizona,AZ,85042,33.3808164,-112.0057638,America/Phoenix,5.0,Top Rated,0,220,True,True,"https://www.google.com/maps/place/Tour+Striker+Golf+Academy/@33.3808164,-112.0057638,14z/data=!4m8!1m2!2m1!1sTour+Striker+Golf+Academy!3m4!1s0x872b0f9c803a421b:0xab115dd669f50c8f!8m2!3d33.3808164!4d-112.0057638",Club Fitting | Custom Club Building | Golf Lessons | Launch Monitor | Retail / Pro Shop,5,True,Indoor,True,"{""Wednesday"": [""7AM-5PM""]}",False,OPERATIONAL,True,crawled,custom club fitting Arizona,False,Tour Striker Golf Academy,"{""Accessibility"": {""Wheelchair accessible entrance"": true, ""Wheelchair accessible parking lot"": true, ""Wheelchair accessible restroom"": true}}",
Bad Birdie,Retailer,Golf Retail,False,(623) 526-5565,https://badbirdiegolf.com/,15034 N Scottsdale Rd Suite 105G1B,Scottsdale,Arizona,AZ,85254,33.6241141,-111.9282667,America/Phoenix,4.9,Top Rated,263,42,True,True,"https://www.google.com/maps/place/Bad+Birdie/@33.6241141,-111.9282667,14z/data=!4m8!1m2!2m1!1sBad+Birdie!3m4!1s0x872b75e17167f86b:0x60dd84110ef9081d!8m2!3d33.6241141!4d-111.9282667",Retail / Pro Shop,1,False,Indoor,True,"{""Monday"": [""10AM-8PM""], ""Tuesday"": [""10AM-8PM""], ""Wednesday"": [""10AM-8PM""], ""Thursday"": [""10AM-8PM""], ""Friday"": [""10AM-8PM""], ""Saturday"": [""10AM-8PM""], ""Sunday"": [""11AM-6PM""]}",True,OPERATIONAL,True,crawled,boutique golf shop Arizona,False,Bad Birdie,"{""Service options"": {""In-store pickup"": true, ""In-store shopping"": true, ""Onsite services"": true, ""Delivery"": false}, ""Accessibility"": {""Wheelchair accessible entrance"": true, ""Wheelchair accessible parking lot"": true}, ""Amenities"": {""Gender-neutral restroom"": true, ""Wi-Fi"": true}, ""Planning"": {""Quick visit"": true}, ""Payments"": {""Credit cards"": true, ""Debit cards"": true, ""NFC mobile payments"": true}}",
Brent Smith GOLF,Instruction,Golf Instruction,False,(480) 221-9312,https://brentsmithgolf.com/,11500 Hayden Rd,Scottsdale,Arizona,AZ,85260,33.5902239,-111.909305,America/Phoenix,5.0,Top Rated,0,1,True,True,"https://www.google.com/maps/place/Brent+Smith+Golf/@33.5902239,-111.90930499999999,14z/data=!4m8!1m2!2m1!1sBrent+Smith+Golf!3m4!1s0x872b75cc68eac729:0x46b3c81dd8383cfc!8m2!3d33.5902239!4d-111.90930499999999",Golf Lessons | Shaft & Grip Sales,2,False,Unknown,True,"{""Wednesday"": [""7AM-6PM""]}",False,OPERATIONAL,True,crawled,custom club fitting Arizona,False,Brent Smith Golf,"{""Accessibility"": {""Wheelchair accessible entrance"": true, ""Wheelchair accessible parking lot"": true, ""Wheelchair accessible restroom"": true}}",
Club Conex,Clubfitter,Club Fitting,False,,https://www.clubconex.com/,15035 N 75th St,Scottsdale,Arizona,AZ,85260,33.6232271,-111.9159929,America/Phoenix,0.0,Unrated,0,1,True,True,"https://www.google.com/maps/place/Club+Conex/@33.6232271,-111.91599289999999,14z/data=!4m8!1m2!2m1!1sClub+Conex!3m4!1s0x872b755abd1ca2ff:0x321b2f08f7df0eda!8m2!3d33.6232271!4d-111.91599289999999",Club Fitting | Shaft & Grip Sales,2,True,Indoor,True,,False,OPERATIONAL,True,crawled,custom club fitting Arizona,False,Club Conex,"{""Accessibility"": {""Wheelchair accessible entrance"": true, ""Wheelchair accessible parking lot"": true}}",
Ejs GOLF - Coach Erik,Retailer,Golf Instruction,False,(480) 861-9370,https://ejsgolf.com/,7505 E McCormick Pkwy,Scottsdale,Arizona,AZ,85258,33.5494473,-111.920119,America/Phoenix,5.0,Top Rated,0,381,True,True,"https://www.google.com/maps/place/EJS+Golf+-+Coach+Erik+%7C+Scottsdale+Golf+Lessons+-+McCormick+Ranch+G.+C./@33.5494473,-111.920119,14z/data=!4m8!1m2!2m1!1sEJS+Golf+-+Coach+Erik+%7C+Scottsdale+Golf+Lessons+-+McCormick+Ranch+G.+C.!3m4!1s0x872d21243a5977c9:0x1e293e937b6f703e!8m2!3d33.5494473!4d-111.920119",Golf Lessons | Launch Monitor | Retail / Pro Shop,3,False,Indoor,True,"{""Wednesday"": [""Closed""]}",False,OPERATIONAL,True,crawled,custom club fitting Arizona,False,EJS Golf - Coach Erik | Scottsdale Golf Lessons - McCormick Ranch G. C.,"{""Accessibility"": {""Wheelchair accessible entrance"": true, ""Wheelchair accessible parking lot"": true, ""Wheelchair accessible restroom"": true}, ""Other"": {""LGBTQ+ friendly"": true}}",
GOLF 48,Clubfitter,Club Fitting,False,(480) 502-0555,https://hornaceksgolf.com/,23587 N Scottsdale Rd,Scottsdale,Arizona,AZ,85255,33.7004879,-111.9232576,America/Phoenix,4.6,Highly Rated,0,17,True,True,"https://www.google.com/maps/place/Golf+48/@33.7004879,-111.9232576,14z/data=!4m8!1m2!2m1!1sGolf+48!3m4!1s0x872b7714108b2445:0xf2936a656764dd63!8m2!3d33.7004879!4d-111.9232576",Club Fitting | Golf Lessons | Launch Monitor | Retail / Pro Shop,4,True,Indoor,True,"{""Wednesday"": [""9AM-6PM""]}",False,OPERATIONAL,True,crawled,boutique golf shop Arizona,False,Golf 48,"{""Accessibility"": {""Wheelchair accessible entrance"": true, ""Wheelchair accessible parking lot"": true}}",
New Level GOLF Co.,Clubfitter,Club Fitting,False,,https://www.newlevelgolf.com/,15270 N 83rd Pl,Scottsdale,Arizona,AZ,85260,33.6244383,-111.9040418,America/Phoenix,4.7,Top Rated,0,15,True,True,"https://www.google.com/maps/place/New+Level+Golf+Co./@33.6244383,-111.9040418,14z/data=!4m8!1m2!2m1!1sNew+Level+Golf+Co.!3m4!1s0x872b74475a9fc463:0xccb2812a29b4271!8m2!3d33.6244383!4d-111.9040418",Club Fitting | Club Repair | Launch Monitor | Retail / Pro Shop | Shaft & Grip Sales,5,True,Indoor,True,"{""Wednesday"": [""8AM-4PM""]}",False,OPERATIONAL,True,crawled,custom club fitting Arizona,False,New Level Golf Co.,"{""Accessibility"": {""Wheelchair accessible entrance"": true, ""Wheelchair accessible parking lot"": true}}",
PXG Scottsdale,Clubfitter,Club Fitting,False,(480) 387-5580,https://www.pxg.com/pages/golf-stores/pxg-scottsdale,15690 N 83rd Way,Scottsdale,Arizona,AZ,85260,33.6285885,-111.9010456,America/Phoenix,4.4,Highly Rated,0,112,True,True,"https://www.google.com/maps/place/PXG+Scottsdale/@33.6285885,-111.90104559999999,14z/data=!4m8!1m2!2m1!1sPXG+Scottsdale!3m4!1s0x872b75c9ba4949f3:0x500e7078c701c09f!8m2!3d33.6285885!4d-111.90104559999999",Club Fitting | Launch Monitor | Golf Simulator | Retail / Pro Shop,4,True,Indoor,True,"{""Wednesday"": [""9AM-5PM""]}",False,OPERATIONAL,True,crawled,custom club fitting Arizona,False,PXG Scottsdale,"{""Accessibility"": {""Wheelchair accessible entrance"": true, ""Wheelchair accessible parking lot"": true}, ""Other"": {""LGBTQ+ friendly"": true, ""Identifies as veteran-owned"": true}}",
Scottsdale GOLF Lessons By Grip & Rip GOLF,Retailer,Golf Instruction,False,(480) 553-9735,https://azgolflessons.golf/,8220 Hayden Rd,Scottsdale,Arizona,AZ,85258,33.5560001,-111.899058,America/Phoenix,5.0,Top Rated,0,6,True,True,"https://www.google.com/maps/place/Scottsdale+Golf+Lessons+by+Grip+%26+Rip+Golf/@33.5560001,-111.899058,14z/data=!4m8!1m2!2m1!1sScottsdale+Golf+Lessons+by+Grip+%26+Rip+Golf!3m4!1s0x872b0bb283776e17:0x4ba4e117f3bfa670!8m2!3d33.5560001!4d-111.899058",Golf Lessons | Retail / Pro Shop,2,False,Indoor,True,,False,OPERATIONAL,True,crawled,custom club fitting Arizona,False,Scottsdale Golf Lessons by Grip & Rip Golf,"{""Accessibility"": {""Wheelchair accessible entrance"": true, ""Wheelchair accessible parking lot"": true}}",
Studio GOLF Scottsdale,Simulator,Club Fitting,False,(480) 997-5885,https://studiogolfclub.com/locations/scottsdale-az/,15505 N Scottsdale Rd Suite #170,Scottsdale,Arizona,AZ,85254,33.6278562,-111.9246289,America/Phoenix,5.0,Top Rated,0,56,True,True,"https://www.google.com/maps/place/Studio+Golf+Scottsdale/@33.6278562,-111.9246289,14z/data=!4m8!1m2!2m1!1sStudio+Golf+Scottsdale!3m4!1s0x872b7567de387d73:0x70eccdc3d8bd40c2!8m2!3d33.6278562!4d-111.9246289",Club Fitting | Custom Club Building | Golf Lessons | Launch Monitor | Golf Simulator | Retail / Pro Shop | Shaft & Grip Sales,7,True,Indoor,True,"{""Wednesday"": [""8AM-9PM""]}",False,OPERATIONAL,True,crawled,custom club fitting Arizona,False,Studio Golf Scottsdale,"{""Accessibility"": {""Wheelchair accessible entrance"": true, ""Wheelchair accessible parking lot"": true, ""Wheelchair accessible restroom"": true, ""Wheelchair accessible seating"": true, ""Assistive hearing loop"": false}}",
Two Friends GOLF,Retailer,Golf Retail,False,(480) 269-0481,https://www.twofriendsgolf.com/,20343 Hayden Rd Suite 105-59,Scottsdale,Arizona,AZ,85255,33.6699779,-111.904461,America/Phoenix,5.0,Top Rated,5,16,True,True,"https://www.google.com/maps/place/Two+Friends+Golf/@33.6699779,-111.904461,14z/data=!4m8!1m2!2m1!1sTwo+Friends+Golf!3m4!1s0x63b12f688712d373:0x2353fcd91cb97bdf!8m2!3d33.6699779!4d-111.904461",Retail / Pro Shop,1,False,Indoor,True,"{""Monday"": [""Open 24 hours""], ""Tuesday"": [""Open 24 hours""], ""Wednesday"": [""Open 24 hours""], ""Thursday"": [""Open 24 hours""], ""Friday"": [""Open 24 hours""], ""Saturday"": [""Open 24 hours""], ""Sunday"": [""Open 24 hours""]}",True,OPERATIONAL,True,crawled,boutique golf shop Arizona,False,Two Friends Golf,"{""From the business"": {""Small business"": true}, ""Service options"": {""Delivery"": false}, ""Accessibility"": {""Wheelchair accessible entrance"": true, ""Wheelchair accessible parking lot"": true}, ""Offerings"": {""Men's clothing"": true}, ""Amenities"": {""Restroom"": true}, ""Planning"": {""Appointment required"": true}, ""Payments"": {""Credit cards"": true, ""Debit cards"": true, ""NFC mobile payments"": true}}",
Condor GOLF Custom Clubs & Repair,Clubfitter,Custom Club Building,False,(623) 581-2986,https://www.condorgolf.com/,10124 W Shasta Dr,Sun City,Arizona,AZ,85351,33.6206191,-112.2948975,America/Phoenix,5.0,Top Rated,0,17,True,True,"https://www.google.com/maps/place/Condor+Golf+Custom+Clubs+%26+Repair/@33.6206191,-112.29489749999999,14z/data=!4m8!1m2!2m1!1sCondor+Golf+Custom+Clubs+%26+Repair!3m4!1s0x872b65126f9a7297:0xabddace3ab61572f!8m2!3d33.6206191!4d-112.29489749999999",Custom Club Building | Retail / Pro Shop,2,True,Indoor,True,"{""Wednesday"": [""12:30-1PM""]}",False,OPERATIONAL,True,crawled,independent clubmaker Arizona,False,Condor Golf Custom Clubs & Repair,"{""Accessibility"": {""Wheelchair accessible parking lot"": true}}",
Da Golflab,Simulator,Club Fitting,False,(623) 544-6577,https://dagolflab.com/,14260 W Meeker Blvd,Sun City West,Arizona,AZ,85375,33.6595319,-112.368051,America/Phoenix,5.0,Top Rated,0,17,True,True,"https://www.google.com/maps/place/Da+GolfLAB/@33.6595319,-112.368051,14z/data=!4m8!1m2!2m1!1sDa+GolfLAB!3m4!1s0x872b5b90ba2523f5:0x5d5338224021d1d3!8m2!3d33.6595319!4d-112.368051",Club Fitting | Club Repair | Custom Club Building | Club Rentals | Retail / Pro Shop | Shaft & Grip Sales,6,True,Indoor,True,"{""Wednesday"": [""8AM-6PM""]}",False,OPERATIONAL,True,crawled,custom club fitting Arizona,False,Da GolfLAB,"{""Accessibility"": {""Wheelchair accessible entrance"": true, ""Wheelchair accessible parking lot"": true, ""Wheelchair accessible restroom"": true}}",
GOLF 4 Less,Clubfitter,Club Fitting,False,(623) 584-8393,https://www.golf4lessaz.com/,13576 W Camino Del Sol Suite 2A,Sun City West,Arizona,AZ,85375,33.6556703,-112.3536566,America/Phoenix,4.6,Highly Rated,0,22,True,True,"https://www.google.com/maps/place/Golf+4+Less/@33.6556703,-112.3536566,14z/data=!4m8!1m2!2m1!1sGolf+4+Less!3m4!1s0x872b5b488c488a33:0x26e1562dc5e76e6f!8m2!3d33.6556703!4d-112.3536566",Club Fitting | Club Repair | Golf Lessons | Launch Monitor | Retail / Pro Shop | Shaft & Grip Sales,6,True,Indoor,True,"{""Wednesday"": [""8:30AM-5PM""]}",False,OPERATIONAL,True,crawled,custom club fitting Arizona,False,Golf 4 Less,"{""Accessibility"": {""Wheelchair accessible entrance"": true, ""Wheelchair accessible parking lot"": true}}",
All About GOLF,Clubfitter,Club Fitting,False,(480) 699-7863,https://allaboutgolf.com/,1828 E University Dr Suite #7,Tempe,Arizona,AZ,85288,33.4224258,-111.9076518,America/Phoenix,4.8,Top Rated,0,91,True,True,"https://www.google.com/maps/place/All+About+Golf/@33.4224258,-111.9076518,14z/data=!4m8!1m2!2m1!1sAll+About+Golf!3m4!1s0x872b08f9cb81c0ef:0xce52fd46b313f29d!8m2!3d33.4224258!4d-111.9076518",Club Fitting | Club Repair | Custom Club Building | Golf Lessons | Launch Monitor | Golf Simulator | Retail / Pro Shop,7,True,Indoor,True,"{""Wednesday"": [""8AM-5PM""]}",False,OPERATIONAL,True,crawled,custom club fitting Arizona,False,All About Golf,"{""Accessibility"": {""Wheelchair accessible entrance"": true, ""Wheelchair accessible parking lot"": true}}",
Arizona GOLF Works,Clubfitter,Club Fitting,False,(480) 966-7007,https://www.azgolfworks.com/,1920 E University Dr #106,Tempe,Arizona,AZ,85288,33.4225095,-111.904031,America/Phoenix,4.8,Top Rated,0,33,True,True,"https://www.google.com/maps/place/Arizona+Golf+Works/@33.4225095,-111.90403099999999,14z/data=!4m8!1m2!2m1!1sArizona+Golf+Works!3m4!1s0x872b08f817929667:0xe27b3d93128d39ae!8m2!3d33.4225095!4d-111.90403099999999",Club Fitting | Club Repair | Custom Club Building | Retail / Pro Shop | Shaft & Grip Sales,5,True,Indoor,True,"{""Wednesday"": [""9AM-6PM""]}",False,OPERATIONAL,True,crawled,independent clubmaker Arizona,False,Arizona Golf Works,"{""Accessibility"": {""Wheelchair accessible entrance"": true, ""Wheelchair accessible parking lot"": true}, ""Other"": {""LGBTQ+ friendly"": true, ""Identifies as women-owned"": true}}",
Arizona GOLF Exchange & Indoor GOLF,Simulator,Club Fitting,False,(520) 325-8526,https://www.arizonagolfexchange.com/,4815 E Speedway Blvd,Tucson,Arizona,AZ,85712,32.2366377,-110.889833,America/Phoenix,4.9,Top Rated,0,17,True,False,"https://www.google.com/maps/place/Arizona+Golf+Exchange+%26+Indoor+Golf/@32.236637699999996,-110.889833,14z/data=!4m8!1m2!2m1!1sArizona+Golf+Exchange+%26+Indoor+Golf!3m4!1s0x86d66fcd3b320f0b:0xf852fe218e651b29!8m2!3d32.236637699999996!4d-110.889833",Club Fitting | Club Repair | Golf Simulator,3,True,Indoor,True,"{""Wednesday"": [""9AM-6PM""]}",False,OPERATIONAL,True,crawled,boutique golf shop Arizona,False,Arizona Golf Exchange & Indoor Golf,"{""Accessibility"": {""Wheelchair accessible entrance"": true, ""Wheelchair accessible parking lot"": true}}",
Dynamic GOLF Tucson At Project Par Performance Studio,Instruction,Golf Instruction,False,(520) 244-7682,https://www.dynamicgolftucson.com/,600 S Alvernon Way,Tucson,Arizona,AZ,85711,32.2130849,-110.9109796,America/Phoenix,5.0,Top Rated,0,64,True,True,"https://www.google.com/maps/place/Dynamic+Golf+Tucson+at+Project+Par+Performance+Studio/@32.2130849,-110.91097959999999,14z/data=!4m8!1m2!2m1!1sDynamic+Golf+Tucson+at+Project+Par+Performance+Studio!3m4!1s0x86d671b1375450e9:0x128f82c658cad3a2!8m2!3d32.2130849!4d-110.91097959999999",,0,False,Unknown,True,"{""Wednesday"": [""9AM-6PM""]}",False,OPERATIONAL,True,crawl_failed,custom club fitting Arizona,False,Dynamic Golf Tucson at Project Par Performance Studio,"{""Accessibility"": {""Wheelchair accessible entrance"": true, ""Wheelchair accessible parking lot"": true, ""Wheelchair accessible restroom"": true}}",failed
GOLF Liquidation,Clubfitter,Club Fitting,False,(772) 579-6011,https://www.golfliquidationsale.com/,10581 S Frontage Rd,Yuma,Arizona,AZ,85367,32.669712,-114.4503741,America/Phoenix,4.4,Highly Rated,0,67,True,True,"https://www.google.com/maps/place/Golf+Liquidation/@32.669712,-114.45037409999999,14z/data=!4m8!1m2!2m1!1sGolf+Liquidation!3m4!1s0x80d65fa44d7882f3:0x312d4f57b075736!8m2!3d32.669712!4d-114.45037409999999",Club Fitting | Club Repair | Retail / Pro Shop | Trade-In / Used Clubs,4,True,Indoor,True,"{""Wednesday"": [""10AM-4PM""]}",False,OPERATIONAL,True,crawled,boutique golf shop Arizona,False,Golf Liquidation,"{""Accessibility"": {""Wheelchair accessible entrance"": true, ""Wheelchair accessible parking lot"": true}}",
Alameda GOLF Works,Clubfitter,Club Fitting,False,(510) 337-1975,https://www.alamedagolfworks.com/,1710 Lincoln Ave,Alameda,California,CA,94501,37.7723069,-122.2549905,America/Los_Angeles,4.6,Highly Rated,0,37,True,True,"https://www.google.com/maps/place/Alameda+Golf+Works/@37.7723069,-122.25499049999999,14z/data=!4m8!1m2!2m1!1sAlameda+Golf+Works!3m4!1s0x808f86d332424d29:0xfb48173f50ea475b!8m2!3d37.7723069!4d-122.25499049999999",Club Fitting | Launch Monitor | Retail / Pro Shop,3,True,Indoor,True,"{""Wednesday"": [""10AM-6PM""]}",False,OPERATIONAL,True,crawled,independent clubmaker California,False,Alameda Golf Works,"{""Accessibility"": {""Wheelchair accessible entrance"": true, ""Wheelchair accessible parking lot"": true}}",
Roger Dunn GOLF,Clubfitter,Club Fitting,False,(805) 481-3866,https://rogerdunngolfag.com/,190 Station Way,Arroyo Grande,California,CA,93420,35.1208076,-120.5799973,America/Los_Angeles,4.7,Top Rated,0,29,True,True,"https://www.google.com/maps/place/Roger+Dunn+Golf/@35.1208076,-120.57999729999999,14z/data=!4m8!1m2!2m1!1sRoger+Dunn+Golf!3m4!1s0x80ec5e8619e53653:0xd6a68a7a307305ee!8m2!3d35.1208076!4d-120.57999729999999",Club Fitting | Retail / Pro Shop,2,True,Indoor,True,"{""Wednesday"": [""9AM-5PM""]}",False,OPERATIONAL,True,crawled,boutique golf shop California,False,Roger Dunn Golf,"{""Accessibility"": {""Wheelchair accessible entrance"": true, ""Wheelchair accessible parking lot"": true}}",
Carlsbad GOLF Center,Driving Range,Club Fitting,False,(760) 720-4653,https://www.carlsbadgolfcenter.com/,2711 Haymar Dr,Carlsbad,California,CA,92010,33.1808487,-117.3199144,America/Los_Angeles,4.5,Highly Rated,0,31,True,True,"https://www.google.com/maps/place/Carlsbad+Golf+Center/@33.1808487,-117.31991439999999,14z/data=!4m8!1m2!2m1!1sCarlsbad+Golf+Center!3m4!1s0x80dc71812faea7dd:0x3d1ea3647b992b75!8m2!3d33.1808487!4d-117.31991439999999",Club Fitting | Club Repair | Golf Lessons | Club Rentals | Retail / Pro Shop,5,True,Outdoor,True,"{""Wednesday"": [""10AM-9PM""]}",False,OPERATIONAL,True,crawled,custom club fitting California,False,Carlsbad Golf Center,"{""Accessibility"": {""Wheelchair accessible entrance"": true, ""Wheelchair accessible parking lot"": true}}",
Indi GOLF,Clubfitter,Club Fitting,False,(760) 825-8249,https://indigolfclubs.com/,2195 Faraday Ave Suite I,Carlsbad,California,CA,92008,33.1336152,-117.2815546,America/Los_Angeles,5.0,Top Rated,0,43,True,True,"https://www.google.com/maps/place/Indi+Golf/@33.1336152,-117.28155459999999,14z/data=!4m8!1m2!2m1!1sIndi+Golf!3m4!1s0x80dbf45d07a6e253:0xca4d19221c7b4937!8m2!3d33.1336152!4d-117.28155459999999",Club Fitting | Launch Monitor | Retail / Pro Shop,3,True,Indoor,True,"{""Wednesday"": [""10AM-3PM""]}",False,OPERATIONAL,True,crawled,independent clubmaker California,False,Indi Golf,"{""Accessibility"": {""Wheelchair accessible entrance"": true, ""Wheelchair accessible parking lot"": true, ""Wheelchair accessible restroom"": true, ""Wheelchair accessible seating"": true}}",
Off-price GOLF,Retailer,Golf Retail,False,(760) 480-1500,https://offpricegolf.com/pages/contact-us,6350 Yarrow Dr,Carlsbad,California,CA,92011,33.1197856,-117.2729605,America/Los_Angeles,0.0,Unrated,0,0,False,False,"https://www.google.com/maps/place/Off-Price+Golf/@33.1197856,-117.2729605,14z/data=!4m8!1m2!2m1!1sOff-Price+Golf!3m4!1s0x80dc735966555555:0xee45eed0ec105d6!8m2!3d33.1197856!4d-117.2729605",Retail / Pro Shop,1,False,Indoor,True,"{""Wednesday"": [""9AM-4PM""]}",False,OPERATIONAL,True,crawled,boutique golf shop California,False,Off-Price Golf,"{""Accessibility"": {""Wheelchair accessible entrance"": true, ""Wheelchair accessible parking lot"": true}}",enriched
TaylorMade Aviara Performance Center,Clubfitter,Club Fitting,False,(760) 334-3063,https://tmgolfaviara.com/,7250 Aviara Dr,Carlsbad,California,CA,92011,33.0960351,-117.2872273,America/Los_Angeles,4.1,Well Reviewed,0,36,True,True,"https://www.google.com/maps/place/TaylorMade+Aviara+Performance+Center/@33.0960351,-117.2872273,14z/data=!4m8!1m2!2m1!1sTaylorMade+Aviara+Performance+Center!3m4!1s0x80dc0cb663be6201:0xed9097e20f3873a7!8m2!3d33.0960351!4d-117.2872273",Club Fitting | Golf Lessons | Retail / Pro Shop | Shaft & Grip Sales,4,True,Indoor,True,"{""Wednesday"": [""8AM-5PM""]}",False,OPERATIONAL,True,crawled,custom club fitting California,False,TaylorMade Aviara Performance Center,"{""Accessibility"": {""Wheelchair accessible entrance"": true, ""Wheelchair accessible parking lot"": true}}",
Malbon GOLF Carmel,Retailer,Golf Retail,False,,https://malbongolf.com/,"Between 5th and, San Carlos Square, 6th Ave Unit 2",Carmel-by-the-sea,California,CA,93921,36.5562099,-121.9215932,America/Los_Angeles,4.7,Top Rated,0,9,True,True,"https://www.google.com/maps/place/Malbon+Golf+Carmel/@36.5562099,-121.92159319999999,14z/data=!4m8!1m2!2m1!1sMalbon+Golf+Carmel!3m4!1s0x808de7cc8e1c7eb5:0x2c186b3fab8056fb!8m2!3d36.5562099!4d-121.92159319999999",Retail / Pro Shop,1,False,Indoor,True,"{""Wednesday"": [""11AM-4PM""]}",False,OPERATIONAL,True,crawled,boutique golf shop California,False,Malbon Golf Carmel,"{""Accessibility"": {""Wheelchair accessible entrance"": true, ""Wheelchair accessible parking lot"": true}}",
Urban GOLF Performance,Clubfitter,Club Fitting,False,,https://urbangolfperformance.com/,"NW of 6th Ave, Mission St #3",Carmel-by-the-sea,California,CA,93921,36.5561132,-121.9212612,America/Los_Angeles,5.0,Top Rated,0,5,True,True,"https://www.google.com/maps/place/Urban+Golf+Performance/@36.5561132,-121.92126119999999,14z/data=!4m8!1m2!2m1!1sUrban+Golf+Performance!3m4!1s0x808de7dee26a43fb:0x2a70885072bb7ad3!8m2!3d36.5561132!4d-121.92126119999999",Club Fitting | Custom Club Building | Golf Lessons | Retail / Pro Shop,4,True,Indoor,True,,False,OPERATIONAL,True,crawled,custom club fitting California,False,Urban Golf Performance,"{""Accessibility"": {""Wheelchair accessible entrance"": true, ""Wheelchair accessible parking lot"": true}}",
Pro-fitted GOLF Clubs,Golf Course / Pro Shop,Club Fitting,False,(805) 218-5451,https://pro-fittedgolfclubs.com/,5885 Carpinteria Ave,Carpinteria,California,CA,93013,34.3893326,-119.5032799,America/Los_Angeles,0.0,Unrated,0,11,True,True,"https://www.google.com/maps/place/pro-fitted+golf+clubs/@34.389332599999996,-119.5032799,14z/data=!4m8!1m2!2m1!1spro-fitted+golf+clubs!3m4!1s0x80e940abe88d5a3b:0xab10bf64aa2fa2cf!8m2!3d34.389332599999996!4d-119.5032799",Club Fitting | Club Repair | Launch Monitor | Retail / Pro Shop | Shaft & Grip Sales,5,True,Outdoor,True,"{""Wednesday"": [""12-4:30PM""]}",False,OPERATIONAL,True,crawled,custom club fitting California,False,pro-fitted golf clubs,"{""Accessibility"": {""Wheelchair accessible entrance"": true, ""Wheelchair accessible parking lot"": true}}",
Tee Off GOLF Shops,Retailer,Golf Instruction,False,(909) 313-6452,https://teeoffgolfshops.com/,14175 Telephone Ave Suite Q,Chino,California,CA,91710,33.9957388,-117.6926703,America/Los_Angeles,5.0,Top Rated,0,5,True,True,"https://www.google.com/maps/place/TEE+Off+Golf+Shops/@33.9957388,-117.69267029999999,14z/data=!4m8!1m2!2m1!1sTEE+Off+Golf+Shops!3m4!1s0xb4cb03b3bfebef7:0xa284568341aa161f!8m2!3d33.9957388!4d-117.69267029999999",Golf Lessons | Shaft & Grip Sales | Retail / Pro Shop | Trade-In / Used Clubs,4,False,Indoor,True,"{""Wednesday"": [""10AM-6PM""]}",False,OPERATIONAL,True,crawled,boutique golf shop California,False,TEE Off Golf Shops,"{""Accessibility"": {""Wheelchair accessible entrance"": true, ""Wheelchair accessible parking lot"": true}}",
Quiet GOLF,Retailer,Golf Retail,False,(714) 714-0714,https://www.quietgolfclub.com/,2949 Randolph Av STE A,Costa Mesa,California,CA,92626,33.6782576,-117.8880531,America/Los_Angeles,5.0,Top Rated,0,18,True,True,"https://www.google.com/maps/place/Quiet+Golf/@33.6782576,-117.8880531,14z/data=!4m8!1m2!2m1!1sQuiet+Golf!3m4!1s0x80dcdfd1aa60b4a5:0xcde686bcee39cac3!8m2!3d33.6782576!4d-117.8880531",Retail / Pro Shop,1,False,Indoor,True,"{""Wednesday"": [""11AM-7PM""]}",False,OPERATIONAL,True,crawl_failed,boutique golf shop California,False,Quiet Golf,"{""Accessibility"": {""Wheelchair accessible entrance"": true, ""Wheelchair accessible parking lot"": true}}",enriched
"Okkys Specialized PGA GOLF Lessons, Fitting, And Club Repairs",Instruction,Golf Instruction,False,(909) 348-2088,https://golfmadesense.com/,22751 Golden Springs Dr,Diamond Bar,California,CA,91765,34.0083728,-117.8204272,America/Los_Angeles,5.0,Top Rated,0,79,True,True,"https://www.google.com/maps/place/Okky%E2%80%99s+Specialized+PGA+Golf+Lessons%2C+Fitting%2C+and+Club+Repairs/@34.0083728,-117.8204272,14z/data=!4m8!1m2!2m1!1sOkky%E2%80%99s+Specialized+PGA+Golf+Lessons%2C+Fitting%2C+and+Club+Repairs!3m4!1s0x80c32bbce6275701:0x78683cb142f9d9b4!8m2!3d34.0083728!4d-117.8204272",,0,False,Unknown,True,"{""Wednesday"": [""8AM-9PM""]}",False,OPERATIONAL,True,crawl_failed,independent clubmaker California,False,"Okky’s Specialized PGA Golf Lessons, Fitting, and Club Repairs","{""Accessibility"": {""Wheelchair accessible entrance"": true, ""Wheelchair accessible parking lot"": true}}",failed
PXG East Bay,Clubfitter,Club Fitting,False,(925) 965-7919,https://www.pxg.com/pages/golf-stores/pxg-east-bay,4460-A Tassajara Rd,Dublin,California,CA,94568,37.7071778,-121.8739167,America/Los_Angeles,5.0,Top Rated,22,41,True,True,"https://www.google.com/maps/place/PXG+East+Bay/@37.7071778,-121.8739167,14z/data=!4m8!1m2!2m1!1sPXG+East+Bay!3m4!1s0x808fe99e7f0eb337:0x9f13e0323e46ef00!8m2!3d37.7071778!4d-121.8739167",Club Fitting | Launch Monitor | Golf Simulator | Retail / Pro Shop,4,True,Indoor,True,"{""Monday"": [""9AM-5PM""], ""Tuesday"": [""9AM-5PM""], ""Wednesday"": [""9AM-5PM""], ""Thursday"": [""9AM-5PM""], ""Friday"": [""9AM-5PM""], ""Saturday"": [""9AM-5PM""], ""Sunday"": [""Closed""]}",True,OPERATIONAL,True,crawled,custom club fitting California,False,PXG East Bay,"{""From the business"": {""Identifies as veteran-owned"": true}, ""Service options"": {""Onsite services"": true, ""Delivery"": false}, ""Accessibility"": {""Wheelchair accessible entrance"": true, ""Wheelchair accessible parking lot"": true}, ""Amenities"": {""Wi-Fi"": true}, ""Planning"": {""Appointment required"": true}, ""Payments"": {""Credit cards"": true, ""Debit cards"": true, ""NFC mobile payments"": true}, ""Other"": {""Identifies as veteran-owned"": true}}",
USA GOLF Masters,Clubfitter,Club Fitting,False,(619) 447-7648,https://usagolfmasters.com/,1262 Broadway,El Cajon,California,CA,92021,32.8079434,-116.9375765,America/Los_Angeles,4.8,Top Rated,0,7,True,True,"https://www.google.com/maps/place/USA+Golf+Masters/@32.8079434,-116.93757649999999,14z/data=!4m8!1m2!2m1!1sUSA+Golf+Masters!3m4!1s0x80d9590005f2bcc3:0xc6e482ff05c4d08!8m2!3d32.8079434!4d-116.93757649999999",Club Fitting | Club Repair | Shaft & Grip Sales | Retail / Pro Shop,4,True,Indoor,True,"{""Wednesday"": [""10AM-5PM""]}",False,OPERATIONAL,True,crawled,boutique golf shop California,False,USA Golf Masters,"{""Accessibility"": {""Wheelchair accessible entrance"": true, ""Wheelchair accessible parking lot"": true}}",
Perfectly Fit GOLF Clubs - GOLF Club Fittings & GOLF Lessons,Clubfitter,Club Fitting,False,(760) 807-4649,https://perfectlyfitgolfclubs.com/,1950 Pizarro Ln,Escondido,California,CA,92026,33.1523357,-117.1135546,America/Los_Angeles,5.0,Top Rated,0,11,True,True,"https://www.google.com/maps/place/Perfectly+Fit+Golf+Clubs+-+Golf+Club+Fittings+%26+Golf+Lessons/@33.1523357,-117.1135546,14z/data=!4m8!1m2!2m1!1sPerfectly+Fit+Golf+Clubs+-+Golf+Club+Fittings+%26+Golf+Lessons!3m4!1s0x80db8b583ed011e5:0xc4a7931556d408c2!8m2!3d33.1523357!4d-117.1135546",Club Fitting | Club Repair | Golf Lessons | Launch Monitor | Golf Simulator | Retail / Pro Shop,6,True,Indoor,True,"{""Wednesday"": [""9AM-5PM""]}",False,OPERATIONAL,True,crawled,independent clubmaker California,False,Perfectly Fit Golf Clubs - Golf Club Fittings & Golf Lessons,"{""Accessibility"": {""Wheelchair accessible entrance"": true, ""Wheelchair accessible parking lot"": true}}",
GOLF Instruction @ The Fremont Clubhouse,Clubfitter,Club Fitting,False,(510) 651-2500,https://www.fremontclubhouse.com/golf,4020 Technology Pl,Fremont,California,CA,94538,37.510594,-121.950955,America/Los_Angeles,0.0,Unrated,0,17,True,True,"https://www.google.com/maps/place/Golf+Instruction+%40+The+Fremont+Clubhouse/@37.510594,-121.950955,14z/data=!4m8!1m2!2m1!1sGolf+Instruction+%40+The+Fremont+Clubhouse!3m4!1s0x808fc798a82de01b:0xec888d843d0b5953!8m2!3d37.510594!4d-121.950955",Club Fitting | Custom Club Building | Golf Lessons | Launch Monitor | Golf Simulator | Club Rentals | Retail / Pro Shop,7,True,Indoor,True,"{""Wednesday"": [""10AM-5PM""]}",False,OPERATIONAL,True,crawled,independent clubmaker California,False,Golf Instruction @ The Fremont Clubhouse,"{""Accessibility"": {""Wheelchair accessible entrance"": true, ""Wheelchair accessible parking lot"": true, ""Wheelchair accessible restroom"": true}}",
Olympic GOLF,Retailer,Golf Retail,False,(714) 447-9997,https://www.theolympicgolf.com/,"Amerige Heights, 1967 W Malvern Ave",Fullerton,California,CA,92833,33.88004,-117.9627795,America/Los_Angeles,3.4,Standard,0,58,True,True,"https://www.google.com/maps/place/Olympic+Golf/@33.88004,-117.9627795,14z/data=!4m8!1m2!2m1!1sOlympic+Golf!3m4!1s0x80dd2a4fcd15dc09:0x7c7afa9237f6264c!8m2!3d33.88004!4d-117.9627795",,0,False,Indoor,True,"{""Wednesday"": [""9AM-7PM""]}",False,OPERATIONAL,True,crawl_failed,boutique golf shop California,False,Olympic Golf,"{""Accessibility"": {""Wheelchair accessible entrance"": true, ""Wheelchair accessible parking lot"": true}}",failed
Palm GOLF Co.,Retailer,Golf Retail,False,,https://www.palmgolfco.com/,17682 Gothard St Unit 3,Huntington Beach,California,CA,92647,33.706047,-117.9994409,America/Los_Angeles,4.2,Well Reviewed,0,3,True,True,"https://www.google.com/maps/place/Palm+Golf+Co./@33.706047,-117.9994409,14z/data=!4m8!1m2!2m1!1sPalm+Golf+Co.!3m4!1s0x80dd271df83b44cf:0xbc38aa56c4c267cb!8m2!3d33.706047!4d-117.9994409",Retail / Pro Shop,1,False,Indoor,True,"{""Wednesday"": [""11AM-4:30PM""]}",False,OPERATIONAL,True,crawled,boutique golf shop California,False,Palm Golf Co.,"{""Accessibility"": {""Wheelchair accessible entrance"": true, ""Wheelchair accessible parking lot"": true}}",
Phil Moore GOLF,Retailer,Golf Instruction,False,(951) 377-6268,https://www.philmooregolf.com/,11418 68th St,Jurupa Valley,California,CA,91752,33.9635362,-117.5336225,America/Los_Angeles,5.0,Top Rated,0,1,True,True,"https://www.google.com/maps/place/Phil+Moore+Golf/@33.9635362,-117.53362249999999,14z/data=!4m8!1m2!2m1!1sPhil+Moore+Golf!3m4!1s0x80dcb534a1106d05:0x98177aad4550b47a!8m2!3d33.9635362!4d-117.53362249999999",Golf Lessons | Retail / Pro Shop,2,False,Indoor,True,,False,OPERATIONAL,True,cached,independent clubmaker California,False,Phil Moore Golf,"{""Accessibility"": {""Wheelchair accessible entrance"": true, ""Wheelchair accessible parking lot"": true}}",
GOLF Edge,Simulator,Golf Simulator,False,(714) 217-8083,https://www.golfedgeshops.com/,2141 E Lambert Rd #201,La Habra,California,CA,90631,33.9249662,-117.9223829,America/Los_Angeles,0.0,Unrated,0,18,True,True,"https://www.google.com/maps/place/Golf+Edge/@33.9249662,-117.92238289999999,14z/data=!4m8!1m2!2m1!1sGolf+Edge!3m4!1s0x80dcd5ba8e63b4b5:0xafae034d0e49f17!8m2!3d33.9249662!4d-117.92238289999999",Golf Simulator | Retail / Pro Shop,2,False,Indoor,True,"{""Wednesday"": [""9AM-6PM""]}",False,OPERATIONAL,True,crawled,boutique golf shop California,False,Golf Edge,"{""Accessibility"": {""Wheelchair accessible entrance"": true, ""Wheelchair accessible parking lot"": true}}",
Yes GOLF,Clubfitter,Club Fitting,False,(562) 448-0770,https://www.yesgolfshop.com/,1301 S Beach Blvd,La Habra,California,CA,90631,33.9151915,-117.9703817,America/Los_Angeles,4.1,Well Reviewed,0,45,True,True,"https://www.google.com/maps/place/Yes+Golf/@33.9151915,-117.97038169999999,14z/data=!4m8!1m2!2m1!1sYes+Golf!3m4!1s0x80dd2ad8b3dcfac3:0x7be4a57010046c16!8m2!3d33.9151915!4d-117.97038169999999",Club Fitting | Club Repair | Retail / Pro Shop | Shaft & Grip Sales,4,True,Indoor,True,"{""Wednesday"": [""10AM-7PM""]}",False,OPERATIONAL,True,crawled,independent clubmaker California,False,Yes Golf,"{""Accessibility"": {""Wheelchair accessible entrance"": true, ""Wheelchair accessible parking lot"": true}}",
GOLF Performance Lab,Simulator,Golf Instruction,False,(213) 745-0311,https://www.golfperformancelab.com/,2400 S Hill St,Los Angeles,California,CA,90007,34.0272973,-118.2695615,America/Los_Angeles,5.0,Top Rated,0,23,True,True,"https://www.google.com/maps/place/Golf+Performance+Lab/@34.0272973,-118.2695615,14z/data=!4m8!1m2!2m1!1sGolf+Performance+Lab!3m4!1s0x80c2c78ecd035c4f:0x765365be476e6a3c!8m2!3d34.0272973!4d-118.2695615",Golf Lessons | Retail / Pro Shop,2,False,Indoor,True,"{""Wednesday"": [""9AM-7PM""]}",False,OPERATIONAL,True,crawled,independent clubmaker California,False,Golf Performance Lab,"{""Accessibility"": {""Wheelchair accessible entrance"": false, ""Wheelchair accessible parking lot"": false, ""Wheelchair accessible restroom"": false}}",
Griffith Park GOLF Shop,Retailer,Golf Instruction,False,(323) 663-2555,https://golf.lacity.gov/wilson-golf-course/,4730 Crystal Springs Dr,Los Angeles,California,CA,90027,34.1440139,-118.2892062,America/Los_Angeles,4.2,Well Reviewed,0,23,True,False,"https://www.google.com/maps/place/Griffith+Park+Golf+Shop/@34.1440139,-118.2892062,14z/data=!4m8!1m2!2m1!1sGriffith+Park+Golf+Shop!3m4!1s0x80c2c08d2174a033:0x4a27aa315e5f7bb7!8m2!3d34.1440139!4d-118.2892062",Golf Lessons | Retail / Pro Shop,2,False,Indoor,True,"{""Wednesday"": [""6AM-4:30PM""]}",False,OPERATIONAL,True,crawled,boutique golf shop California,False,Griffith Park Golf Shop,"{""Accessibility"": {""Wheelchair accessible entrance"": true, ""Wheelchair accessible parking lot"": true}}",
Jeko GOLF,Clubfitter,Club Fitting,False,(323) 348-2114,https://www.jeko.golf/,3027 N San Fernando Rd Unit 105,Los Angeles,California,CA,90065,34.1141771,-118.2445763,America/Los_Angeles,5.0,Top Rated,0,15,True,True,"https://www.google.com/maps/place/Jeko+Golf/@34.1141771,-118.24457629999999,14z/data=!4m8!1m2!2m1!1sJeko+Golf!3m4!1s0x80c2c1c979ac290f:0x5087ca07567cbeca!8m2!3d34.1141771!4d-118.24457629999999",Club Fitting | Club Repair | Golf Lessons | Launch Monitor | Retail / Pro Shop | Shaft & Grip Sales,6,True,Indoor,True,"{""Wednesday"": [""10AM-6PM""]}",False,OPERATIONAL,True,crawled,independent clubmaker California,False,Jeko Golf,"{""Accessibility"": {""Wheelchair accessible entrance"": true, ""Wheelchair accessible parking lot"": true}}",
Mike Schy GOLF Performance Institute,Clubfitter,Club Fitting,False,(559) 676-9364,https://www.mikeschy.com/,43369 Ave 12,Madera,California,CA,93636,36.9226297,-119.7704478,America/Los_Angeles,5.0,Top Rated,0,5,True,True,"https://www.google.com/maps/place/Mike+Schy+Golf+Performance+Institute/@36.9226297,-119.7704478,14z/data=!4m8!1m2!2m1!1sMike+Schy+Golf+Performance+Institute!3m4!1s0x8094417a1cd50da5:0x36e83c5a247522f7!8m2!3d36.9226297!4d-119.7704478",Club Fitting | Club Repair | Golf Lessons | Launch Monitor | Retail / Pro Shop,5,True,Indoor,True,"{""Wednesday"": [""9AM-6PM""]}",False,OPERATIONAL,True,crawled,independent clubmaker California,False,Mike Schy Golf Performance Institute,"{""Accessibility"": {""Wheelchair accessible entrance"": true, ""Wheelchair accessible parking lot"": true, ""Wheelchair accessible restroom"": true}}",
Phil's Custom GOLF,Retailer,Golf Instruction,False,(951) 377-6268,https://www.philmooregolf.com/,"2701, 11418 68th St",Mira Loma,California,CA,91752,33.964064,-117.5327113,America/Los_Angeles,5.0,Top Rated,0,1,True,True,"https://www.google.com/maps/place/Phil%27s+Custom+Golf/@33.964064,-117.53271129999999,14z/data=!4m8!1m2!2m1!1sPhil%27s+Custom+Golf!3m4!1s0x80dcb5e5e94e26f5:0x36270d2d40044994!8m2!3d33.964064!4d-117.53271129999999",Golf Lessons | Retail / Pro Shop,2,False,Indoor,True,,False,OPERATIONAL,True,crawled,independent clubmaker California,False,Phil's Custom Golf,"{""Accessibility"": {""Wheelchair accessible entrance"": true, ""Wheelchair accessible parking lot"": true}}",
Steve Carfano's Newport Beach GOLF Shop,Retailer,Golf Retail,False,(949) 250-1900,https://newportbeachgolfshop.com/,3100 Irvine Ave,Newport Beach,California,CA,92660,33.6592756,-117.8809357,America/Los_Angeles,4.9,Top Rated,0,9,True,True,"https://www.google.com/maps/place/Steve+Carfano%27s+Newport+Beach+Golf+Shop/@33.6592756,-117.8809357,14z/data=!4m8!1m2!2m1!1sSteve+Carfano%27s+Newport+Beach+Golf+Shop!3m4!1s0x80dcdfab78b3b055:0xb70abddf8d02c58f!8m2!3d33.6592756!4d-117.8809357",Retail / Pro Shop,1,False,Indoor,True,"{""Wednesday"": [""9:15AM-6PM""]}",False,OPERATIONAL,True,crawled,independent clubmaker California,False,Steve Carfano's Newport Beach Golf Shop,"{""Accessibility"": {""Wheelchair accessible entrance"": true, ""Wheelchair accessible parking lot"": true}}",
GOLF Alley,Clubfitter,Club Fitting,False,(760) 776-4646,https://www.golfalleypreowned.com/,42829 Cook St,Palm Desert,California,CA,92211,33.7375255,-116.3569628,America/Los_Angeles,4.4,Highly Rated,0,10,True,True,"https://www.google.com/maps/place/Golf+Alley/@33.7375255,-116.35696279999999,14z/data=!4m8!1m2!2m1!1sGolf+Alley!3m4!1s0x80dafc26fc800aa3:0x7ea8c170d85673cc!8m2!3d33.7375255!4d-116.35696279999999",Club Fitting | Club Repair | Golf Lessons | Shaft & Grip Sales | Retail / Pro Shop | Club Rentals | Trade-In / Used Clubs,7,True,Indoor,True,"{""Wednesday"": [""9AM-3PM""]}",False,OPERATIONAL,True,crawled,boutique golf shop California,False,Golf Alley,"{""Accessibility"": {""Wheelchair accessible entrance"": true, ""Wheelchair accessible parking lot"": true}}",
Lady GOLF - The Fashion House,Retailer,Golf Retail,False,(760) 773-4949,https://www.ladygolf.com/,73608 CA-111 #1,Palm Desert,California,CA,92260,33.721645,-116.3808293,America/Los_Angeles,3.4,Standard,0,4,True,True,"https://www.google.com/maps/place/Lady+Golf+-+The+Fashion+House/@33.721644999999995,-116.38082929999999,14z/data=!4m8!1m2!2m1!1sLady+Golf+-+The+Fashion+House!3m4!1s0x80dafe7badc7094b:0xfb286cbb39c68cb8!8m2!3d33.721644999999995!4d-116.38082929999999",Retail / Pro Shop,1,False,Indoor,True,"{""Wednesday"": [""9AM-4PM""]}",False,OPERATIONAL,True,crawled,boutique golf shop California,False,Lady Golf - The Fashion House,"{""Accessibility"": {""Wheelchair accessible entrance"": true, ""Wheelchair accessible parking lot"": true, ""Wheelchair accessible restroom"": true}, ""Other"": {""Identifies as women-owned"": true}}",
Grip It GOLF Repair,Clubfitter,Club Fitting,False,(510) 724-4653,https://www.gripitgolfrepair.com/,2401 San Pablo Ave suite b,Pinole,California,CA,94564,38.0060022,-122.2896312,America/Los_Angeles,4.9,Top Rated,0,5,True,True,"https://www.google.com/maps/place/Grip+It+Golf+Repair/@38.0060022,-122.28963119999999,14z/data=!4m8!1m2!2m1!1sGrip+It+Golf+Repair!3m4!1s0x808576e0c04fc59d:0x299c49eb56dd1081!8m2!3d38.0060022!4d-122.28963119999999",Club Fitting | Club Repair | Launch Monitor | Retail / Pro Shop | Shaft & Grip Sales,5,True,Indoor,True,"{""Wednesday"": [""10AM-4PM""]}",False,OPERATIONAL,True,crawled,independent clubmaker California,False,Grip It Golf Repair,"{""Accessibility"": {""Wheelchair accessible entrance"": true, ""Wheelchair accessible parking lot"": true}}",
Custom GOLF Stop,Retailer,Golf Retail,False,(800) 910-1372,https://www.customgolfstop.com/,11373 Trade Center Dr,Rancho Cordova,California,CA,95742,38.6083163,-121.2618146,America/Los_Angeles,4.4,Highly Rated,0,1,True,True,"https://www.google.com/maps/place/Custom+Golf+Stop/@38.6083163,-121.2618146,14z/data=!4m8!1m2!2m1!1sCustom+Golf+Stop!3m4!1s0x809ae787eb4eba2d:0x38a427db8a0ad489!8m2!3d38.6083163!4d-121.2618146",Retail / Pro Shop,1,False,Indoor,True,"{""Wednesday"": [""7AM-3PM""]}",False,OPERATIONAL,True,crawled,independent clubmaker California,False,Custom Golf Stop,"{""Accessibility"": {""Wheelchair accessible entrance"": true, ""Wheelchair accessible parking lot"": true}}",
Legal Limit Putters,Retailer,Golf Retail,False,(800) 910-1372,https://www.legallimitputters.com/Pages/contact_us.html,11373 Trade Center Dr,Rancho Cordova,California,CA,95742,38.6080729,-121.262016,America/Los_Angeles,0.0,Unrated,0,1,True,False,"https://www.google.com/maps/place/Legal+Limit+Putters/@38.608072899999996,-121.26201599999999,14z/data=!4m8!1m2!2m1!1sLegal+Limit+Putters!3m4!1s0x809ae7878e49c01f:0xba1056a1766dfa79!8m2!3d38.608072899999996!4d-121.26201599999999",,0,False,Indoor,True,,False,OPERATIONAL,True,crawled,independent clubmaker California,False,Legal Limit Putters,"{""Accessibility"": {""Wheelchair accessible entrance"": true, ""Wheelchair accessible parking lot"": true}}",failed
PXG Fitting Studio - Palm Desert,Clubfitter,Club Fitting,False,(442) 334-2144,https://www.pxg.com/pages/golf-stores/pxg-palm-desert,40101 Monterey Ave STE F1,Rancho Mirage,California,CA,92270,33.7574772,-116.3918713,America/Los_Angeles,4.6,Highly Rated,0,2,True,True,"https://www.google.com/maps/place/PXG+FITTING+STUDIO+-+PALM+DESERT/@33.7574772,-116.39187129999999,14z/data=!4m8!1m2!2m1!1sPXG+FITTING+STUDIO+-+PALM+DESERT!3m4!1s0x80dafd31c0f63ee3:0xf5807dc09b9efd6c!8m2!3d33.7574772!4d-116.39187129999999",Club Fitting | Launch Monitor | Golf Simulator | Retail / Pro Shop,4,True,Indoor,True,"{""Wednesday"": [""9AM-5PM""]}",False,OPERATIONAL,True,crawled,custom club fitting California,False,PXG FITTING STUDIO - PALM DESERT,"{""Accessibility"": {""Wheelchair accessible entrance"": true, ""Wheelchair accessible parking lot"": true}}",
Mnml GOLF Club,Simulator,Golf Simulator,False,(310) 987-2838,https://mnmlgolf.club/,136 N Catalina Ave,Redondo Beach,California,CA,90277,33.8431521,-118.3888152,America/Los_Angeles,4.7,Top Rated,0,29,True,True,"https://www.google.com/maps/place/MNML+GOLF+CLUB/@33.8431521,-118.3888152,14z/data=!4m8!1m2!2m1!1sMNML+GOLF+CLUB!3m4!1s0x80c2b5d8210e638f:0x888e4ed12ebf5f0e!8m2!3d33.8431521!4d-118.3888152",Golf Lessons | Golf Simulator | Retail / Pro Shop,3,False,Indoor,True,"{""Wednesday"": [""11AM-9PM""]}",False,OPERATIONAL,True,crawled,boutique golf shop California,False,MNML GOLF CLUB,"{""Accessibility"": {""Wheelchair accessible entrance"": true, ""Wheelchair accessible parking lot"": true, ""Wheelchair accessible restroom"": true, ""Wheelchair accessible seating"": true}, ""Other"": {""LGBTQ+ friendly"": true}}",
GOLF Performance Studio - Chris Dawkins,Simulator,Golf Simulator,False,(650) 701-4586,https://www.golfperformancestudio.net/,630 El Camino Real,Redwood City,California,CA,94063,37.4881759,-122.2375349,America/Los_Angeles,5.0,Top Rated,52,19,True,True,"https://www.google.com/maps/place/Golf+Performance+Studio+-+Chris+Dawkins/@37.4881759,-122.2375349,14z/data=!4m8!1m2!2m1!1sGolf+Performance+Studio+-+Chris+Dawkins!3m4!1s0x808fa3741ab7f361:0x826134f522096813!8m2!3d37.4881759!4d-122.2375349",Golf Lessons,1,False,Indoor,True,"{""Monday"": [""7AM-8PM""], ""Tuesday"": [""7AM-8PM""], ""Wednesday"": [""7AM-8PM""], ""Thursday"": [""7AM-8PM""], ""Friday"": [""7AM-8PM""], ""Saturday"": [""7AM-8PM""], ""Sunday"": [""11:30AM-8PM""]}",True,OPERATIONAL,True,crawled,custom club fitting California,False,Golf Performance Studio - Chris Dawkins,"{""Service options"": {""Onsite services"": true}, ""Accessibility"": {""Wheelchair accessible entrance"": true, ""Assistive hearing loop"": false, ""Wheelchair accessible parking lot"": false, ""Wheelchair accessible restroom"": false, ""Wheelchair accessible seating"": false}, ""Amenities"": {""Restroom"": true}, ""Planning"": {""Appointment required"": true}, ""Payments"": {""Credit cards"": true, ""Debit cards"": true, ""NFC mobile payments"": true}, ""Children"": {""Discounts for kids"": true}, ""Parking"": {""Free parking lot"": true, ""Free street parking"": true}}",enriched
Pacific GOLF Clubs,Golf Course / Pro Shop,Club Fitting,False,(951) 686-1536,https://pacificgolfclubs.com/,1229 Columbia Ave Suite C4,Riverside,California,CA,92507,34.0026905,-117.3381271,America/Los_Angeles,5.0,Top Rated,0,103,True,True,"https://www.google.com/maps/place/Pacific+Golf+Clubs+%28Online+E-Commerce+Only%29/@34.0026905,-117.3381271,14z/data=!4m8!1m2!2m1!1sPacific+Golf+Clubs+%28Online+E-Commerce+Only%29!3m4!1s0x80dcae77d5df977b:0x7170bc1e63b2dfd1!8m2!3d34.0026905!4d-117.3381271",Club Fitting | Custom Club Building | Retail / Pro Shop | Shaft & Grip Sales,4,True,Outdoor,True,"{""Wednesday"": [""10AM-4PM""]}",False,OPERATIONAL,True,crawled,independent clubmaker California,False,Pacific Golf Clubs,"{""Accessibility"": {""Wheelchair accessible entrance"": true, ""Wheelchair accessible parking lot"": true}}",
Kouros Logic GOLF,Clubfitter,Club Fitting,False,(626) 546-8336,https://www.facebook.com/profile.php?id=100063452656668,18888 Labin Ct B-111,Rowland Heights,California,CA,91748,33.9922218,-117.890937,America/Los_Angeles,4.6,Highly Rated,0,9,True,True,"https://www.google.com/maps/place/Kouros+Logic+Golf/@33.992221799999996,-117.890937,14z/data=!4m8!1m2!2m1!1sKouros+Logic+Golf!3m4!1s0x80c2c538f05f130d:0x85f9110708c9bbde!8m2!3d33.992221799999996!4d-117.890937",Club Fitting | Launch Monitor,2,True,Indoor,True,"{""Wednesday"": [""Closed""]}",False,OPERATIONAL,True,crawled,independent clubmaker California,False,Kouros Logic Golf,"{""Accessibility"": {""Wheelchair accessible entrance"": true, ""Wheelchair accessible parking lot"": true}}",
Grips Fast GOLF,Retailer,Club Repair,False,(916) 457-5532,https://gripsfastgolf.com/,4819 Freeport Blvd,Sacramento,California,CA,95822,38.5305686,-121.4949459,America/Los_Angeles,4.9,Top Rated,0,6,True,True,"https://www.google.com/maps/place/Grips+Fast+Golf/@38.530568599999995,-121.49494589999999,14z/data=!4m8!1m2!2m1!1sGrips+Fast+Golf!3m4!1s0x809ad1b44fb4d70f:0x222fd747dc3abadb!8m2!3d38.530568599999995!4d-121.49494589999999",Club Repair | Custom Club Building | Retail / Pro Shop | Shaft & Grip Sales,4,False,Indoor,True,"{""Wednesday"": [""10AM-6PM""]}",False,OPERATIONAL,True,crawled,independent clubmaker California,False,Grips Fast Golf,"{""Accessibility"": {""Wheelchair accessible entrance"": true, ""Wheelchair accessible parking lot"": true}}",
Morton GOLF Sales,Retailer,Golf Instruction,False,(888) 988-3673,https://www.mortongolfsales.com/,3645 Fulton Ave,Sacramento,California,CA,95821,38.6326497,-121.4028814,America/Los_Angeles,4.8,Top Rated,138,18,True,True,"https://www.google.com/maps/place/Morton+Golf+Sales/@38.6326497,-121.4028814,14z/data=!4m8!1m2!2m1!1sMorton+Golf+Sales!3m4!1s0x809ad99f94f1f583:0x6baa454fa9271a8e!8m2!3d38.6326497!4d-121.4028814",Custom Club Building | Golf Lessons | Retail / Pro Shop | Shaft & Grip Sales,4,False,Indoor,True,"{""Monday"": [""7AM-3:30PM""], ""Tuesday"": [""7AM-3:30PM""], ""Wednesday"": [""7AM-3:30PM""], ""Thursday"": [""7AM-3:30PM""], ""Friday"": [""7AM-3:30PM""], ""Saturday"": [""Closed""], ""Sunday"": [""Closed""]}",True,OPERATIONAL,True,crawled,custom club fitting California,False,Morton Golf Sales,"{""From the business"": {""Identifies as women-owned"": true, ""Small business"": true}, ""Service options"": {""Onsite services"": true}, ""Accessibility"": {""Wheelchair accessible parking lot"": true, ""Wheelchair accessible entrance"": false}, ""Planning"": {""Quick visit"": true}, ""Payments"": {""Credit cards"": true, ""Debit cards"": true, ""NFC mobile payments"": true}, ""Other"": {""Identifies as women-owned"": true}}",
Bad Birdie,Retailer,Golf Retail,False,(858) 253-6675,https://badbirdiegolf.com/,4525 La Jolla Village Dr Suite #D-18,San Diego,California,CA,92122,32.8713302,-117.2099631,America/Los_Angeles,4.8,Top Rated,0,10,True,True,"https://www.google.com/maps/place/Bad+Birdie/@32.871330199999996,-117.2099631,14z/data=!4m8!1m2!2m1!1sBad+Birdie!3m4!1s0x80dc07a073e8cc31:0x5d4f868ec7fb6cf9!8m2!3d32.871330199999996!4d-117.2099631",Retail / Pro Shop,1,False,Indoor,True,"{""Wednesday"": [""10AM-8PM""]}",False,OPERATIONAL,True,crawled,boutique golf shop California,False,Bad Birdie,"{""Accessibility"": {""Wheelchair accessible entrance"": true, ""Wheelchair accessible parking lot"": true}}",
Golden GOLF Mart,Retailer,Golf Retail,False,(626) 458-1465,https://goldengolfmart.com/,320 W Valley Blvd,San Gabriel,California,CA,91776,34.0791916,-118.1046786,America/Los_Angeles,4.5,Highly Rated,0,95,True,True,"https://www.google.com/maps/place/Golden+Golf+Mart/@34.0791916,-118.1046786,14z/data=!4m8!1m2!2m1!1sGolden+Golf+Mart!3m4!1s0x80c2dab677e78039:0x9a90c04cc413e7ab!8m2!3d34.0791916!4d-118.1046786",Retail / Pro Shop | Shaft & Grip Sales,2,False,Indoor,True,"{""Wednesday"": [""10AM-7PM""]}",False,OPERATIONAL,True,crawled,independent clubmaker California,False,Golden Golf Mart,"{""Accessibility"": {""Wheelchair accessible entrance"": true, ""Wheelchair accessible parking lot"": true}}",
Thegolfvault.shop,Retailer,Golf Retail,False,(949) 697-4535,https://thegolfvault.shop/,,San Juan Capistrano,California,CA,92675,33.5019027,-117.6627655,America/Los_Angeles,5.0,Top Rated,0,1,True,True,"https://www.google.com/maps/place/Thegolfvault.shop/@33.501902699999995,-117.66276549999999,14z/data=!4m8!1m2!2m1!1sThegolfvault.shop!3m4!1s0x80dcefd327aced83:0x5803f494aea5a64d!8m2!3d33.501902699999995!4d-117.66276549999999",Retail / Pro Shop,1,False,Indoor,True,,False,OPERATIONAL,True,crawled,boutique golf shop California,False,Thegolfvault.shop,"{""Accessibility"": {""Wheelchair accessible entrance"": true, ""Wheelchair accessible parking lot"": true}}",
Golfbuddy,Retailer,Golf Retail,False,,https://golfbuddyamerica.com/,10700 Norwalk Blvd,Santa Fe Springs,California,CA,90670,33.9369655,-118.072199,America/Los_Angeles,3.1,Standard,0,1,True,True,"https://www.google.com/maps/place/GOLFBUDDY/@33.9369655,-118.072199,14z/data=!4m8!1m2!2m1!1sGOLFBUDDY!3m4!1s0x80c2d2fb4fadbd45:0x1bf665a44e021932!8m2!3d33.9369655!4d-118.072199",Retail / Pro Shop,1,False,Indoor,True,"{""Wednesday"": [""8:30AM-5:30PM""]}",False,OPERATIONAL,True,crawled,boutique golf shop California,False,GOLFBUDDY,"{""Accessibility"": {""Wheelchair accessible entrance"": true, ""Wheelchair accessible parking lot"": true}}",
Flynn GOLF Lab,Simulator,Golf Instruction,False,(323) 336-1887,https://www.flynngolflab.com/,15250 Ventura Blvd,Sherman Oaks,California,CA,91403,34.1532711,-118.4651523,America/Los_Angeles,4.9,Top Rated,0,24,True,True,"https://www.google.com/maps/place/Flynn+Golf+Lab/@34.1532711,-118.4651523,14z/data=!4m8!1m2!2m1!1sFlynn+Golf+Lab!3m4!1s0x80c2bfdb059ee069:0x9887d6692bafb194!8m2!3d34.1532711!4d-118.4651523",Golf Lessons,1,False,Indoor,True,,False,OPERATIONAL,True,crawled,independent clubmaker California,False,Flynn Golf Lab,"{""Accessibility"": {""Wheelchair accessible entrance"": true, ""Wheelchair accessible parking lot"": true, ""Wheelchair accessible restroom"": true}}",
GOLF Tech,Simulator,Golf Simulator,False,(408) 732-8324,https://www.thegolftech.com/,659 S Bernardo Ave,Sunnyvale,California,CA,94087,37.372162,-122.0579335,America/Los_Angeles,4.7,Top Rated,29,799,True,True,"https://www.google.com/maps/place/Golf+Tech/@37.372161999999996,-122.05793349999999,14z/data=!4m8!1m2!2m1!1sGolf+Tech!3m4!1s0x808fb6e916474bd3:0xdca26416828514ca!8m2!3d37.372161999999996!4d-122.05793349999999",Golf Simulator | Retail / Pro Shop | Trade-In / Used Clubs,3,True,Indoor,True,"{""Monday"": [""9:30AM-6PM""], ""Tuesday"": [""9:30AM-6PM""], ""Wednesday"": [""9:30AM-4PM""], ""Thursday"": [""9:30AM-6PM""], ""Friday"": [""9:30AM-6PM""], ""Saturday"": [""9:30AM-5PM""], ""Sunday"": [""Closed""]}",True,OPERATIONAL,True,crawled,custom club fitting California,False,Golf Tech,"{""From the business"": {""Small business"": true}, ""Service options"": {""Curbside pickup"": true, ""Delivery"": true, ""In-store pickup"": true, ""In-store shopping"": true, ""Onsite services"": true}, ""Accessibility"": {""Wheelchair accessible entrance"": true, ""Wheelchair accessible parking lot"": true}, ""Amenities"": {""Wi-Fi"": true}, ""Planning"": {""Appointment required"": true, ""Quick visit"": true}, ""Payments"": {""Checks"": true, ""Credit cards"": true, ""Debit cards"": true, ""NFC mobile payments"": true}}",
Ads GOLF INC,Clubfitter,Club Fitting,False,(760) 736-8269,https://www.adsgolf.com/,2880 Scott St #106,Vista,California,CA,92081,33.1402564,-117.2278518,America/Los_Angeles,4.9,Top Rated,0,27,True,True,"https://www.google.com/maps/place/ADS+Golf+Inc/@33.1402564,-117.2278518,14z/data=!4m8!1m2!2m1!1sADS+Golf+Inc!3m4!1s0x80db8a981b48f5c9:0x888afca70bd614c8!8m2!3d33.1402564!4d-117.2278518",Club Fitting | Custom Club Building | Launch Monitor | Retail / Pro Shop | Shaft & Grip Sales,5,True,Indoor,True,"{""Wednesday"": [""9:30AM-6PM""]}",False,OPERATIONAL,True,crawled,independent clubmaker California,False,ADS Golf Inc,"{""Accessibility"": {""Wheelchair accessible entrance"": true, ""Wheelchair accessible parking lot"": true}}",
Purchase And Resell,Retailer,Club Repair,False,(760) 961-4411,https://www.purchaseandresell.com/,1910 Shadowridge Dr #104,Vista,California,CA,92081,33.1579469,-117.2490786,America/Los_Angeles,5.0,Top Rated,0,66,True,True,"https://www.google.com/maps/place/Purchase+And+Resell+%28PAR+Golf%29/@33.1579469,-117.24907859999999,14z/data=!4m8!1m2!2m1!1sPurchase+And+Resell+%28PAR+Golf%29!3m4!1s0x80dc75562d56a72d:0xe4e9c27b0be78ab2!8m2!3d33.1579469!4d-117.24907859999999",Club Repair | Custom Club Building | Retail / Pro Shop | Trade-In / Used Clubs,4,False,Indoor,True,"{""Wednesday"": [""10AM-6PM""]}",False,OPERATIONAL,True,crawled,boutique golf shop California,False,Purchase And Resell,"{""Accessibility"": {""Wheelchair accessible entrance"": true, ""Wheelchair accessible parking lot"": true}}",
Golfio Superstore,Golf Course / Pro Shop,Club Fitting,False,(909) 771-1111,https://www.golfio.com/pages/superstore-information,19950 E Walnut Dr N,Walnut,California,CA,91789,33.9972028,-117.868177,America/Los_Angeles,4.3,Highly Rated,0,213,True,True,"https://www.google.com/maps/place/Golfio+SuperStore/@33.9972028,-117.86817699999999,14z/data=!4m8!1m2!2m1!1sGolfio+SuperStore!3m4!1s0x80c32b9200642533:0xd6dec8e06c88e973!8m2!3d33.9972028!4d-117.86817699999999",Club Fitting | Club Repair | Golf Lessons | Launch Monitor | Retail / Pro Shop | Club Rentals | Trade-In / Used Clubs,7,True,Outdoor,True,"{""Wednesday"": [""9:30AM-7PM""]}",False,OPERATIONAL,True,crawled,boutique golf shop California,False,Golfio SuperStore,"{""Accessibility"": {""Wheelchair accessible entrance"": true, ""Wheelchair accessible parking lot"": true}, ""Other"": {""LGBTQ+ friendly"": true, ""Identifies as Asian-owned"": true}}",
Kepler's GOLF Repair,Clubfitter,Club Fitting,False,(925) 932-8179,https://www.keplersgolf.com/,2329 Boulevard Cir,Walnut Creek,California,CA,94595,37.8956746,-122.0723488,America/Los_Angeles,4.7,Top Rated,0,18,True,True,"https://www.google.com/maps/place/Kepler%27s+Golf+Repair/@37.8956746,-122.0723488,14z/data=!4m8!1m2!2m1!1sKepler%27s+Golf+Repair!3m4!1s0x808561ed61f11833:0x559fae170bdc9adf!8m2!3d37.8956746!4d-122.0723488",Club Fitting | Club Repair | Launch Monitor | Retail / Pro Shop | Shaft & Grip Sales,5,True,Indoor,True,"{""Wednesday"": [""9AM-6PM""]}",False,OPERATIONAL,True,crawled,independent clubmaker California,False,Kepler's Golf Repair,"{""Accessibility"": {""Wheelchair accessible entrance"": true, ""Wheelchair accessible parking lot"": true}}",
Lenny's GOLF And Ski Shop,Golf Course / Pro Shop,Club Fitting,False,(303) 369-5900,https://www.lennysskiandgolf.com/,2601 S Parker Rd,Aurora,Colorado,CO,80014,39.6690949,-104.8645949,America/Denver,4.7,Top Rated,0,35,True,True,"https://www.google.com/maps/place/Lenny%27s+Golf+and+Ski+Shop/@39.6690949,-104.8645949,14z/data=!4m8!1m2!2m1!1sLenny%27s+Golf+and+Ski+Shop!3m4!1s0x876c87f40c860c83:0x1075f4b90fd1f339!8m2!3d39.6690949!4d-104.8645949",Club Fitting | Custom Club Building | Retail / Pro Shop,3,True,Outdoor,True,"{""Wednesday"": [""9AM-7PM""]}",False,OPERATIONAL,True,crawled,custom club fitting Colorado,False,Lenny's Golf and Ski Shop,"{""Accessibility"": {""Wheelchair accessible entrance"": true, ""Wheelchair accessible parking lot"": true}}",
Nikki Adams GOLF Instructor,Retailer,Golf Instruction,False,(720) 850-5595,https://linktr.ee/nikkiadamsgolf,8215 S Holly St,Centennial,Colorado,CO,80122,39.5682641,-104.9245124,America/Denver,5.0,Top Rated,0,34,True,True,"https://www.google.com/maps/place/Nikki+Adams+Golf+Instructor/@39.5682641,-104.9245124,14z/data=!4m8!1m2!2m1!1sNikki+Adams+Golf+Instructor!3m4!1s0x876c7bb0c371644b:0x4eba0eb02642ff00!8m2!3d39.5682641!4d-104.9245124",Golf Lessons | Launch Monitor | Retail / Pro Shop,3,False,Indoor,True,"{""Wednesday"": [""6AM-7PM""]}",False,OPERATIONAL,True,crawled,custom club fitting Colorado,False,Nikki Adams Golf Instructor,"{""Accessibility"": {""Wheelchair accessible entrance"": true, ""Wheelchair accessible parking lot"": true}, ""Other"": {""LGBTQ+ friendly"": true, ""Identifies as women-owned"": true, ""Identifies as Asian-owned"": true}}",
PXG Denver,Clubfitter,Club Fitting,False,(720) 907-9794,https://www.pxg.com/pages/golf-stores/pxg-denver,9030 E Phillips Pl Ste 100,Centennial,Colorado,CO,80112,39.5674848,-104.8841812,America/Denver,4.8,Top Rated,0,99,True,True,"https://www.google.com/maps/place/PXG+Denver/@39.567484799999995,-104.8841812,14z/data=!4m8!1m2!2m1!1sPXG+Denver!3m4!1s0x876c8532bfaf5e0d:0xeb45bbbdeda38d6f!8m2!3d39.567484799999995!4d-104.8841812",Club Fitting | Launch Monitor | Golf Simulator | Retail / Pro Shop,4,True,Indoor,True,"{""Wednesday"": [""9AM-5PM""]}",False,OPERATIONAL,True,crawled,independent clubmaker Colorado,False,PXG Denver,"{""Accessibility"": {""Wheelchair accessible entrance"": true, ""Wheelchair accessible parking lot"": true}}",
Leighton Smith GOLF,Clubfitter,Club Fitting,False,(719) 223-5546,https://www.leightonsmithgolf.com/,805 Garden of the Gods Rd,Colorado Springs,Colorado,CO,80907,38.896288,-104.837455,America/Denver,5.0,Top Rated,0,28,True,True,"https://www.google.com/maps/place/Leighton+Smith+Golf/@38.896288,-104.83745499999999,14z/data=!4m8!1m2!2m1!1sLeighton+Smith+Golf!3m4!1s0x871343e372d0bebb:0x56c3cbfe11391bf1!8m2!3d38.896288!4d-104.83745499999999",Club Fitting | Golf Lessons | Launch Monitor,3,True,Indoor,True,"{""Wednesday"": [""6AM-8PM""]}",False,OPERATIONAL,True,crawled,custom club fitting Colorado,False,Leighton Smith Golf,"{""Accessibility"": {""Wheelchair accessible entrance"": true, ""Wheelchair accessible parking lot"": true, ""Wheelchair accessible restroom"": true}}",
Red Number GOLF,Retailer,Golf Retail,False,(719) 517-9747,https://www.pga.com/coach/williamchristensen,850 Western Dr,Colorado Springs,Colorado,CO,80915,38.8440961,-104.7043603,America/Denver,5.0,Top Rated,0,3,True,True,"https://www.google.com/maps/place/Red+Number+Golf/@38.8440961,-104.70436029999999,14z/data=!4m8!1m2!2m1!1sRed+Number+Golf!3m4!1s0x6af26fb07a7b7925:0xc27b77f2b7b6ffb0!8m2!3d38.8440961!4d-104.70436029999999",Retail / Pro Shop,1,False,Indoor,True,"{""Wednesday"": [""Open 24 hours""]}",False,OPERATIONAL,True,crawled,custom club fitting Colorado,False,Red Number Golf,"{""Accessibility"": {""Wheelchair accessible parking lot"": true, ""Wheelchair accessible restroom"": true, ""Wheelchair accessible seating"": true}}",
Denver GOLF Performance,Instruction,Golf Instruction,False,(720) 689-4109,https://www.denvergolfperformance.com/,600 S Holly St Unit 104,Denver,Colorado,CO,80222,39.7057959,-104.9218195,America/Denver,5.0,Top Rated,0,162,True,True,"https://www.google.com/maps/place/Denver+Golf+Performance/@39.7057959,-104.9218195,14z/data=!4m8!1m2!2m1!1sDenver+Golf+Performance!3m4!1s0x876c7dccaa20e1bf:0x88367798fb047c04!8m2!3d39.7057959!4d-104.9218195",Golf Lessons | Launch Monitor,2,False,Unknown,True,"{""Wednesday"": [""5AM-8PM""]}",False,OPERATIONAL,True,crawled,independent clubmaker Colorado,False,Denver Golf Performance,"{""Accessibility"": {""Wheelchair accessible entrance"": true, ""Wheelchair accessible parking lot"": true, ""Wheelchair accessible restroom"": true, ""Wheelchair accessible seating"": true}, ""Other"": {""Identifies as Black-owned"": true, ""LGBTQ+ friendly"": true, ""Identifies as veteran-owned"": true, ""Identifies as women-owned"": true}}",
Gott GOLF Custom Club Fitting,Clubfitter,Club Fitting,False,(303) 345-5442,https://www.gottgolf.com/,4900 Himalaya Rd,Denver,Colorado,CO,80249,39.7863425,-104.7550676,America/Denver,4.8,Top Rated,0,13,True,True,"https://www.google.com/maps/place/Gott+Golf+Custom+Club+Fitting/@39.786342499999996,-104.75506759999999,14z/data=!4m8!1m2!2m1!1sGott+Golf+Custom+Club+Fitting!3m4!1s0x876c8a872956ac61:0x771175bd51fd7ac8!8m2!3d39.786342499999996!4d-104.75506759999999",Club Fitting | Club Repair | Launch Monitor | Retail / Pro Shop | Shaft & Grip Sales,5,True,Indoor,True,"{""Wednesday"": [""9AM-6PM""]}",False,OPERATIONAL,True,crawled,independent clubmaker Colorado,False,Gott Golf Custom Club Fitting,"{""Accessibility"": {""Wheelchair accessible entrance"": true, ""Wheelchair accessible parking lot"": true}}",
Shaftshack,Retailer,Shaft & Grip,False,(719) 470-1325,https://www.shaftshack.com/,190 E 9th Ave #500,Denver,Colorado,CO,80203,39.730201,-104.985242,America/Denver,4.7,Top Rated,0,3,True,True,"https://www.google.com/maps/place/ShaftShack/@39.730201,-104.985242,14z/data=!4m8!1m2!2m1!1sShaftShack!3m4!1s0x876c7ed7da1d21ab:0x19afe5da6ca447a0!8m2!3d39.730201!4d-104.985242",Shaft & Grip Sales,1,False,Indoor,True,"{""Wednesday"": [""9AM-8PM""]}",False,OPERATIONAL,True,crawled,independent clubmaker Colorado,False,ShaftShack,"{""Accessibility"": {""Wheelchair accessible entrance"": true, ""Wheelchair accessible parking lot"": true}}",
The Hangar Club,Simulator,Club Fitting,False,(720) 500-1141,https://hangarclub.co/,7600 E 1st Pl,Denver,Colorado,CO,80230,39.7209002,-104.8978923,America/Denver,4.9,Top Rated,0,92,True,True,"https://www.google.com/maps/place/The+Hangar+Club/@39.720900199999996,-104.8978923,14z/data=!4m8!1m2!2m1!1sThe+Hangar+Club!3m4!1s0x876c7dd944cf9d19:0x238f2de0bf04ceb3!8m2!3d39.720900199999996!4d-104.8978923",Club Fitting | Custom Club Building | Golf Lessons | Launch Monitor | Golf Simulator,5,True,Indoor,True,"{""Wednesday"": [""9AM-10PM""]}",False,OPERATIONAL,True,crawled,custom club fitting Colorado,False,The Hangar Club,"{""Accessibility"": {""Wheelchair accessible entrance"": true, ""Wheelchair accessible parking lot"": true, ""Wheelchair accessible restroom"": true, ""Wheelchair accessible seating"": true}, ""Other"": {""LGBTQ+ friendly"": true}}",
Byrdie GOLF,Instruction,Golf Instruction,False,(303) 552-1126,https://byrdiegolfco.com/,2101 W Oxford Ave,Englewood,Colorado,CO,80110,39.6430689,-105.0125848,America/Denver,5.0,Top Rated,0,3,True,True,"https://www.google.com/maps/place/Byrdie+Golf/@39.643068899999996,-105.0125848,14z/data=!4m8!1m2!2m1!1sByrdie+Golf!3m4!1s0x876c81c14aefbeb1:0x479c7e8db7a84cc!8m2!3d39.643068899999996!4d-105.0125848",Golf Lessons,1,False,Unknown,True,"{""Wednesday"": [""7AM-10PM""]}",False,OPERATIONAL,True,crawled,custom club fitting Colorado,False,Byrdie Golf,"{""Accessibility"": {""Wheelchair accessible entrance"": true, ""Wheelchair accessible parking lot"": true}}",
D'lance GOLF,Simulator,Club Fitting,False,(720) 573-1593,https://www.dlancegolf.com/,14 Inverness Dr E A120 Suite A120,Englewood,Colorado,CO,80112,39.5696934,-104.8612415,America/Denver,4.6,Highly Rated,0,8,True,True,"https://www.google.com/maps/place/D%27Lance+Golf/@39.5696934,-104.86124149999999,14z/data=!4m8!1m2!2m1!1sD%27Lance+Golf!3m4!1s0x876c859374402373:0x26b084430591e1fa!8m2!3d39.5696934!4d-104.86124149999999",Club Fitting | Custom Club Building | Golf Lessons | Launch Monitor | Golf Simulator | Retail / Pro Shop | Shaft & Grip Sales,7,True,Indoor,True,"{""Wednesday"": [""9AM-5PM""]}",False,OPERATIONAL,True,crawled,independent clubmaker Colorado,False,D'Lance Golf,"{""Accessibility"": {""Wheelchair accessible entrance"": true, ""Wheelchair accessible parking lot"": true, ""Wheelchair accessible restroom"": true}}",
Peter Norwood GOLF Instruction,Clubfitter,Club Fitting,False,(720) 633-4085,https://www.peternorwood.com/,2101 W Oxford Ave,Englewood,Colorado,CO,80110,39.643177,-105.0128784,America/Denver,4.9,Top Rated,0,4,True,True,"https://www.google.com/maps/place/Peter+Norwood+Golf+Instruction/@39.643177,-105.01287839999999,14z/data=!4m8!1m2!2m1!1sPeter+Norwood+Golf+Instruction!3m4!1s0x876c78954adcd4f7:0x96ab48663dd02c8f!8m2!3d39.643177!4d-105.01287839999999",Club Fitting | Golf Lessons | Retail / Pro Shop,3,True,Indoor,True,"{""Wednesday"": [""8AM-6:30PM""]}",False,OPERATIONAL,True,recrawled,custom club fitting Colorado,False,Peter Norwood Golf Instruction,"{""Accessibility"": {""Wheelchair accessible entrance"": true, ""Wheelchair accessible parking lot"": true, ""Wheelchair accessible restroom"": true}}",
Truefitclubs,Clubfitter,Golf Retail,False,(303) 507-9683,https://www.truefitclubs.com/contacts,14 Inverness Dr E,Englewood,Colorado,CO,80112,39.5705827,-104.8615671,America/Denver,0.0,Unrated,0,1,True,False,"https://www.google.com/maps/place/truefitclubs/@39.570582699999996,-104.8615671,14z/data=!4m8!1m2!2m1!1struefitclubs!3m4!1s0x876c859374dd66ad:0x25be0afdf5ddd601!8m2!3d39.570582699999996!4d-104.8615671",Retail / Pro Shop,1,True,Indoor,True,"{""Wednesday"": [""9AM-5PM""]}",False,OPERATIONAL,True,crawled,independent clubmaker Colorado,False,truefitclubs,"{""Accessibility"": {""Wheelchair accessible entrance"": true, ""Wheelchair accessible parking lot"": true}}",
Collindale GOLF Academy & Club Fitting Center,Clubfitter,Club Fitting,False,(970) 223-4653,https://www.collindalegolfacademy.com/,1441 E Horsetooth Rd,Fort Collins,Colorado,CO,80525,40.537521,-105.0509496,America/Denver,5.0,Top Rated,0,1,True,True,"https://www.google.com/maps/place/Collindale+Golf+Academy+%26+Club+Fitting+Center/@40.537521,-105.0509496,14z/data=!4m8!1m2!2m1!1sCollindale+Golf+Academy+%26+Club+Fitting+Center!3m4!1s0x87694b5c6636ad37:0xb481fb14dd2d4298!8m2!3d40.537521!4d-105.0509496",Club Fitting | Custom Club Building | Golf Lessons,3,True,Indoor,True,"{""Wednesday"": [""9AM-6PM""]}",False,OPERATIONAL,True,crawled,independent clubmaker Colorado,False,Collindale Golf Academy & Club Fitting Center,"{""Accessibility"": {""Wheelchair accessible entrance"": true, ""Wheelchair accessible parking lot"": true, ""Wheelchair accessible restroom"": true}}",
Gott GOLF Custom Club Fitting,Clubfitter,Club Fitting,False,(303) 345-5442,https://www.gottgolf.com/locations/lakewood,7830 W Alameda Ave #104,Lakewood,Colorado,CO,80226,39.7099389,-105.0836498,America/Denver,4.8,Top Rated,0,40,True,True,"https://www.google.com/maps/place/Gott+Golf+Custom+Club+Fitting/@39.7099389,-105.08364979999999,14z/data=!4m8!1m2!2m1!1sGott+Golf+Custom+Club+Fitting!3m4!1s0x876b8188a2751ebb:0x1ef924efaf8de118!8m2!3d39.7099389!4d-105.08364979999999",Club Fitting | Club Repair | Custom Club Building | Launch Monitor | Retail / Pro Shop | Shaft & Grip Sales,6,True,Indoor,True,"{""Wednesday"": [""9AM-6PM""]}",False,OPERATIONAL,True,crawled,independent clubmaker Colorado,False,Gott Golf Custom Club Fitting,"{""Accessibility"": {""Wheelchair accessible entrance"": true, ""Wheelchair accessible parking lot"": true, ""Wheelchair accessible restroom"": true}}",
GOLF Father GOLF,Retailer,Golf Retail,False,(303) 653-3747,https://www.golffathergolf.com/,6205 S Benton Ct,Littleton,Colorado,CO,80123,39.6048483,-105.0569744,America/Denver,5.0,Top Rated,0,31,True,True,"https://www.google.com/maps/place/Golf+Father+Golf/@39.6048483,-105.0569744,14z/data=!4m8!1m2!2m1!1sGolf+Father+Golf!3m4!1s0x876b7ffccad2812d:0xbf5d7da8fbd28316!8m2!3d39.6048483!4d-105.0569744",Retail / Pro Shop | Shaft & Grip Sales,2,False,Indoor,True,,False,OPERATIONAL,True,crawled,independent clubmaker Colorado,False,Golf Father Golf,"{""Accessibility"": {""Wheelchair accessible entrance"": true, ""Wheelchair accessible parking lot"": true}}",
Growth GOLF,Clubfitter,Club Fitting,False,(320) 491-6494,https://www.growthgolf.com/,11550 W Meadows Dr Unit A-1,Littleton,Colorado,CO,80127,39.5821963,-105.1270509,America/Denver,5.0,Top Rated,0,11,True,True,"https://www.google.com/maps/place/Growth+Golf/@39.5821963,-105.1270509,14z/data=!4m8!1m2!2m1!1sGrowth+Golf!3m4!1s0x876b79c55de192f7:0xd563804158907f89!8m2!3d39.5821963!4d-105.1270509",Club Fitting | Launch Monitor | Golf Simulator,3,True,Indoor,True,"{""Wednesday"": [""Open 24 hours""]}",False,OPERATIONAL,True,crawled,custom club fitting Colorado,False,Growth Golf,"{""Accessibility"": {""Wheelchair accessible entrance"": true, ""Wheelchair accessible parking lot"": true, ""Wheelchair accessible restroom"": true}}",
Elite GOLF Schools Of Colorado,Retailer,Golf Instruction,False,(720) 730-5332,https://elitegolfofco.com/,9808 Sunningdale Blvd,Lone Tree,Colorado,CO,80124,39.5387071,-104.8964548,America/Denver,5.0,Top Rated,0,19,True,True,"https://www.google.com/maps/place/Elite+Golf+Schools+of+Colorado/@39.538707099999996,-104.8964548,14z/data=!4m8!1m2!2m1!1sElite+Golf+Schools+of+Colorado!3m4!1s0x8713493f49447ce7:0x341493c5afa70693!8m2!3d39.538707099999996!4d-104.8964548",Golf Lessons | Launch Monitor | Retail / Pro Shop,3,False,Indoor,True,"{""Wednesday"": [""9AM-5PM""]}",False,OPERATIONAL,True,crawled,custom club fitting Colorado,False,Elite Golf Schools of Colorado,"{""Accessibility"": {""Wheelchair accessible entrance"": true, ""Wheelchair accessible parking lot"": true}}",
Golfrx,Clubfitter,Club Fitting,False,(817) 694-7280,https://golfrx.info/,585 W Dillon Rd,Louisville,Colorado,CO,80027,39.9585447,-105.152074,America/Denver,5.0,Top Rated,0,21,True,True,"https://www.google.com/maps/place/GolfRX/@39.9585447,-105.152074,14z/data=!4m8!1m2!2m1!1sGolfRX!3m4!1s0x876bf38d5e427851:0xd62594652c7c7f3d!8m2!3d39.9585447!4d-105.152074",Club Fitting | Golf Lessons | Launch Monitor | Retail / Pro Shop,4,True,Indoor,True,"{""Wednesday"": [""8AM-8PM""]}",False,OPERATIONAL,True,crawled,custom club fitting Colorado,False,GolfRX,"{""Accessibility"": {""Wheelchair accessible entrance"": true, ""Wheelchair accessible parking lot"": true}}",
Tru-fit GOLF,Golf Course / Pro Shop,Club Fitting,False,(303) 886-1097,https://tru-fitgolf.com/about-us,546 Coventry Ln,Louisville,Colorado,CO,80027,39.9638381,-105.1516399,America/Denver,5.0,Top Rated,0,10,True,True,"https://www.google.com/maps/place/Tru-Fit+GOLF+%E2%9B%B3/@39.9638381,-105.15163989999999,14z/data=!4m8!1m2!2m1!1sTru-Fit+GOLF+%E2%9B%B3!3m4!1s0x876bf33666795555:0xde21b4483ca0ce13!8m2!3d39.9638381!4d-105.15163989999999",Club Fitting | Club Repair,2,True,Outdoor,True,"{""Wednesday"": [""9AM-5PM""]}",False,OPERATIONAL,True,crawled,custom club fitting Colorado,False,Tru-Fit GOLF ⛳,"{""Accessibility"": {""Wheelchair accessible parking lot"": true}, ""Other"": {""LGBTQ+ friendly"": true}}",
GOLF Dynamics Performance Center,Simulator,Club Fitting,False,(970) 613-9663,https://www.golfdynamics287.com/,520 W 69th St,Loveland,Colorado,CO,80538,40.462444,-105.083906,America/Denver,4.9,Top Rated,0,1,True,False,"https://www.google.com/maps/place/Golf+Dynamics+Performance+Center/@40.462444,-105.083906,14z/data=!4m8!1m2!2m1!1sGolf+Dynamics+Performance+Center!3m4!1s0x87694d9ea4aef4e1:0x5fb3c817dc5ada2e!8m2!3d40.462444!4d-105.083906",Club Fitting | Golf Lessons | Launch Monitor | Golf Simulator | Retail / Pro Shop,5,True,Indoor,True,"{""Wednesday"": [""9AM-6PM""]}",False,OPERATIONAL,True,crawled,custom club fitting Colorado,False,Golf Dynamics Performance Center,"{""Accessibility"": {""Wheelchair accessible entrance"": true, ""Wheelchair accessible parking lot"": true, ""Wheelchair accessible restroom"": true}}",
The Swing Bays,Simulator,Club Fitting,False,(720) 524-4999,https://theswingbays.com/,11183 S Parker Rd A,Parker,Colorado,CO,80134,39.5117666,-104.765813,America/Denver,5.0,Top Rated,0,133,True,True,"https://www.google.com/maps/place/The+Swing+Bays/@39.5117666,-104.765813,14z/data=!4m8!1m2!2m1!1sThe+Swing+Bays!3m4!1s0x876c91aab89df8a5:0x29478e65de2f8479!8m2!3d39.5117666!4d-104.765813",Club Fitting | Launch Monitor | Golf Simulator | Retail / Pro Shop,4,True,Indoor,True,"{""Wednesday"": [""9AM-10PM""]}",False,OPERATIONAL,True,crawled,custom club fitting Colorado,False,The Swing Bays,"{""Accessibility"": {""Wheelchair accessible entrance"": true, ""Wheelchair accessible parking lot"": true, ""Wheelchair accessible restroom"": true}}",
Embers GOLF,Clubfitter,Club Fitting,False,(303) 800-5659,https://www.embersgolf.com/,7705 W 108th Ave Unit 400,Westminster,Colorado,CO,80021,39.89315029999999,-105.0836532,America/Denver,4.9,Top Rated,0,40,True,True,"https://www.google.com/maps/place/Embers+Golf/@39.893150299999995,-105.0836532,14z/data=!4m8!1m2!2m1!1sEmbers+Golf!3m4!1s0x876b8b530ab1da55:0x3d1d7543e8382ea!8m2!3d39.893150299999995!4d-105.0836532",Club Fitting | Launch Monitor | Club Rentals | Retail / Pro Shop | Shaft & Grip Sales,5,True,Indoor,True,"{""Wednesday"": [""9AM-5PM""]}",False,OPERATIONAL,True,crawled,independent clubmaker Colorado,False,Embers Golf,"{""Accessibility"": {""Wheelchair accessible entrance"": true, ""Wheelchair accessible parking lot"": true, ""Wheelchair accessible restroom"": true}}",
Jds GOLF Garage & GOLF Simulators,Simulator,Golf Simulator,False,(303) 913-9353,https://jdsgolfgarage.com/,671 Technology Cir A,Windsor,Colorado,CO,80550,40.47348849999999,-104.8813832,America/Denver,5.0,Top Rated,0,23,True,True,"https://www.google.com/maps/place/JD%E2%80%99s+Golf+Garage+%26+Golf+Simulators/@40.473488499999995,-104.8813832,14z/data=!4m8!1m2!2m1!1sJD%E2%80%99s+Golf+Garage+%26+Golf+Simulators!3m4!1s0x876ebd100313ac23:0xc07c1b04e0bf0ac5!8m2!3d40.473488499999995!4d-104.8813832",Golf Lessons | Launch Monitor | Golf Simulator | Retail / Pro Shop,4,False,Indoor,True,"{""Wednesday"": [""12-9PM""]}",False,OPERATIONAL,True,crawled,independent clubmaker Colorado,False,JD’s Golf Garage & Golf Simulators,"{""Accessibility"": {""Wheelchair accessible entrance"": true, ""Wheelchair accessible parking lot"": true, ""Wheelchair accessible restroom"": true}}",
Full Circle GOLF,Simulator,Club Fitting,False,(475) 272-1510,https://www.fullcirclegolfct.com/,170 Deming Rd,Berlin,Connecticut,CT,06037,41.6399726,-72.7434616,America/New_York,5.0,Top Rated,0,7,True,True,"https://www.google.com/maps/place/Full+Circle+Golf/@41.6399726,-72.7434616,14z/data=!4m8!1m2!2m1!1sFull+Circle+Golf!3m4!1s0x89e7b353d89f6b37:0x22b706114ecf03e4!8m2!3d41.6399726!4d-72.7434616",Club Fitting | Golf Lessons | Golf Simulator,3,True,Indoor,True,"{""Wednesday"": [""10AM-8PM""]}",False,OPERATIONAL,True,crawled,custom club fitting Texas,False,Full Circle Golf,"{""Accessibility"": {""Wheelchair accessible entrance"": true, ""Wheelchair accessible parking lot"": true, ""Wheelchair accessible restroom"": true}}",
Dogleg Design Studio,Retailer,Golf Instruction,False,,https://www.doglegdesignstudio.com/,7 Senator Dr,Cromwell,Connecticut,CT,06416,41.6180463,-72.66564389999999,America/New_York,5.0,Top Rated,0,6,True,True,"https://www.google.com/maps/place/Dogleg+Design+Studio/@41.618046299999996,-72.66564389999999,14z/data=!4m8!1m2!2m1!1sDogleg+Design+Studio!3m4!1s0x89e64de87661bed9:0x2c20e2e4402a5df6!8m2!3d41.618046299999996!4d-72.66564389999999",Golf Lessons | Retail / Pro Shop,2,False,Indoor,True,"{""Wednesday"": [""Open 24 hours""]}",False,OPERATIONAL,True,crawled,boutique golf shop Connecticut,False,Dogleg Design Studio,"{""Accessibility"": {""Wheelchair accessible parking lot"": true}}",
Tri-fit Custom GOLF,Clubfitter,Club Fitting,False,(203) 202-9640,https://www.trifitgolf.com/,365 Post Rd,Darien,Connecticut,CT,06820,41.0865064,-73.4612551,America/New_York,4.7,Top Rated,0,23,True,True,"https://www.google.com/maps/place/Tri-Fit+Custom+Golf/@41.0865064,-73.4612551,14z/data=!4m8!1m2!2m1!1sTri-Fit+Custom+Golf!3m4!1s0x89e81e26ee52ca93:0x1e7d83f355a1d4cc!8m2!3d41.0865064!4d-73.4612551",,0,True,Indoor,True,"{""Wednesday"": [""9AM-5PM""]}",False,OPERATIONAL,True,crawled,independent clubmaker Connecticut,False,Tri-Fit Custom Golf,"{""Accessibility"": {""Wheelchair accessible entrance"": true, ""Wheelchair accessible parking lot"": true}}",unknown
Swingsimtech,Retailer,Golf Retail,False,,https://swingsimtech.com/,34 Sunrise Ln,East Hampton,Connecticut,CT,06424,41.5984059,-72.5188785,America/New_York,0.0,Unrated,0,1,True,False,"https://www.google.com/maps/place/SwingSimTech/@41.598405899999996,-72.5188785,14z/data=!4m8!1m2!2m1!1sSwingSimTech!3m4!1s0x89e6455f320c3593:0x95ed83b97209f027!8m2!3d41.598405899999996!4d-72.5188785",,0,False,Indoor,True,,False,OPERATIONAL,True,crawled,independent clubmaker Connecticut,False,SwingSimTech,"{""Accessibility"": {""Wheelchair accessible parking lot"": true}}",unknown
GOLF Lab Ct,Simulator,Club Fitting,False,(475) 422-9266,https://www.golflabct.com/,2317 Black Rock Tpke,Fairfield,Connecticut,CT,06825,41.1826697,-73.2558722,America/New_York,5.0,Top Rated,0,21,True,True,"https://www.google.com/maps/place/Golf+Lab+CT/@41.1826697,-73.2558722,14z/data=!4m8!1m2!2m1!1sGolf+Lab+CT!3m4!1s0x89e80f338151bde1:0xdc41e0172e569c6f!8m2!3d41.1826697!4d-73.2558722",Club Fitting | Launch Monitor | Golf Simulator | Club Rentals | Retail / Pro Shop,5,True,Indoor,True,"{""Wednesday"": [""Open 24 hours""]}",False,OPERATIONAL,True,crawled,independent clubmaker Connecticut,False,Golf Lab CT,"{""Accessibility"": {""Wheelchair accessible entrance"": true, ""Wheelchair accessible parking lot"": true, ""Wheelchair accessible restroom"": true}}",
GOLF Lounge 18,Simulator,Golf Simulator,False,(203) 307-5354,https://www.golflounge18.com/,85 Mill Plain Rd Suite H,Fairfield,Connecticut,CT,06824,41.1417827,-73.26618719999999,America/New_York,5.0,Top Rated,0,182,True,True,"https://www.google.com/maps/place/Golf+Lounge+18/@41.1417827,-73.26618719999999,14z/data=!4m8!1m2!2m1!1sGolf+Lounge+18!3m4!1s0x89e81185de7e252f:0xa00f60b8f5ec6f56!8m2!3d41.1417827!4d-73.26618719999999",Golf Lessons | Golf Simulator | Launch Monitor | Retail / Pro Shop | Membership Programs,5,False,Indoor,True,"{""Wednesday"": [""9AM-10PM""]}",False,OPERATIONAL,True,crawl_failed,custom club fitting California,False,Golf Lounge 18,"{""Accessibility"": {""Wheelchair accessible entrance"": true, ""Wheelchair accessible parking lot"": true, ""Wheelchair accessible restroom"": true}}",enriched
Lg GOLF Instruction & Training,Retailer,Golf Instruction,False,(203) 767-8058,https://www.lg-golf.com/,2390 Easton Turnpike,Fairfield,Connecticut,CT,06825,41.2161854,-73.2428158,America/New_York,5.0,Top Rated,0,14,True,True,"https://www.google.com/maps/place/LG+Golf+Instruction+%26+Training/@41.2161854,-73.2428158,14z/data=!4m8!1m2!2m1!1sLG+Golf+Instruction+%26+Training!3m4!1s0x89e80f117283f213:0xca9f63ede1092674!8m2!3d41.2161854!4d-73.2428158",Golf Lessons | Launch Monitor | Retail / Pro Shop,3,False,Indoor,True,"{""Wednesday"": [""9AM-5PM""]}",False,OPERATIONAL,True,crawled,independent clubmaker Connecticut,False,LG Golf Instruction & Training,"{""Accessibility"": {""Wheelchair accessible entrance"": true, ""Wheelchair accessible parking lot"": true, ""Wheelchair accessible restroom"": true}}",
Spr GOLF,Golf Course / Pro Shop,Club Fitting,False,(203) 373-5911,https://sprgolf.com/,2390 Easton Turnpike,Fairfield,Connecticut,CT,06825,41.2138436,-73.2432978,America/New_York,5.0,Top Rated,0,7,True,False,"https://www.google.com/maps/place/SPR+Golf/@41.2138436,-73.2432978,14z/data=!4m8!1m2!2m1!1sSPR+Golf!3m4!1s0x89e80f117283f26f:0x9534e3ab78414f61!8m2!3d41.2138436!4d-73.2432978",Club Fitting | Club Repair | Golf Lessons | Retail / Pro Shop,4,True,Outdoor,True,"{""Wednesday"": [""7AM-7PM""]}",False,OPERATIONAL,True,crawled,independent clubmaker Connecticut,False,SPR Golf,"{""Accessibility"": {""Wheelchair accessible entrance"": true, ""Wheelchair accessible parking lot"": true}}",
De Mane GOLF,Clubfitter,Club Fitting,False,(203) 531-9126,https://www.demanegolf.com/,35 Chapel St,Greenwich,Connecticut,CT,06831,41.0168825,-73.6511578,America/New_York,5.0,Top Rated,0,4,True,True,"https://www.google.com/maps/place/De+Mane+Golf/@41.0168825,-73.6511578,14z/data=!4m8!1m2!2m1!1sDe+Mane+Golf!3m4!1s0x89c299d5d62bc183:0x34859c2c17961540!8m2!3d41.0168825!4d-73.6511578",Club Fitting | Club Repair | Launch Monitor | Retail / Pro Shop | Shaft & Grip Sales,5,True,Indoor,True,"{""Wednesday"": [""10AM-5PM""]}",False,OPERATIONAL,True,crawled,independent clubmaker Connecticut,False,De Mane Golf,"{""Accessibility"": {""Wheelchair accessible entrance"": true, ""Wheelchair accessible parking lot"": true}}",
GOLF Shop At Burning Tree,Retailer,Golf Retail,False,(203) 869-9010,https://www.burningtreecc.org/,120 Perkins Rd,Greenwich,Connecticut,CT,06830,41.0891667,-73.61320529999999,America/New_York,5.0,Top Rated,0,0,False,False,"https://www.google.com/maps/place/Golf+Shop+At+Burning+Tree/@41.0891667,-73.61320529999999,14z/data=!4m8!1m2!2m1!1sGolf+Shop+At+Burning+Tree!3m4!1s0x89c2a2f113040671:0x1f7fab7be679983c!8m2!3d41.0891667!4d-73.61320529999999",Retail / Pro Shop,1,False,Indoor,True,"{""Wednesday"": [""9AM-5:30PM""]}",False,OPERATIONAL,True,crawled,boutique golf shop Connecticut,False,Golf Shop At Burning Tree,"{""Accessibility"": {""Wheelchair accessible entrance"": true, ""Wheelchair accessible parking lot"": true}}",
Greenwich GOLF Fitting Studio,Clubfitter,Club Fitting,False,(203) 532-4810,https://www.greenwichgolf.com/,222 Mill St,Greenwich,Connecticut,CT,06830,41.0034163,-73.6573519,America/New_York,4.6,Highly Rated,0,3,True,True,"https://www.google.com/maps/place/Greenwich+Golf+Fitting+Studio/@41.0034163,-73.6573519,14z/data=!4m8!1m2!2m1!1sGreenwich+Golf+Fitting+Studio!3m4!1s0x89c2975e2dcfe9b5:0x86ac7c7443ff8f59!8m2!3d41.0034163!4d-73.6573519",Club Fitting | Custom Club Building | Retail / Pro Shop,3,True,Indoor,True,"{""Wednesday"": [""9AM-6PM""]}",False,OPERATIONAL,True,recrawled,independent clubmaker Connecticut,False,Greenwich Golf Fitting Studio,"{""Accessibility"": {""Wheelchair accessible entrance"": true, ""Wheelchair accessible parking lot"": true}}",
Golfers' Warehouse,Clubfitter,Club Fitting,False,(860) 522-6829,https://stores.worldwidegolfshops.com/ct/hartford/golfers-warehouse-hfd.html,75 Brainard Rd,Hartford,Connecticut,CT,06114,41.738407,-72.660758,America/New_York,4.3,Highly Rated,0,134,True,True,"https://www.google.com/maps/place/Golfers%27+Warehouse/@41.738406999999995,-72.660758,14z/data=!4m8!1m2!2m1!1sGolfers%27+Warehouse!3m4!1s0x89e653aa2b1ac821:0x30d37463b8bb037a!8m2!3d41.738406999999995!4d-72.660758",Club Fitting | Club Repair | Custom Club Building | Launch Monitor | Golf Simulator | Retail / Pro Shop | Shaft & Grip Sales,7,True,Indoor,True,"{""Wednesday"": [""10AM-6PM""]}",False,OPERATIONAL,True,crawled,independent clubmaker Connecticut,False,Golfers' Warehouse,"{""Accessibility"": {""Wheelchair accessible parking lot"": true}}",
Mikes GOLF Outlet,Retailer,Custom Club Building,False,(860) 296-1661,https://www.mikesgolfoutlet.com/,222 Murphy Rd,Hartford,Connecticut,CT,06114,41.7371285,-72.6535044,America/New_York,4.1,Well Reviewed,0,46,True,True,"https://www.google.com/maps/place/Mikes+Golf+Outlet/@41.7371285,-72.6535044,14z/data=!4m8!1m2!2m1!1sMikes+Golf+Outlet!3m4!1s0x89e653abd52e16f1:0x86378e36d7c19f38!8m2!3d41.7371285!4d-72.6535044",Custom Club Building | Retail / Pro Shop | Shaft & Grip Sales,3,False,Indoor,True,"{""Wednesday"": [""10AM-6PM""]}",False,OPERATIONAL,True,crawled,independent clubmaker Connecticut,False,Mikes Golf Outlet,"{""Accessibility"": {""Wheelchair accessible parking lot"": true}}",
Swing'em Again GOLF,Retailer,Golf Retail,False,(860) 967-0602,https://www.swingemagaingolf.com/,222 Murphy Rd,Hartford,Connecticut,CT,06114,41.7371281,-72.653048,America/New_York,4.2,Well Reviewed,0,7,True,True,"https://www.google.com/maps/place/Swing%27em+Again+Golf/@41.7371281,-72.653048,14z/data=!4m8!1m2!2m1!1sSwing%27em+Again+Golf!3m4!1s0x89e653af044a96b9:0xf88f6605b3061079!8m2!3d41.7371281!4d-72.653048",Retail / Pro Shop | Shaft & Grip Sales,2,False,Indoor,True,"{""Wednesday"": [""10AM-6PM""]}",False,OPERATIONAL,True,crawled,independent clubmaker Connecticut,False,Swing'em Again Golf,"{""Accessibility"": {""Wheelchair accessible parking lot"": true}}",
"Andy Svoboda, PGA PRO",Retailer,Golf Instruction,False,(203) 912-0733,https://www.andysvobodagolfinstructor.com/,130 Coram Ln,Milford,Connecticut,CT,06461,41.2717305,-73.0831725,America/New_York,5.0,Top Rated,0,16,True,True,"https://www.google.com/maps/place/Andy+Svoboda%2C+PGA+Pro+%7C+Private+Golf+Lessons/@41.2717305,-73.0831725,14z/data=!4m8!1m2!2m1!1sAndy+Svoboda%2C+PGA+Pro+%7C+Private+Golf+Lessons!3m4!1s0x89e875ebd4c4f701:0xd6bbb1ac0f4874b8!8m2!3d41.2717305!4d-73.0831725",Golf Lessons | Launch Monitor | Retail / Pro Shop,3,False,Indoor,True,"{""Wednesday"": [""6AM-8PM""]}",False,OPERATIONAL,True,crawled,independent clubmaker Connecticut,False,"Andy Svoboda, PGA Pro | Private Golf Lessons","{""Accessibility"": {""Wheelchair accessible parking lot"": true}}",
GOLF Oasis Ct,Simulator,Golf Simulator,False,(203) 880-9720,https://www.golfoasisct.com/,695 Main St,Monroe,Connecticut,CT,06468,41.3391721,-73.263037,America/New_York,4.9,Top Rated,0,13,True,True,"https://www.google.com/maps/place/Golf+Oasis+CT/@41.3391721,-73.263037,14z/data=!4m8!1m2!2m1!1sGolf+Oasis+CT!3m4!1s0x89e7e38f3d229f65:0xb706faa87f44f773!8m2!3d41.3391721!4d-73.263037",Golf Simulator,1,False,Indoor,True,"{""Wednesday"": [""10AM-10PM""]}",False,OPERATIONAL,True,crawled,independent clubmaker Connecticut,False,Golf Oasis CT,"{""Accessibility"": {""Wheelchair accessible entrance"": true, ""Wheelchair accessible parking lot"": true, ""Wheelchair accessible restroom"": true}}",
The Office GOLF Ct,Simulator,Golf Simulator,False,(203) 746-4653,https://www.theofficegolfct.com/,4 Dunham Dr,New Fairfield,Connecticut,CT,06812,41.4668498,-73.4807661,America/New_York,4.4,Highly Rated,0,4,True,True,"https://www.google.com/maps/place/The+Office+Golf+CT/@41.4668498,-73.4807661,14z/data=!4m8!1m2!2m1!1sThe+Office+Golf+CT!3m4!1s0x89dd5764a1dd353b:0xd42551454cc0fa36!8m2!3d41.4668498!4d-73.4807661",,0,False,Indoor,True,"{""Wednesday"": [""Open 24 hours""]}",False,OPERATIONAL,True,crawled,independent clubmaker Connecticut,False,The Office Golf CT,"{""Accessibility"": {""Wheelchair accessible entrance"": true, ""Wheelchair accessible parking lot"": true, ""Wheelchair accessible restroom"": true}}",failed
Performance Clubworks,Clubfitter,Club Fitting,False,(203) 775-3119,https://www.performanceclubworks.com/,562 Danbury Rd,New Milford,Connecticut,CT,06776,41.5097653,-73.4214051,America/New_York,4.7,Top Rated,0,3,True,True,"https://www.google.com/maps/place/Performance+Clubworks/@41.5097653,-73.4214051,14z/data=!4m8!1m2!2m1!1sPerformance+Clubworks!3m4!1s0x89e7f915aeacd31f:0x3bf0c66c6b3ce114!8m2!3d41.5097653!4d-73.4214051",Club Fitting | Launch Monitor | Retail / Pro Shop,3,True,Indoor,True,"{""Wednesday"": [""10AM-5PM""]}",False,OPERATIONAL,True,crawled,independent clubmaker Connecticut,False,Performance Clubworks,"{""Accessibility"": {""Wheelchair accessible entrance"": true, ""Wheelchair accessible parking lot"": true}}",
Bill Flood GOLF At Newtown GOLF Lab,Clubfitter,Club Fitting,False,(203) 509-5789,https://www.billfloodgolfacademy.com/,4 Primrose St,Newtown,Connecticut,CT,06470,41.4001496,-73.2829435,America/New_York,5.0,Top Rated,0,10,True,True,"https://www.google.com/maps/place/Bill+Flood+Golf+at+Newtown+Golf+Lab/@41.4001496,-73.2829435,14z/data=!4m8!1m2!2m1!1sBill+Flood+Golf+at+Newtown+Golf+Lab!3m4!1s0x89e7fbf931ae32df:0x5f8254aa41136123!8m2!3d41.4001496!4d-73.2829435",Club Fitting | Golf Lessons | Retail / Pro Shop,3,True,Indoor,True,"{""Wednesday"": [""4-8PM""]}",False,OPERATIONAL,True,crawled,independent clubmaker Connecticut,False,Bill Flood Golf at Newtown Golf Lab,"{""Accessibility"": {""Wheelchair accessible entrance"": true, ""Wheelchair accessible parking lot"": true, ""Wheelchair accessible restroom"": true, ""Wheelchair accessible seating"": true}, ""Other"": {""LGBTQ+ friendly"": true}}",
Oak Hills Men's GOLF Association,Retailer,Golf Instruction,False,(203) 838-0303,https://www.oakhillsgc.com/organizations,165 Fillow St,Norwalk,Connecticut,CT,06850,41.11728069999999,-73.445433,America/New_York,0.0,Unrated,0,0,False,False,"https://www.google.com/maps/place/Oak+Hills+Men%27s+Golf+Association/@41.117280699999995,-73.445433,14z/data=!4m8!1m2!2m1!1sOak+Hills+Men%27s+Golf+Association!3m4!1s0x89e81de6f0fb916b:0xc1eb40471bc57983!8m2!3d41.117280699999995!4d-73.445433",Golf Lessons | Retail / Pro Shop,2,False,Indoor,True,,False,OPERATIONAL,True,crawled,independent clubmaker Connecticut,False,Oak Hills Men's Golf Association,"{""Accessibility"": {""Wheelchair accessible entrance"": true, ""Wheelchair accessible parking lot"": true}}",
Chris Cote's GOLF Shop,Clubfitter,Club Fitting,False,(860) 342-2226,https://www.chriscotegolf.com/,750 Portland-Cobalt Rd,Portland,Connecticut,CT,06480,41.5744129,-72.6127779,America/New_York,4.9,Top Rated,0,33,True,True,"https://www.google.com/maps/place/Chris+Cote%27s+Golf+Shop/@41.5744129,-72.6127779,14z/data=!4m8!1m2!2m1!1sChris+Cote%27s+Golf+Shop!3m4!1s0x89e7a9814bc480bd:0x797f0c311a330d1a!8m2!3d41.5744129!4d-72.6127779",Club Fitting | Club Repair | Golf Lessons | Launch Monitor | Golf Simulator | Retail / Pro Shop | Shaft & Grip Sales,7,True,Indoor,True,"{""Wednesday"": [""9AM-6PM""]}",False,OPERATIONAL,True,crawled,independent clubmaker Connecticut,False,Chris Cote's Golf Shop,"{""Accessibility"": {""Wheelchair accessible entrance"": true, ""Wheelchair accessible parking lot"": true}}",
Chris Cote's Performance Center,Clubfitter,Club Fitting,False,(860) 316-3106,https://www.chriscotegolf.com/pages/toptracer-range-in-portland,1401 Main St,Portland,Connecticut,CT,06480,41.6019272,-72.6046185,America/New_York,5.0,Top Rated,0,31,True,True,"https://www.google.com/maps/place/Chris+Cote%27s+Performance+Center/@41.6019272,-72.6046185,14z/data=!4m8!1m2!2m1!1sChris+Cote%27s+Performance+Center!3m4!1s0x89e64945736df04f:0xb70b814544425fd9!8m2!3d41.6019272!4d-72.6046185",Club Fitting | Club Repair | Launch Monitor | Golf Simulator | Retail / Pro Shop,5,True,Indoor,True,"{""Wednesday"": [""8AM-7PM""]}",False,OPERATIONAL,True,crawled,independent clubmaker Connecticut,False,Chris Cote's Performance Center,"{""Accessibility"": {""Wheelchair accessible entrance"": true, ""Wheelchair accessible parking lot"": true}}",
Indoor GOLF At Chris Cote's GOLF Shop,Simulator,Club Fitting,False,(860) 342-2226,https://www.chriscotegolf.com/pages/book-indoor-golf,750B Portland-Cobalt Rd,Portland,Connecticut,CT,06480,41.5749078,-72.61273899999999,America/New_York,4.9,Top Rated,0,12,True,True,"https://www.google.com/maps/place/Indoor+Golf+at+Chris+Cote%27s+Golf+Shop/@41.5749078,-72.61273899999999,14z/data=!4m8!1m2!2m1!1sIndoor+Golf+at+Chris+Cote%27s+Golf+Shop!3m4!1s0x89e6495fcfcbac7f:0xa2685b135ae3dc5b!8m2!3d41.5749078!4d-72.61273899999999",Club Fitting | Club Repair | Launch Monitor | Golf Simulator | Retail / Pro Shop,5,True,Indoor,True,"{""Wednesday"": [""9AM-10PM""]}",False,OPERATIONAL,True,crawled,independent clubmaker Connecticut,False,Indoor Golf at Chris Cote's Golf Shop,"{""Accessibility"": {""Wheelchair accessible entrance"": true, ""Wheelchair accessible parking lot"": true, ""Wheelchair accessible restroom"": true}}",
Custom GOLF Club Fitter At Gpc,Clubfitter,Club Fitting,False,(203) 694-0091,https://thegolfperformancecenter.com/custom-clubs/,824 Ethan Allen Hwy,Ridgefield,Connecticut,CT,06877,41.3124848,-73.4707548,America/New_York,5.0,Top Rated,0,1,True,False,"https://www.google.com/maps/place/Custom+Golf+Club+Fitter+at+GPC/@41.3124848,-73.4707548,14z/data=!4m8!1m2!2m1!1sCustom+Golf+Club+Fitter+at+GPC!3m4!1s0x89c2abbf9ddc2e47:0x86e99a941990e62e!8m2!3d41.3124848!4d-73.4707548",Club Fitting | Custom Club Building | Golf Lessons | Launch Monitor | Retail / Pro Shop | Shaft & Grip Sales,6,True,Indoor,True,"{""Wednesday"": [""9AM-5PM""]}",False,OPERATIONAL,True,crawled,independent clubmaker Connecticut,False,Custom Golf Club Fitter at GPC,"{""Accessibility"": {""Wheelchair accessible parking lot"": true}}",
The GOLF Performance Center,Clubfitter,Club Fitting,False,(203) 790-4653,https://www.thegolfperformancecenter.com/,824 Ethan Allen Hwy,Ridgefield,Connecticut,CT,06877,41.3124391,-73.4706994,America/New_York,4.4,Highly Rated,0,5,True,False,"https://www.google.com/maps/place/The+Golf+Performance+Center/@41.3124391,-73.4706994,14z/data=!4m8!1m2!2m1!1sThe+Golf+Performance+Center!3m4!1s0x89c2aa81451f16e1:0x7ffbdd75fc6f4ec8!8m2!3d41.3124391!4d-73.4706994",Club Fitting | Custom Club Building | Golf Lessons | Retail / Pro Shop,4,True,Indoor,True,"{""Wednesday"": [""7AM-9PM""]}",False,OPERATIONAL,True,crawled,independent clubmaker Connecticut,False,The Golf Performance Center,"{""Accessibility"": {""Wheelchair accessible entrance"": true, ""Wheelchair accessible parking lot"": true, ""Wheelchair accessible restroom"": true}}",
Chris Cote's GOLF Range Powered By Toptracer,Driving Range,Club Fitting,False,(860) 621-3663,https://www.chriscotegolf.com/pages/toptracer-range,125 Jude Ln,Southington,Connecticut,CT,06489,41.6087689,-72.9033061,America/New_York,4.7,Top Rated,0,52,True,True,"https://www.google.com/maps/place/Chris+Cote%27s+Golf+Range+powered+by+Toptracer/@41.6087689,-72.9033061,14z/data=!4m8!1m2!2m1!1sChris+Cote%27s+Golf+Range+powered+by+Toptracer!3m4!1s0x89e7b828fc5c48ad:0x47f5db5deaccc512!8m2!3d41.6087689!4d-72.9033061",Club Fitting | Club Repair | Launch Monitor | Golf Simulator | Retail / Pro Shop,5,True,Indoor,True,"{""Wednesday"": [""9AM-8PM""]}",False,OPERATIONAL,True,crawled,custom club fitting Texas,False,Chris Cote's Golf Range powered by Toptracer,"{""Accessibility"": {""Wheelchair accessible parking lot"": true}}",
Chris Cote's GOLF Shop - Southington,Clubfitter,Club Fitting,False,(860) 621-3663,https://www.chriscotegolf.com/,125 Jude Ln,Southington,Connecticut,CT,06489,41.6087689,-72.9033061,America/New_York,4.9,Top Rated,0,34,True,True,"https://www.google.com/maps/place/Chris+Cote%27s+Golf+Shop+-+Southington/@41.6087689,-72.9033061,14z/data=!4m8!1m2!2m1!1sChris+Cote%27s+Golf+Shop+-+Southington!3m4!1s0x89e7b9575c9705a9:0xc95e0b0988a682ac!8m2!3d41.6087689!4d-72.9033061",Club Fitting | Club Repair | Golf Lessons | Launch Monitor | Golf Simulator | Retail / Pro Shop | Shaft & Grip Sales,7,True,Indoor,True,"{""Wednesday"": [""9AM-6PM""]}",False,OPERATIONAL,True,crawled,independent clubmaker Connecticut,False,Chris Cote's Golf Shop - Southington,"{""Accessibility"": {""Wheelchair accessible entrance"": true, ""Wheelchair accessible parking lot"": true}}",
Aulenti GOLF Club Fitting Studio,Clubfitter,Club Fitting,False,(203) 329-2067,https://sterlingfarmsgolfshop.net/clubfitting.html,1349 Newfield Ave,Stamford,Connecticut,CT,06905,41.1056724,-73.5280448,America/New_York,4.8,Top Rated,0,0,False,False,"https://www.google.com/maps/place/Aulenti+Golf+Club+Fitting+Studio/@41.105672399999996,-73.5280448,14z/data=!4m8!1m2!2m1!1sAulenti+Golf+Club+Fitting+Studio!3m4!1s0x89c2a13c49481bbb:0x7ff6612051abd8a7!8m2!3d41.105672399999996!4d-73.5280448",Club Fitting | Club Repair | Golf Lessons | Launch Monitor | Retail / Pro Shop | Shaft & Grip Sales,6,True,Indoor,True,,False,OPERATIONAL,True,crawled,independent clubmaker Connecticut,False,Aulenti Golf Club Fitting Studio,"{""Accessibility"": {""Wheelchair accessible entrance"": true, ""Wheelchair accessible parking lot"": true}}",
Downtown GOLF,Clubfitter,Club Fitting,False,(203) 359-4653,https://www.downtowngolfusa.com/,125 Bedford St,Stamford,Connecticut,CT,06901,41.0561093,-73.5382865,America/New_York,4.5,Highly Rated,0,7,True,True,"https://www.google.com/maps/place/Downtown+Golf/@41.056109299999996,-73.5382865,14z/data=!4m8!1m2!2m1!1sDowntown+Golf!3m4!1s0x89c2a1e8630b9abf:0xb43f88df310a2a85!8m2!3d41.056109299999996!4d-73.5382865",Club Fitting | Club Repair | Golf Lessons | Retail / Pro Shop | Shaft & Grip Sales,5,True,Indoor,True,,False,OPERATIONAL,True,crawled,independent clubmaker Connecticut,False,Downtown Golf,"{""Accessibility"": {""Wheelchair accessible entrance"": true, ""Wheelchair accessible parking lot"": true, ""Wheelchair accessible restroom"": true}}",
Jl GOLF Academy,Instruction,Golf Instruction,False,(475) 619-5304,https://jlgolfacademy.com/,75 High Ridge Rd,Stamford,Connecticut,CT,06905,41.074123,-73.5483907,America/New_York,5.0,Top Rated,0,17,True,True,"https://www.google.com/maps/place/JL+Golf+Academy/@41.074123,-73.5483907,14z/data=!4m8!1m2!2m1!1sJL+Golf+Academy!3m4!1s0x89c2a141953c6ea7:0x519bde3759760b71!8m2!3d41.074123!4d-73.5483907",Golf Lessons | Launch Monitor,2,False,Unknown,True,"{""Wednesday"": [""10AM-7PM""]}",False,OPERATIONAL,True,crawled,independent clubmaker Connecticut,False,JL Golf Academy,"{""Accessibility"": {""Wheelchair accessible parking lot"": true}}",
Bigga Balls GOLF,Retailer,Golf Retail,False,(203) 583-3148,https://biggaballs.com/,611 Access Rd,Stratford,Connecticut,CT,06615,41.1681728,-73.136333,America/New_York,5.0,Top Rated,0,4,True,True,"https://www.google.com/maps/place/Bigga+Balls+Golf/@41.1681728,-73.136333,14z/data=!4m8!1m2!2m1!1sBigga+Balls+Golf!3m4!1s0x89e80d8c29b911e1:0x769e9a8378a558ad!8m2!3d41.1681728!4d-73.136333",Retail / Pro Shop,1,False,Indoor,True,"{""Wednesday"": [""7:30AM-3PM""]}",False,OPERATIONAL,True,crawled,independent clubmaker Connecticut,False,Bigga Balls Golf,"{""Accessibility"": {""Wheelchair accessible parking lot"": true}}",
Foreup Website Examples,Retailer,Golf Retail,False,(203) 753-1425,https://golfwaterbury.foreupwebsites.com/east-mountain/contact-east-mountain/,171 E Mountain Rd,Waterbury,Connecticut,CT,06706,41.5271898,-73.0116894,America/New_York,0.0,Unrated,0,0,False,False,"https://www.google.com/maps/place/foreUP+Website+Examples/@41.527189799999995,-73.0116894,14z/data=!4m8!1m2!2m1!1sforeUP+Website+Examples!3m4!1s0x89e7c1438d908a31:0xf53c699cabdebaa!8m2!3d41.527189799999995!4d-73.0116894",Retail / Pro Shop,1,False,Indoor,True,,False,OPERATIONAL,True,crawled,independent clubmaker Connecticut,False,foreUP Website Examples,"{""Accessibility"": {""Wheelchair accessible entrance"": true, ""Wheelchair accessible parking lot"": true}}",
Shoreline GOLF,Retailer,Golf Retail,False,(475) 306-0995,https://shoreline-golf.com/,176 Boston Post Rd Unit A,Westbrook,Connecticut,CT,06498,41.2757475,-72.48170429999999,America/New_York,5.0,Top Rated,0,18,True,True,"https://www.google.com/maps/place/Shoreline+Golf/@41.2757475,-72.48170429999999,14z/data=!4m8!1m2!2m1!1sShoreline+Golf!3m4!1s0x89e627a0f8231f33:0x5953d28d5ee22870!8m2!3d41.2757475!4d-72.48170429999999",Retail / Pro Shop,1,False,Indoor,True,"{""Wednesday"": [""10AM-4PM""]}",False,OPERATIONAL,True,crawled,boutique golf shop Connecticut,False,Shoreline Golf,"{""Accessibility"": {""Wheelchair accessible parking lot"": true}}",
Studio GOLF,Retailer,Golf Instruction,False,(203) 761-0824,https://studiogolf.com/,388 Danbury Rd,Wilton,Connecticut,CT,06897,41.2092876,-73.430926,America/New_York,4.8,Top Rated,0,2,True,False,"https://www.google.com/maps/place/Studio+Golf/@41.209287599999996,-73.430926,14z/data=!4m8!1m2!2m1!1sStudio+Golf!3m4!1s0x89e802506cd5c239:0x8011af042d328f2f!8m2!3d41.209287599999996!4d-73.430926",Golf Lessons | Launch Monitor | Retail / Pro Shop,3,False,Indoor,True,,False,OPERATIONAL,True,crawled,independent clubmaker Connecticut,False,Studio Golf,"{""Accessibility"": {""Wheelchair accessible entrance"": true, ""Wheelchair accessible parking lot"": true, ""Wheelchair accessible restroom"": true}}",
Be Under Par,Clubfitter,Club Fitting,False,(860) 238-7775,https://beunderparllc.com/,390 Main St,Winsted,Connecticut,CT,06098,41.9212678,-73.07054939999999,America/New_York,5.0,Top Rated,0,12,True,True,"https://www.google.com/maps/place/Be+Under+Par/@41.921267799999995,-73.07054939999999,14z/data=!4m8!1m2!2m1!1sBe+Under+Par!3m4!1s0x89e70b1f8bc005e1:0xabdbdd57bc8374c6!8m2!3d41.921267799999995!4d-73.07054939999999",Club Fitting | Golf Lessons | Golf Simulator | Retail / Pro Shop,4,True,Indoor,True,"{""Wednesday"": [""9AM-9PM""]}",False,OPERATIONAL,True,recrawled,independent clubmaker Connecticut,False,Be Under Par,"{""Accessibility"": {""Wheelchair accessible entrance"": true, ""Wheelchair accessible parking lot"": true, ""Wheelchair accessible restroom"": true}}",
Cityswing,Simulator,Golf Simulator,False,(202) 902-0983,https://cityswing.com/,901 New York Ave NW,Washington,District Of Columbia,DC,20001,38.9020027,-77.0248814,America/New_York,4.9,Top Rated,0,43,True,True,"https://www.google.com/maps/place/CitySwing/@38.9020027,-77.0248814,14z/data=!4m8!1m2!2m1!1sCitySwing!3m4!1s0x89b7b7e4df7c2e79:0xa0cc4725311c0993!8m2!3d38.9020027!4d-77.0248814",Golf Lessons | Golf Simulator,2,False,Indoor,True,"{""Wednesday"": [""12-9PM""]}",False,OPERATIONAL,True,crawled,custom club fitting Washington,False,CitySwing,"{""Accessibility"": {""Wheelchair accessible entrance"": true, ""Wheelchair accessible parking lot"": true, ""Wheelchair accessible restroom"": true}, ""Other"": {""Identifies as Black-owned"": true, ""Identifies as women-owned"": true}}",
East Potomac GOLF Links,Simulator,Golf Simulator,False,(202) 554-7660,https://www.playdcgolf.com/east-potomac-golf-links/,972 Ohio Dr SW,Washington,District Of Columbia,DC,20024,38.8745951,-77.02676319999999,America/New_York,4.1,Well Reviewed,0,751,True,True,"https://www.google.com/maps/place/East+Potomac+Golf+Links/@38.8745951,-77.02676319999999,14z/data=!4m8!1m2!2m1!1sEast+Potomac+Golf+Links!3m4!1s0x89b7b76c0463b0df:0xc16d732dcc452f6e!8m2!3d38.8745951!4d-77.02676319999999",Golf Lessons | Golf Simulator | Club Rentals | Retail / Pro Shop,4,False,Indoor,True,"{""Wednesday"": [""9AM-6PM""]}",False,OPERATIONAL,True,crawled,custom club fitting Washington,False,East Potomac Golf Links,"{""Accessibility"": {""Wheelchair accessible entrance"": true, ""Wheelchair accessible parking lot"": true, ""Wheelchair accessible restroom"": true}}",
The GOLF Doctor - Dc,Simulator,Golf Simulator,False,(202) 827-4202,https://www.golfdoctordc.com/,1108 K St NW Floor 3,Washington,District Of Columbia,DC,20005,38.9021581,-77.0276167,America/New_York,4.8,Top Rated,0,18,True,True,"https://www.google.com/maps/place/The+Golf+Doctor+-+DC/@38.9021581,-77.0276167,14z/data=!4m8!1m2!2m1!1sThe+Golf+Doctor+-+DC!3m4!1s0x89b7b7938794bd9d:0x8f7e1782060b1f6!8m2!3d38.9021581!4d-77.0276167",Custom Club Building | Launch Monitor | Golf Simulator | Retail / Pro Shop | Shaft & Grip Sales,5,False,Indoor,True,"{""Wednesday"": [""10AM-4PM""]}",False,OPERATIONAL,True,crawled,independent clubmaker Maryland,False,The Golf Doctor - DC,"{""Accessibility"": {""Wheelchair accessible entrance"": true, ""Wheelchair accessible parking lot"": true}}",
"Mrb Golf, LLC",Retailer,Golf Retail,False,(302) 368-7008,https://www.facebook.com/profile.php?id=61556630592970&mibextid=ZbWKwL,300 W Main St,Newark,Delaware,DE,19711,39.6868452,-75.7649023,America/New_York,0.0,Unrated,0,2,True,True,"https://www.google.com/maps/place/MRB+Golf%2C+LLC/@39.6868452,-75.7649023,14z/data=!4m8!1m2!2m1!1sMRB+Golf%2C+LLC!3m4!1s0x89c7abf7cb9e14d7:0x592b024c89e8d929!8m2!3d39.6868452!4d-75.7649023",Retail / Pro Shop,1,False,Indoor,True,"{""Wednesday"": [""10AM-5PM""]}",False,OPERATIONAL,True,crawled,independent clubmaker Delaware,False,"MRB Golf, LLC","{""Accessibility"": {""Wheelchair accessible parking lot"": true}}",enriched
Eastern Shore Custom Clubs,Clubfitter,Club Fitting,False,(301) 442-7605,https://www.easternshorecustomclubs.com/,24 Village Green Dr Suite 201,Ocean View,Delaware,DE,19970,38.535567,-75.10860799999999,America/New_York,5.0,Top Rated,0,8,True,True,"https://www.google.com/maps/place/Eastern+Shore+Custom+Clubs/@38.535567,-75.10860799999999,14z/data=!4m8!1m2!2m1!1sEastern+Shore+Custom+Clubs!3m4!1s0x89c9d1300bd81ec1:0x7209cabf87a174d3!8m2!3d38.535567!4d-75.10860799999999",Club Fitting | Club Repair | Custom Club Building | Launch Monitor,4,True,Indoor,True,,False,OPERATIONAL,True,crawled,independent clubmaker Delaware,False,Eastern Shore Custom Clubs,"{""Accessibility"": {""Wheelchair accessible entrance"": true, ""Wheelchair accessible parking lot"": true, ""Wheelchair accessible restroom"": true}}",
The Foreland Club,Simulator,Golf Simulator,False,(302) 402-6645,https://theforelandclub.com/,24 Village Green Dr Suite 201,Ocean View,Delaware,DE,19970,38.535567,-75.10860799999999,America/New_York,5.0,Top Rated,0,24,True,True,"https://www.google.com/maps/place/The+Foreland+Club/@38.535567,-75.10860799999999,14z/data=!4m8!1m2!2m1!1sThe+Foreland+Club!3m4!1s0x89b8cfb435303e71:0x4eba238586f7779c!8m2!3d38.535567!4d-75.10860799999999",Launch Monitor | Golf Simulator,2,False,Indoor,True,"{""Wednesday"": [""Open 24 hours""]}",False,OPERATIONAL,True,crawled,independent clubmaker Delaware,False,The Foreland Club,"{""Accessibility"": {""Wheelchair accessible entrance"": true, ""Wheelchair accessible parking lot"": true, ""Wheelchair accessible restroom"": true, ""Wheelchair accessible seating"": true}}",
Becky Dengler GOLF,Retailer,Golf Instruction,False,(610) 724-3913,https://beckydenglergolf.com/,"Ed Oliver Golf Club, 800 N Dupont Rd",Wilmington,Delaware,DE,19807,39.7600996,-75.5857626,America/New_York,5.0,Top Rated,0,33,True,True,"https://www.google.com/maps/place/Becky+Dengler+Golf/@39.7600996,-75.5857626,14z/data=!4m8!1m2!2m1!1sBecky+Dengler+Golf!3m4!1s0x89c6fd708163e125:0x7810b2453ad3b145!8m2!3d39.7600996!4d-75.5857626",Golf Lessons | Retail / Pro Shop,2,False,Indoor,True,,False,OPERATIONAL,True,crawled,independent clubmaker Delaware,False,Becky Dengler Golf,"{""Accessibility"": {""Wheelchair accessible parking lot"": true}}",
The Back Nine GOLF,Simulator,Golf Simulator,False,(302) 281-4653,https://thebackninegolf.com/wilmingtonde/,1812 Marsh Rd Unit 503,Wilmington,Delaware,DE,19810,39.8050911,-75.5062871,America/New_York,5.0,Top Rated,0,54,True,True,"https://www.google.com/maps/place/The+Back+Nine+Golf+%7C+Wilmington%2C+DE/@39.8050911,-75.5062871,14z/data=!4m8!1m2!2m1!1sThe+Back+Nine+Golf+%7C+Wilmington%2C+DE!3m4!1s0x89c6e5c68fb73a31:0x9b37d02ed964c7ba!8m2!3d39.8050911!4d-75.5062871",Launch Monitor | Golf Simulator,2,False,Indoor,True,"{""Wednesday"": [""Open 24 hours""]}",False,OPERATIONAL,True,crawled,independent clubmaker Delaware,False,"The Back Nine Golf | Wilmington, DE","{""Accessibility"": {""Wheelchair accessible entrance"": true, ""Wheelchair accessible parking lot"": true, ""Wheelchair accessible restroom"": true}}",
Jessyjames GOLF,Retailer,Golf Retail,False,(321) 295-7506,https://www.jessyjamesgolf.com/,279 Douglas Ave #1106,Altamonte Springs,Florida,FL,32714,28.6651603,-81.3902877,America/New_York,4.7,Top Rated,0,7,True,True,"https://www.google.com/maps/place/JessyJames+Golf/@28.6651603,-81.3902877,14z/data=!4m8!1m2!2m1!1sJessyJames+Golf!3m4!1s0x88e77ef51a2ac0bd:0x8207ee6d4d98c5fc!8m2!3d28.6651603!4d-81.3902877",,0,False,Indoor,True,"{""Wednesday"": [""10AM-5PM""]}",False,OPERATIONAL,True,crawl_failed,custom club fitting Florida,False,JessyJames Golf,"{""Accessibility"": {""Wheelchair accessible entrance"": true, ""Wheelchair accessible parking lot"": true}}",failed
Bushwood GOLF Shack,Simulator,Golf Simulator,False,(863) 656-5182,https://bushwoodgs.com/,1052 US-92,Auburndale,Florida,FL,33823,28.0565252,-81.8294902,America/New_York,4.3,Highly Rated,0,20,True,True,"https://www.google.com/maps/place/Bushwood+Golf+Shack/@28.0565252,-81.8294902,14z/data=!4m8!1m2!2m1!1sBushwood+Golf+Shack!3m4!1s0x88dd6ad35b4a31fd:0x3c8b256d90d0779c!8m2!3d28.0565252!4d-81.8294902",Club Repair | Golf Simulator | Retail / Pro Shop,3,False,Indoor,True,"{""Wednesday"": [""9AM-5PM""]}",False,OPERATIONAL,True,crawled,boutique golf shop Florida,False,Bushwood Golf Shack,"{""Accessibility"": {""Wheelchair accessible entrance"": true, ""Wheelchair accessible parking lot"": true}}",
Jenkins Motorsports Avon Park,Retailer,Golf Retail,False,(863) 430-0260,https://www.jenkinsmotorsports.com/Shop-Our-Inventory/Avon-Park,601 US-27,Avon Park,Florida,FL,33825,27.6034288,-81.51495899999999,America/New_York,4.8,Top Rated,0,42,True,True,"https://www.google.com/maps/place/Jenkins+Motorsports+Avon+Park/@27.6034288,-81.51495899999999,14z/data=!4m8!1m2!2m1!1sJenkins+Motorsports+Avon+Park!3m4!1s0x88dc55eb35a98207:0xa1193c18f41a42a9!8m2!3d27.6034288!4d-81.51495899999999",Retail / Pro Shop,1,False,Indoor,True,"{""Wednesday"": [""8AM-5PM""]}",False,OPERATIONAL,True,crawled,boutique golf shop Florida,False,Jenkins Motorsports Avon Park,"{""Accessibility"": {""Wheelchair accessible entrance"": true, ""Wheelchair accessible parking lot"": true, ""Wheelchair accessible restroom"": true, ""Wheelchair accessible seating"": true}}",
The GOLF Guys,Clubfitter,Club Fitting,False,(239) 948-9840,https://www.thegolfguys.com/,3440 Renaissance Blvd UNIT 8,Bonita Springs,Florida,FL,34134,26.3891423,-81.8100645,America/New_York,4.7,Top Rated,0,45,True,True,"https://www.google.com/maps/place/The+Golf+Guys/@26.3891423,-81.8100645,14z/data=!4m8!1m2!2m1!1sThe+Golf+Guys!3m4!1s0x88db176e4bc16fcb:0x22c28d20fc62aa1e!8m2!3d26.3891423!4d-81.8100645",Club Fitting | Club Repair | Custom Club Building | Golf Simulator | Launch Monitor | Retail / Pro Shop | Trade-In / Used Clubs,7,True,Indoor,True,"{""Wednesday"": [""8:30AM-6PM""]}",False,OPERATIONAL,True,crawled,boutique golf shop Florida,False,The Golf Guys,"{""Accessibility"": {""Wheelchair accessible entrance"": true, ""Wheelchair accessible parking lot"": true}}",
Blakes GOLF Shop,Simulator,Golf Simulator,False,(754) 799-7835,https://blakesgolfshop.com/,4760 Woolbright Rd Unit 105,Boynton Beach,Florida,FL,33436,26.5111209,-80.1194972,America/New_York,4.9,Top Rated,0,21,True,True,"https://www.google.com/maps/place/Blakes+Golf+Shop/@26.511120899999998,-80.1194972,14z/data=!4m8!1m2!2m1!1sBlakes+Golf+Shop!3m4!1s0x88d8d9311cd69163:0x59116f6ddaa6745a!8m2!3d26.511120899999998!4d-80.1194972",Club Repair | Golf Lessons | Launch Monitor | Golf Simulator | Retail / Pro Shop | Shaft & Grip Sales,6,False,Indoor,True,"{""Wednesday"": [""10AM-6PM""]}",False,OPERATIONAL,True,crawled,independent clubmaker Florida,False,Blakes Golf Shop,"{""Accessibility"": {""Wheelchair accessible entrance"": true, ""Wheelchair accessible parking lot"": true}}",
Flagstick GOLF Performance,Simulator,Club Fitting,False,(561) 336-4314,https://flagstickgolfperformance.com/,3600 S Congress Ave # G,Boynton Beach,Florida,FL,33426,26.4904551,-80.0892183,America/New_York,5.0,Top Rated,0,56,True,True,"https://www.google.com/maps/place/Flagstick+Golf+Performance/@26.4904551,-80.0892183,14z/data=!4m8!1m2!2m1!1sFlagstick+Golf+Performance!3m4!1s0x88d8dfe55e482a67:0x18637caadbafedf1!8m2!3d26.4904551!4d-80.0892183",Club Fitting | Club Repair | Custom Club Building | Golf Lessons | Launch Monitor | Golf Simulator | Retail / Pro Shop | Shaft & Grip Sales,8,True,Indoor,True,"{""Wednesday"": [""9AM-7PM""]}",False,OPERATIONAL,True,crawled,independent clubmaker Florida,False,Flagstick Golf Performance,"{""Accessibility"": {""Wheelchair accessible entrance"": true, ""Wheelchair accessible parking lot"": true, ""Wheelchair accessible restroom"": true}}",
Img Academy Tour Studio,Clubfitter,Club Fitting,False,(941) 752-2662,https://www.imgacademy.com/accommodations-and-travel/tour-studio,5650 Bollettieri Blvd,Bradenton,Florida,FL,34210,27.44132,-82.60799279999999,America/New_York,5.0,Top Rated,0,30,True,True,"https://www.google.com/maps/place/IMG+Academy+Tour+Studio/@27.441319999999997,-82.60799279999999,14z/data=!4m8!1m2!2m1!1sIMG+Academy+Tour+Studio!3m4!1s0x88c315e0834132c5:0x4491c4628806579e!8m2!3d27.441319999999997!4d-82.60799279999999",Club Fitting | Club Repair | Custom Club Building | Golf Lessons | Launch Monitor | Golf Simulator | Retail / Pro Shop | Shaft & Grip Sales,8,True,Indoor,True,"{""Wednesday"": [""9AM-5PM""]}",False,OPERATIONAL,True,crawled,independent clubmaker Florida,False,IMG Academy Tour Studio,"{""Accessibility"": {""Wheelchair accessible entrance"": true, ""Wheelchair accessible parking lot"": true}}",
Pure Science GOLF - Feather Sound,Clubfitter,Club Fitting,False,(727) 317-3510,https://www.puresciencegolf.com/,2325 Ulmerton Rd #23,Clearwater,Florida,FL,33762,27.8947611,-82.6664907,America/New_York,5.0,Top Rated,0,45,True,True,"https://www.google.com/maps/place/PURE+SCIENCE+GOLF+-+Feather+Sound/@27.8947611,-82.6664907,14z/data=!4m8!1m2!2m1!1sPURE+SCIENCE+GOLF+-+Feather+Sound!3m4!1s0x88c2e5bd73949f3d:0x15fa83bc0c81b00!8m2!3d27.8947611!4d-82.6664907",Club Fitting | Launch Monitor | Retail / Pro Shop,3,True,Indoor,True,"{""Wednesday"": [""10AM-7PM""]}",False,OPERATIONAL,True,crawled,independent clubmaker Florida,False,PURE SCIENCE GOLF - Feather Sound,"{""Accessibility"": {""Wheelchair accessible entrance"": true, ""Wheelchair accessible parking lot"": true}}",
The Biltmore Proshop,Retailer,Golf Retail,False,(305) 460-5364,https://biltmorehotel.com/miami-resort-shops/golf-pro-shop/,1200 Anastasia Ave,Coral Gables,Florida,FL,33134,25.7408151,-80.27845339999999,America/New_York,5.0,Top Rated,0,1,True,True,"https://www.google.com/maps/place/The+Biltmore+ProShop/@25.7408151,-80.27845339999999,14z/data=!4m8!1m2!2m1!1sThe+Biltmore+ProShop!3m4!1s0x88d9b9dfda0511c9:0x45b7fc706e74e3e0!8m2!3d25.7408151!4d-80.27845339999999",Shaft & Grip Sales | Retail / Pro Shop | Club Rentals,3,False,Indoor,True,,False,OPERATIONAL,True,crawled,boutique golf shop Florida,False,The Biltmore ProShop,"{""Accessibility"": {""Wheelchair accessible entrance"": true, ""Wheelchair accessible parking lot"": true}}",
GOLF 4 Less,Clubfitter,Club Fitting,False,(239) 405-8897,https://www.golf4lessoutlets.com/store-locations/,10801 Corkscrew Rd E154,Estero,Florida,FL,33928,26.4356268,-81.77617459999999,America/New_York,3.8,Well Reviewed,0,10,True,True,"https://www.google.com/maps/place/Golf+4+Less/@26.435626799999998,-81.77617459999999,14z/data=!4m8!1m2!2m1!1sGolf+4+Less!3m4!1s0x88db113688a714fd:0xd52f620bda15bf31!8m2!3d26.435626799999998!4d-81.77617459999999",Club Fitting | Retail / Pro Shop,2,True,Indoor,True,"{""Wednesday"": [""10AM-6PM""]}",False,OPERATIONAL,True,crawled,boutique golf shop Florida,False,Golf 4 Less,"{""Accessibility"": {""Wheelchair accessible entrance"": true, ""Wheelchair accessible parking lot"": true}}",
Garage GOLF,Simulator,Golf Simulator,False,(210) 876-2002,https://mygaragegolf.com/,6555 Powerline Rd Ste. 202,Fort Lauderdale,Florida,FL,33309,26.2079538,-80.15779119999999,America/New_York,5.0,Top Rated,0,88,True,True,"https://www.google.com/maps/place/Garage+Golf/@26.2079538,-80.15779119999999,14z/data=!4m8!1m2!2m1!1sGarage+Golf!3m4!1s0x865c5d883af5d3a1:0xe5dc96ffdec82b0c!8m2!3d26.2079538!4d-80.15779119999999",Launch Monitor | Golf Simulator | Club Rentals | Retail / Pro Shop,4,False,Indoor,True,"{""Wednesday"": [""10:30AM-6PM""]}",False,OPERATIONAL,True,crawled,independent clubmaker Florida,False,Garage Golf,"{""Accessibility"": {""Wheelchair accessible entrance"": true, ""Wheelchair accessible parking lot"": true}}",
Performance GOLF,Retailer,Golf Retail,False,(800) 523-5760,https://www.performancegolf.com/contact,101 NE 3rd Ave,Fort Lauderdale,Florida,FL,33301,26.1235643,-80.141201,America/New_York,4.8,Top Rated,0,19,True,True,"https://www.google.com/maps/place/Performance+Golf/@26.123564299999998,-80.141201,14z/data=!4m8!1m2!2m1!1sPerformance+Golf!3m4!1s0x88d90055c0bfffff:0x810d198bcfdebae5!8m2!3d26.123564299999998!4d-80.141201",Retail / Pro Shop,1,False,Indoor,True,"{""Wednesday"": [""9AM-5PM""]}",False,OPERATIONAL,True,crawled,independent clubmaker Florida,False,Performance Golf,"{""Accessibility"": {""Wheelchair accessible entrance"": true, ""Wheelchair accessible parking lot"": true, ""Wheelchair accessible restroom"": true}}",
The GOLF Shop,Retailer,Golf Instruction,False,(727) 321-5343,https://www.golfshoprepairtampabay.com/,5114 Gulfport Blvd S,Gulfport,Florida,FL,33707,27.7480753,-82.7024799,America/New_York,4.5,Highly Rated,0,6,True,True,"https://www.google.com/maps/place/The+Golf+Shop/@27.7480753,-82.7024799,14z/data=!4m8!1m2!2m1!1sThe+Golf+Shop!3m4!1s0x88c2e28e2436dd2f:0xa318d3c66b3d56b4!8m2!3d27.7480753!4d-82.7024799",Club Repair | Golf Lessons | Retail / Pro Shop,3,False,Indoor,True,"{""Wednesday"": [""9AM-5:30PM""]}",False,OPERATIONAL,True,crawled,boutique golf shop Florida,False,The Golf Shop,"{""Accessibility"": {""Wheelchair accessible entrance"": true, ""Wheelchair accessible parking lot"": true}}",
Big Mike's House Of GOLF,Simulator,Club Fitting,False,(727) 378-4999,https://www.bigmikesgolf.com/,12643 US-19,Hudson,Florida,FL,34667,28.3412527,-82.70056389999999,America/New_York,5.0,Top Rated,0,18,True,True,"https://www.google.com/maps/place/Big+Mike%27s+House+of+Golf/@28.3412527,-82.70056389999999,14z/data=!4m8!1m2!2m1!1sBig+Mike%27s+House+of+Golf!3m4!1s0x88c29b4d3e8b0695:0x73e9bca2fb10edd8!8m2!3d28.3412527!4d-82.70056389999999",Club Fitting | Club Repair | Golf Lessons | Launch Monitor | Retail / Pro Shop | Shaft & Grip Sales,6,True,Indoor,True,"{""Wednesday"": [""10:30AM-4:30PM""]}",False,OPERATIONAL,True,crawled,independent clubmaker Florida,False,Big Mike's House of Golf,"{""Accessibility"": {""Wheelchair accessible entrance"": true, ""Wheelchair accessible parking lot"": true}}",
Rex GOLF,Retailer,Golf Retail,False,(904) 738-8497,https://www.rexgolfshop.com/,14603 Beach Blvd #900,Jacksonville Beach,Florida,FL,32250,30.2885517,-81.4314291,America/New_York,4.9,Top Rated,0,39,True,True,"https://www.google.com/maps/place/Rex+Golf/@30.2885517,-81.4314291,14z/data=!4m8!1m2!2m1!1sRex+Golf!3m4!1s0x8eee154e1ecb7d2f:0xb4d7accff5e81ac0!8m2!3d30.2885517!4d-81.4314291",Club Repair | Retail / Pro Shop | Used Clubs / Trade-In,3,False,Indoor,True,"{""Wednesday"": [""9AM-6PM""]}",False,OPERATIONAL,True,crawl_failed,boutique golf shop Florida,False,Rex Golf,"{""Accessibility"": {""Wheelchair accessible entrance"": true, ""Wheelchair accessible parking lot"": true}}",enriched
Steadfast GOLF Shafts,Clubfitter,Club Fitting,False,(800) 398-8645,https://steadfastgolf.com/,1312 Commerce Ln #4b,Jupiter,Florida,FL,33458,26.9297901,-80.11886779999999,America/New_York,4.1,Well Reviewed,0,11,True,True,"https://www.google.com/maps/place/Steadfast+Golf+Shafts/@26.929790099999998,-80.11886779999999,14z/data=!4m8!1m2!2m1!1sSteadfast+Golf+Shafts!3m4!1s0x88ded5fb0441f019:0xd2ad7bfb55608e90!8m2!3d26.929790099999998!4d-80.11886779999999",Club Fitting | Custom Club Building | Launch Monitor | Retail / Pro Shop | Shaft & Grip Sales,5,True,Indoor,True,"{""Wednesday"": [""9AM-5PM""]}",False,OPERATIONAL,True,crawled,independent clubmaker Florida,False,Steadfast Golf Shafts,"{""Accessibility"": {""Wheelchair accessible entrance"": true, ""Wheelchair accessible parking lot"": true, ""Wheelchair accessible restroom"": true, ""Wheelchair accessible seating"": true}, ""Other"": {""LGBTQ+ friendly"": true}}",
The GOLF Clinic,Golf Course / Pro Shop,Club Fitting,False,(561) 972-7063,https://www.thegolfclinicfl.com/,1097 Jupiter Park Ln Suite 7,Jupiter,Florida,FL,33458,26.9240232,-80.1438672,America/New_York,5.0,Top Rated,0,5,True,True,"https://www.google.com/maps/place/The+Golf+Clinic/@26.924023199999997,-80.1438672,14z/data=!4m8!1m2!2m1!1sThe+Golf+Clinic!3m4!1s0x88dedd123e7e88c9:0x1b90ff63addc3619!8m2!3d26.924023199999997!4d-80.1438672",Club Fitting | Custom Club Building | Golf Lessons | Launch Monitor | Shaft & Grip Sales,5,True,Outdoor,True,"{""Wednesday"": [""9AM-5PM""]}",False,OPERATIONAL,True,crawled,independent clubmaker Florida,False,The Golf Clinic,"{""Accessibility"": {""Wheelchair accessible entrance"": true, ""Wheelchair accessible parking lot"": true, ""Wheelchair accessible restroom"": true}}",
Lake Wales Country Club,Instruction,Golf Instruction,False,(863) 676-2422,https://lakewalescountryclub.com/,2925 FL-60,Lake Wales,Florida,FL,33898,27.8956535,-81.54019389999999,America/New_York,4.0,Well Reviewed,0,291,True,True,"https://www.google.com/maps/place/Lake+Wales+Country+Club/@27.895653499999998,-81.54019389999999,14z/data=!4m8!1m2!2m1!1sLake+Wales+Country+Club!3m4!1s0x88dd084a512755f5:0x50b861f6b80a770c!8m2!3d27.895653499999998!4d-81.54019389999999",Golf Lessons,1,False,Unknown,False,"{""Wednesday"": [""7AM-5PM""]}",False,OPERATIONAL,True,crawled,boutique golf shop Florida,False,Lake Wales Country Club,"{""Accessibility"": {""Wheelchair accessible entrance"": true, ""Wheelchair accessible parking lot"": true}}",
GOLF Etc. Lakeland,Clubfitter,Club Fitting,False,(863) 687-7274,https://www.golfetclakeland.com/,1527 Town Center Dr,Lakeland,Florida,FL,33803,28.0006733,-81.9801938,America/New_York,4.3,Highly Rated,0,33,True,True,"https://www.google.com/maps/place/Golf+Etc.+Lakeland/@28.0006733,-81.9801938,14z/data=!4m8!1m2!2m1!1sGolf+Etc.+Lakeland!3m4!1s0x88dd391687ada0d7:0xd7c2778a479b2e6b!8m2!3d28.0006733!4d-81.9801938",Club Fitting | Retail / Pro Shop,2,True,Indoor,True,"{""Wednesday"": [""10AM-7PM""]}",False,OPERATIONAL,True,crawled,boutique golf shop Florida,False,Golf Etc. Lakeland,"{""Accessibility"": {""Wheelchair accessible entrance"": true, ""Wheelchair accessible parking lot"": true}}",
Nolte's GOLF,Clubfitter,Club Fitting,False,(863) 646-4400,https://allaboutthesunshinestate.com/listing/noltes-golf/,755 Creative Dr Suite #16,Lakeland,Florida,FL,33813,27.9635237,-81.9682005,America/New_York,5.0,Top Rated,0,1,True,True,"https://www.google.com/maps/place/Nolte%27s+Golf/@27.9635237,-81.9682005,14z/data=!4m8!1m2!2m1!1sNolte%27s+Golf!3m4!1s0x88dd3be446c53f4d:0xf2cbe832964dff98!8m2!3d27.9635237!4d-81.9682005",Club Fitting | Club Repair | Retail / Pro Shop,3,True,Indoor,True,"{""Wednesday"": [""3-6PM""]}",False,OPERATIONAL,True,crawled,boutique golf shop Florida,False,Nolte's Golf,"{""Accessibility"": {""Wheelchair accessible entrance"": true, ""Wheelchair accessible parking lot"": true}}",
GOLF Apparel Shop,Retailer,Golf Retail,False,(656) 218-9147,https://www.golfapparelshop.com/,2300 Grand Cypress Dr #150,Lutz,Florida,FL,33559,28.1892285,-82.3915243,America/New_York,5.0,Top Rated,0,10,True,True,"https://www.google.com/maps/place/Golf+Apparel+Shop/@28.1892285,-82.3915243,14z/data=!4m8!1m2!2m1!1sGolf+Apparel+Shop!3m4!1s0x88c2bb3ad6b150e3:0xe58e2e76f2c631b6!8m2!3d28.1892285!4d-82.3915243",Retail / Pro Shop,1,False,Indoor,True,"{""Wednesday"": [""10AM-8PM""]}",False,OPERATIONAL,True,crawled,boutique golf shop Florida,False,Golf Apparel Shop,"{""Accessibility"": {""Wheelchair accessible entrance"": true, ""Wheelchair accessible parking lot"": true}}",
Coombs GOLF Studio,Simulator,Golf Simulator,False,(321) 499-5144,https://www.321golfacademy.com/,3270 Suntree Blvd Suite 112,Melbourne,Florida,FL,32940,28.2291314,-80.67716539999999,America/New_York,5.0,Top Rated,0,9,True,True,"https://www.google.com/maps/place/Coombs+Golf+Studio/@28.2291314,-80.67716539999999,14z/data=!4m8!1m2!2m1!1sCoombs+Golf+Studio!3m4!1s0x88de0513670bfc53:0x3fb33696101bfce!8m2!3d28.2291314!4d-80.67716539999999",,0,False,Indoor,True,"{""Wednesday"": [""9AM-9PM""]}",False,OPERATIONAL,True,crawled,custom club fitting Oregon,False,Coombs Golf Studio,"{""Accessibility"": {""Wheelchair accessible entrance"": true, ""Wheelchair accessible parking lot"": true, ""Wheelchair accessible restroom"": true}}",unknown
Moon Golf- Melbourne,Clubfitter,Club Fitting,False,(321) 752-0078,https://www.moongolf.com/,6300 N Wickham Rd #124b,Melbourne,Florida,FL,32940,28.2137234,-80.673772,America/New_York,4.7,Top Rated,0,220,True,True,"https://www.google.com/maps/place/Moon+Golf-+Melbourne/@28.2137234,-80.673772,14z/data=!4m8!1m2!2m1!1sMoon+Golf-+Melbourne!3m4!1s0x88de05021b84e623:0x4c9b67e315086dbd!8m2!3d28.2137234!4d-80.673772",Club Fitting | Custom Club Building | Launch Monitor | Golf Simulator | Retail / Pro Shop | Shaft & Grip Sales,6,True,Indoor,True,"{""Wednesday"": [""9AM-6PM""]}",False,OPERATIONAL,True,crawled,custom club fitting Oregon,False,Moon Golf- Melbourne,"{""Accessibility"": {""Wheelchair accessible entrance"": true, ""Wheelchair accessible parking lot"": true}}",
Precise GOLF Fitting Studio,Clubfitter,Club Fitting,False,(321) 255-9240,https://precisegolfstudio.com/,2740 N Harbor City Blvd #4,Melbourne,Florida,FL,32935,28.1515157,-80.64071249999999,America/New_York,5.0,Top Rated,0,56,True,True,"https://www.google.com/maps/place/Precise+Golf+Fitting+Studio/@28.151515699999997,-80.64071249999999,14z/data=!4m8!1m2!2m1!1sPrecise+Golf+Fitting+Studio!3m4!1s0x88de0fe4f8df4ab1:0xcce38c85ed57ac2c!8m2!3d28.151515699999997!4d-80.64071249999999",Club Fitting | Club Repair | Custom Club Building | Retail / Pro Shop | Shaft & Grip Sales,5,True,Indoor,True,"{""Wednesday"": [""9:30AM-4PM""]}",False,OPERATIONAL,True,crawled,independent clubmaker Florida,False,Precise Golf Fitting Studio,"{""Accessibility"": {""Wheelchair accessible entrance"": true, ""Wheelchair accessible parking lot"": true, ""Wheelchair accessible restroom"": true}}",
Planet GOLF,Clubfitter,Club Fitting,False,(305) 275-9070,https://planetgolfmiami.com/,7045 SW 87th Ave,Miami,Florida,FL,33173,25.7034894,-80.33385969999999,America/New_York,4.8,Top Rated,0,111,True,True,"https://www.google.com/maps/place/Planet+Golf/@25.7034894,-80.33385969999999,14z/data=!4m8!1m2!2m1!1sPlanet+Golf!3m4!1s0x88d9c76e6a6b6c57:0xb098e73026142b65!8m2!3d25.7034894!4d-80.33385969999999",Club Fitting | Retail / Pro Shop,2,True,Indoor,True,"{""Wednesday"": [""10AM-7PM""]}",False,OPERATIONAL,True,crawled,boutique golf shop Florida,False,Planet Golf,"{""Accessibility"": {""Wheelchair accessible entrance"": true, ""Wheelchair accessible parking lot"": true}}",
Ocala GOLF Shop And Fitting Center,Clubfitter,Club Fitting,False,(352) 512-9090,https://ocalagolfshop.com/,3115 E Silver Springs Blvd #1,Ocala,Florida,FL,34470,29.19384,-82.0934371,America/New_York,4.7,Top Rated,0,45,True,True,"https://www.google.com/maps/place/Ocala+Golf+Shop+and+Fitting+Center/@29.193839999999998,-82.0934371,14z/data=!4m8!1m2!2m1!1sOcala+Golf+Shop+and+Fitting+Center!3m4!1s0x88e7d51c04a604f5:0x71abe6fee3c886f3!8m2!3d29.193839999999998!4d-82.0934371",Club Fitting | Club Repair | Retail / Pro Shop | Shaft & Grip Sales,4,True,Indoor,True,"{""Wednesday"": [""9AM-5PM""]}",False,OPERATIONAL,True,crawled,custom club fitting Florida,False,Ocala Golf Shop and Fitting Center,"{""Accessibility"": {""Wheelchair accessible entrance"": true, ""Wheelchair accessible parking lot"": true}}",
Booyaa GOLF USA,Retailer,Golf Retail,False,,https://www.booyaagolf.com/,241 Ocoee Apopka Rd,Ocoee,Florida,FL,34761,28.5730158,-81.5503655,America/New_York,5.0,Top Rated,0,11,True,True,"https://www.google.com/maps/place/BooYaa+Golf+USA/@28.5730158,-81.5503655,14z/data=!4m8!1m2!2m1!1sBooYaa+Golf+USA!3m4!1s0x88e783e5bb83efed:0x79a4f56ada9d2024!8m2!3d28.5730158!4d-81.5503655",Shaft & Grip Sales | Retail / Pro Shop,2,False,Indoor,True,"{""Wednesday"": [""9AM-5PM""]}",False,OPERATIONAL,True,crawled,boutique golf shop Florida,False,BooYaa Golf USA,"{""Accessibility"": {""Wheelchair accessible entrance"": true, ""Wheelchair accessible parking lot"": true}}",
Fellinger Custom GOLF,Clubfitter,Club Fitting,False,(904) 888-1873,https://fellingercustomgolf.com/,460 Logan Ave,Orange Park,Florida,FL,32065,30.1381151,-81.78640229999999,America/New_York,5.0,Top Rated,0,47,True,True,"https://www.google.com/maps/place/Fellinger+Custom+Golf/@30.1381151,-81.78640229999999,14z/data=!4m8!1m2!2m1!1sFellinger+Custom+Golf!3m4!1s0x88dee9c3abbf65c3:0xa162b76b270b2a33!8m2!3d30.1381151!4d-81.78640229999999",Club Fitting | Launch Monitor | Golf Simulator | Retail / Pro Shop | Shaft & Grip Sales,5,True,Indoor,True,,False,OPERATIONAL,True,crawled,independent clubmaker Florida,False,Fellinger Custom Golf,"{""Accessibility"": {""Wheelchair accessible entrance"": true, ""Wheelchair accessible parking lot"": true}}",
Larry Rinker Florida GOLF Schools,Instruction,Golf Instruction,False,(407) 810-7489,https://www.larryrinker.com/,"The Ritz-Carlton Golf Club, 4048 Central Florida Pkwy",Orlando,Florida,FL,32837,28.4101592,-81.430909,America/New_York,5.0,Top Rated,0,85,True,True,"https://www.google.com/maps/place/Larry+Rinker+Florida+Golf+Schools/@28.4101592,-81.430909,14z/data=!4m8!1m2!2m1!1sLarry+Rinker+Florida+Golf+Schools!3m4!1s0x88e76fddbdd99f29:0xa543f1d9856b50d1!8m2!3d28.4101592!4d-81.430909",Golf Lessons,1,False,Unknown,True,"{""Wednesday"": [""9AM-5PM""]}",False,OPERATIONAL,True,crawled,independent clubmaker Florida,False,Larry Rinker Florida Golf Schools,"{""Accessibility"": {""Wheelchair accessible entrance"": true, ""Wheelchair accessible parking lot"": true}}",
The GOLF Bench,Retailer,Club Repair,False,(321) 303-6860,https://www.thegolfbench.com/,4121 34th St Suite G8,Orlando,Florida,FL,32811,28.5070483,-81.42981139999999,America/New_York,5.0,Top Rated,0,33,True,True,"https://www.google.com/maps/place/The+Golf+Bench/@28.507048299999997,-81.42981139999999,14z/data=!4m8!1m2!2m1!1sThe+Golf+Bench!3m4!1s0x88e77971c7b8f8b3:0x2f0f3caf6f4b1f1!8m2!3d28.507048299999997!4d-81.42981139999999",Club Repair,1,False,Indoor,True,"{""Wednesday"": [""8:30AM-8:30PM""]}",False,OPERATIONAL,True,crawled,boutique golf shop Florida,False,The Golf Bench,"{""Accessibility"": {""Wheelchair accessible entrance"": true, ""Wheelchair accessible parking lot"": true, ""Wheelchair accessible restroom"": true, ""Wheelchair accessible seating"": true}}",
Mike's Honest GOLF,Clubfitter,Club Fitting,False,(585) 764-1677,https://mikeshonestgolf.com/,10255 Panther Nat'l Blvd,Palm Beach Gardens,Florida,FL,33412,26.8319724,-80.2559397,America/New_York,5.0,Top Rated,0,27,True,True,"https://www.google.com/maps/place/Mike%27s+Honest+Golf/@26.831972399999998,-80.2559397,14z/data=!4m8!1m2!2m1!1sMike%27s+Honest+Golf!3m4!1s0x88ded5c5f4a71eb1:0xf8a91351e7b5380e!8m2!3d26.831972399999998!4d-80.2559397",Club Fitting | Club Repair | Custom Club Building | Launch Monitor | Retail / Pro Shop | Shaft & Grip Sales,6,True,Indoor,True,"{""Wednesday"": [""10AM-5PM""]}",False,OPERATIONAL,True,crawled,independent clubmaker Florida,False,Mike's Honest Golf,"{""Accessibility"": {""Wheelchair accessible entrance"": true, ""Wheelchair accessible parking lot"": true}}",
Florida Custom GOLF,Clubfitter,Club Fitting,False,(561) 676-3254,https://www.floridacustomgolf.com/,986 SW All American Blvd,Palm City,Florida,FL,34990,27.1572548,-80.2662454,America/New_York,4.3,Highly Rated,0,2,True,True,"https://www.google.com/maps/place/Florida+Custom+Golf/@27.1572548,-80.2662454,14z/data=!4m8!1m2!2m1!1sFlorida+Custom+Golf!3m4!1s0x88dee9068a71be7d:0x109fd7f799811520!8m2!3d27.1572548!4d-80.2662454",Club Fitting,1,True,Indoor,True,,False,OPERATIONAL,True,crawled,independent clubmaker Florida,False,Florida Custom Golf,"{""Accessibility"": {""Wheelchair accessible entrance"": true, ""Wheelchair accessible parking lot"": true}}",
Top Gun Custom GOLF,Simulator,Club Fitting,False,(754) 354-3673,https://www.topguncustomgolf.com/,918 S Powerline Rd,Pompano Beach,Florida,FL,33069,26.2186045,-80.15578529999999,America/New_York,4.6,Highly Rated,0,378,True,True,"https://www.google.com/maps/place/Top+Gun+Custom+Golf/@26.218604499999998,-80.15578529999999,14z/data=!4m8!1m2!2m1!1sTop+Gun+Custom+Golf!3m4!1s0x88d903354f10d56d:0x83cc089fcba4b99e!8m2!3d26.218604499999998!4d-80.15578529999999",Club Fitting | Club Repair | Custom Club Building | Golf Lessons | Launch Monitor | Golf Simulator | Retail / Pro Shop | Shaft & Grip Sales,8,True,Indoor,True,"{""Wednesday"": [""9:30AM-3:30PM""]}",False,OPERATIONAL,True,crawled,independent clubmaker Florida,False,Top Gun Custom Golf,"{""Accessibility"": {""Wheelchair accessible entrance"": true, ""Wheelchair accessible parking lot"": true, ""Wheelchair accessible restroom"": true}, ""Other"": {""LGBTQ+ friendly"": true}}",
Your GOLF Shop INC,Clubfitter,Club Fitting,False,(941) 626-0434,https://www.yourgolfshopfl.com/,1700 S Tamiami Trl,Port Charlotte,Florida,FL,33948,27.0098569,-82.1358012,America/New_York,4.6,Highly Rated,0,15,True,True,"https://www.google.com/maps/place/Your+Golf+Shop+Inc/@27.0098569,-82.1358012,14z/data=!4m8!1m2!2m1!1sYour+Golf+Shop+Inc!3m4!1s0x88dcabc5c692a485:0x208a31a0e2d80936!8m2!3d27.0098569!4d-82.1358012",Club Fitting | Launch Monitor | Retail / Pro Shop,3,True,Indoor,True,"{""Wednesday"": [""8AM-5PM""]}",False,OPERATIONAL,True,crawled,boutique golf shop Florida,False,Your Golf Shop Inc,"{""Accessibility"": {""Wheelchair accessible entrance"": true, ""Wheelchair accessible parking lot"": true, ""Wheelchair accessible restroom"": true, ""Wheelchair accessible seating"": true}}",
Florida GOLF Performance Center,Clubfitter,Club Fitting,False,(941) 735-0201,https://floridagolfperformancecenter.com/,7741 15th St E,Sarasota,Florida,FL,34243,27.4024353,-82.5441349,America/New_York,4.3,Highly Rated,0,0,False,False,"https://www.google.com/maps/place/FLORIDA+GOLF+PERFORMANCE+CENTER/@27.4024353,-82.5441349,14z/data=!4m8!1m2!2m1!1sFLORIDA+GOLF+PERFORMANCE+CENTER!3m4!1s0x88c33e3474aee79d:0x790bf4f3e1f89baa!8m2!3d27.4024353!4d-82.5441349",Club Fitting | Launch Monitor,2,True,Indoor,True,"{""Wednesday"": [""8AM-5PM""]}",False,OPERATIONAL,True,crawled,independent clubmaker Florida,False,FLORIDA GOLF PERFORMANCE CENTER,"{""Accessibility"": {""Wheelchair accessible entrance"": true, ""Wheelchair accessible parking lot"": true}}",
Pinecraft GOLF Shop,Retailer,Golf Retail,False,(941) 706-4396,https://www.seenray.com/,3419 Bahia Vista St,Sarasota,Florida,FL,34239,27.3229826,-82.5011699,America/New_York,4.8,Top Rated,0,30,True,True,"https://www.google.com/maps/place/Pinecraft+Golf+Shop/@27.3229826,-82.5011699,14z/data=!4m8!1m2!2m1!1sPinecraft+Golf+Shop!3m4!1s0x88c340eb6d3d2b41:0xd4ffbef8fed7a608!8m2!3d27.3229826!4d-82.5011699",Retail / Pro Shop | Club Rentals | Trade-In / Used Clubs,3,False,Indoor,True,"{""Wednesday"": [""9:30AM-4:30PM""]}",False,OPERATIONAL,True,crawled,boutique golf shop Florida,False,Pinecraft Golf Shop,"{""Accessibility"": {""Wheelchair accessible entrance"": true, ""Wheelchair accessible parking lot"": true}}",
GOLF Apparel Shop,Retailer,Golf Retail,False,(904) 914-9082,https://www.golfapparelshop.com/,2700 FL-16 Suite 605,St. Augustine,Florida,FL,32092,29.9264705,-81.41952619999999,America/New_York,4.3,Highly Rated,0,12,True,True,"https://www.google.com/maps/place/Golf+Apparel+Shop/@29.926470499999997,-81.41952619999999,14z/data=!4m8!1m2!2m1!1sGolf+Apparel+Shop!3m4!1s0x88e429ee8631595b:0xf403a7042ed1ea0!8m2!3d29.926470499999997!4d-81.41952619999999",Retail / Pro Shop,1,False,Indoor,True,"{""Wednesday"": [""10AM-8PM""]}",False,OPERATIONAL,True,crawled,boutique golf shop Florida,False,Golf Apparel Shop,"{""Accessibility"": {""Wheelchair accessible entrance"": true, ""Wheelchair accessible parking lot"": true}}",
Bob Vansweden GOLF,Clubfitter,Club Fitting,False,(727) 321-4653,https://www.bobvanswedengolf.com/,2300 26th St N,St. Petersburg,Florida,FL,33713,27.7931237,-82.66942619999999,America/New_York,5.0,Top Rated,0,69,True,True,"https://www.google.com/maps/place/Bob+VanSweden+Golf/@27.7931237,-82.66942619999999,14z/data=!4m8!1m2!2m1!1sBob+VanSweden+Golf!3m4!1s0x88c2e3c76673ece5:0xefdddd7dd2314129!8m2!3d27.7931237!4d-82.66942619999999",Club Fitting | Club Repair | Golf Lessons | Golf Simulator | Retail / Pro Shop | Shaft & Grip Sales,6,True,Indoor,True,"{""Wednesday"": [""10AM-5PM""]}",False,OPERATIONAL,True,crawled,independent clubmaker Florida,False,Bob VanSweden Golf,"{""Accessibility"": {""Assistive hearing loop"": false, ""Wheelchair accessible entrance"": false, ""Wheelchair accessible parking lot"": false, ""Wheelchair accessible restroom"": false, ""Wheelchair accessible seating"": false}}",
Jbm GOLF,Clubfitter,Club Fitting,False,(813) 546-2229,https://www.jbmgolf.com/contact-us.html,4113 Great Golfers Pl,Valrico,Florida,FL,33596,27.8773583,-82.258551,America/New_York,5.0,Top Rated,0,0,False,False,"https://www.google.com/maps/place/JBM+Golf/@27.877358299999997,-82.258551,14z/data=!4m8!1m2!2m1!1sJBM+Golf!3m4!1s0x88c2d26201da3171:0xacfb31e7fe2844f2!8m2!3d27.877358299999997!4d-82.258551",Club Fitting | Retail / Pro Shop,2,True,Indoor,True,,False,OPERATIONAL,True,crawled,independent clubmaker Florida,False,JBM Golf,"{""Accessibility"": {""Wheelchair accessible entrance"": true, ""Wheelchair accessible parking lot"": true}}",
Your GOLF Shop 2,Clubfitter,Club Fitting,False,(941) 882-4774,https://www.yourgolfshopfl.com/,2101 S Tamiami Trl,Venice,Florida,FL,34293,27.0566542,-82.4100332,America/New_York,4.6,Highly Rated,0,19,True,False,"https://www.google.com/maps/place/Your+Golf+Shop+2/@27.0566542,-82.4100332,14z/data=!4m8!1m2!2m1!1sYour+Golf+Shop+2!3m4!1s0x88c3598ca12455e1:0xcebbc240bee19a9c!8m2!3d27.0566542!4d-82.4100332",Club Fitting | Launch Monitor | Shaft & Grip Sales | Retail / Pro Shop,4,True,Indoor,True,"{""Wednesday"": [""8AM-5PM""]}",False,OPERATIONAL,True,crawled,boutique golf shop Florida,False,Your Golf Shop 2,"{""Accessibility"": {""Wheelchair accessible entrance"": true, ""Wheelchair accessible parking lot"": true}}",
229 GOLF,Clubfitter,Club Fitting,False,(229) 573-7023,https://www.229golf.com/,2401 Dawson Rd Suite P,Albany,Georgia,GA,31707,31.6078554,-84.2067891,America/New_York,5.0,Top Rated,0,6,True,True,"https://www.google.com/maps/place/229+GOLF/@31.6078554,-84.2067891,14z/data=!4m8!1m2!2m1!1s229+GOLF!3m4!1s0x88f27d7e4ca884e1:0x5ee272f91713f0a!8m2!3d31.6078554!4d-84.2067891",Club Fitting | Custom Club Building | Retail / Pro Shop,3,True,Indoor,True,"{""Wednesday"": [""10AM-1PM""]}",False,OPERATIONAL,True,crawled,custom club fitting Georgia,False,229 GOLF,"{""Accessibility"": {""Wheelchair accessible entrance"": true, ""Wheelchair accessible parking lot"": true}}",
Cupp GOLF Academy,Retailer,Golf Instruction,False,(770) 772-8174,https://www.cuppgolfacademy.com/,1 Golf Club Dr,Alpharetta,Georgia,GA,30005,34.0869184,-84.2195636,America/New_York,5.0,Top Rated,0,6,True,False,"https://www.google.com/maps/place/Cupp+Golf+Academy/@34.0869184,-84.2195636,14z/data=!4m8!1m2!2m1!1sCupp+Golf+Academy!3m4!1s0x88f5f36512e09643:0xae8431502ffc78a4!8m2!3d34.0869184!4d-84.2195636",Golf Lessons | Launch Monitor | Retail / Pro Shop,3,False,Indoor,True,"{""Wednesday"": [""9AM-5PM""]}",False,OPERATIONAL,True,crawled,custom club fitting Georgia,False,Cupp Golf Academy,"{""Accessibility"": {""Wheelchair accessible entrance"": true, ""Wheelchair accessible parking lot"": true}}",
Iron Horse GOLF Academy,Instruction,Golf Instruction,False,(470) 574-4070,https://ironhorsegolfacademy.com/,3430 GA-9,Alpharetta,Georgia,GA,30004,34.1314581,-84.2595686,America/New_York,4.5,Highly Rated,0,0,False,True,"https://www.google.com/maps/place/Iron+Horse+Golf+Academy/@34.131458099999996,-84.2595686,14z/data=!4m8!1m2!2m1!1sIron+Horse+Golf+Academy!3m4!1s0x88f59d27a75f4edd:0xb25578d3344c6f04!8m2!3d34.131458099999996!4d-84.2595686",Golf Lessons | Launch Monitor,2,False,Unknown,True,"{""Wednesday"": [""9AM-5PM""]}",False,OPERATIONAL,True,crawled,custom club fitting Georgia,False,Iron Horse Golf Academy,"{""Accessibility"": {""Wheelchair accessible entrance"": true, ""Wheelchair accessible parking lot"": true, ""Wheelchair accessible restroom"": true}}",
Trader GOLF,Clubfitter,Club Fitting,False,(770) 569-2005,https://www.tradergolf.com/,512 N Main St,Alpharetta,Georgia,GA,30004,34.0904365,-84.2939954,America/New_York,4.5,Highly Rated,0,5,True,True,"https://www.google.com/maps/place/Trader+Golf/@34.090436499999996,-84.2939954,14z/data=!4m8!1m2!2m1!1sTrader+Golf!3m4!1s0x88f575c0ff584a77:0x968bd2b49996d744!8m2!3d34.090436499999996!4d-84.2939954",Club Fitting | Club Repair | Golf Lessons | Retail / Pro Shop | Trade-In / Used Clubs,5,True,Indoor,True,"{""Wednesday"": [""10AM-6PM""]}",False,OPERATIONAL,True,crawled,boutique golf shop Georgia,False,Trader Golf,"{""Accessibility"": {""Wheelchair accessible entrance"": true, ""Wheelchair accessible parking lot"": true}}",
Gridiron GOLF Club,Simulator,Golf Simulator,False,(706) 296-8604,https://gridirongolfclub.com/,1540 S Lumpkin St Unit 1,Athens,Georgia,GA,30605,33.9413254,-83.3858118,America/New_York,5.0,Top Rated,0,13,True,True,"https://www.google.com/maps/place/Gridiron+Golf+Club/@33.9413254,-83.3858118,14z/data=!4m8!1m2!2m1!1sGridiron+Golf+Club!3m4!1s0x88f66da985f36b53:0x104c2f59c8371b3b!8m2!3d33.9413254!4d-83.3858118",Launch Monitor | Golf Simulator,2,False,Indoor,True,"{""Wednesday"": [""5AM-11PM""]}",False,OPERATIONAL,True,crawled,custom club fitting Georgia,False,Gridiron Golf Club,"{""Accessibility"": {""Wheelchair accessible entrance"": true, ""Wheelchair accessible parking lot"": true, ""Wheelchair accessible restroom"": true}}",
Bobby Jones GOLF Course,Instruction,Golf Instruction,False,(404) 355-1009,https://www.bobbyjonesgc.com/,2205 Northside Dr NW,Atlanta,Georgia,GA,30305,33.815216,-84.4065246,America/New_York,4.1,Well Reviewed,0,0,False,True,"https://www.google.com/maps/place/Bobby+Jones+Golf+Course/@33.815216,-84.4065246,14z/data=!4m8!1m2!2m1!1sBobby+Jones+Golf+Course!3m4!1s0x88f5050d25633045:0x34bdd893fe703176!8m2!3d33.815216!4d-84.4065246",Golf Lessons,1,False,Unknown,True,"{""Wednesday"": [""7:30AM-6PM""]}",False,OPERATIONAL,True,crawled,custom club fitting Georgia,False,Bobby Jones Golf Course,"{""Accessibility"": {""Wheelchair accessible entrance"": true, ""Wheelchair accessible parking lot"": true}}",
Grand Slam GOLF Academy At Bobby Jones GOLF Course,Instruction,Golf Instruction,False,(770) 415-4939,https://www.bobbyjonesgc.com/grandslamgolfacademy/,2205 Northside Dr NW,Atlanta,Georgia,GA,30305,33.8161132,-84.4071408,America/New_York,5.0,Top Rated,0,1,True,True,"https://www.google.com/maps/place/Grand+Slam+Golf+Academy+at+Bobby+Jones+Golf+Course/@33.8161132,-84.4071408,14z/data=!4m8!1m2!2m1!1sGrand+Slam+Golf+Academy+at+Bobby+Jones+Golf+Course!3m4!1s0x88f505b8aa34a2f9:0x40b01d8bd03fc8b!8m2!3d33.8161132!4d-84.4071408",Golf Lessons | Launch Monitor,2,False,Unknown,True,,False,OPERATIONAL,True,crawled,custom club fitting Georgia,False,Grand Slam Golf Academy at Bobby Jones Golf Course,"{""Accessibility"": {""Wheelchair accessible entrance"": true, ""Wheelchair accessible parking lot"": true, ""Wheelchair accessible restroom"": true}}",
PXG Atlanta,Clubfitter,Club Fitting,False,(470) 355-5592,https://www.pxg.com/pages/golf-stores/pxg-atlanta,3393 Peachtree Rd NE Ste 3029F,Atlanta,Georgia,GA,30326,33.8468734,-84.363456,America/New_York,4.8,Top Rated,0,95,True,True,"https://www.google.com/maps/place/PXG+Atlanta/@33.8468734,-84.363456,14z/data=!4m8!1m2!2m1!1sPXG+Atlanta!3m4!1s0x88f50f19a720d6f3:0xf9c3539520296d38!8m2!3d33.8468734!4d-84.363456",Club Fitting | Launch Monitor | Golf Simulator | Retail / Pro Shop,4,True,Indoor,True,"{""Wednesday"": [""10AM-6PM""]}",False,OPERATIONAL,True,crawled,custom club fitting Georgia,False,PXG Atlanta,"{""Accessibility"": {""Wheelchair accessible entrance"": true, ""Wheelchair accessible parking lot"": true}, ""Other"": {""LGBTQ+ friendly"": true, ""Identifies as veteran-owned"": true}}",
Augusta Custom Clubs And Swing Analysis,Clubfitter,Club Fitting,False,(706) 910-2614,https://www.augustacustomclubs.com/,2186 Gordon Hwy,Augusta,Georgia,GA,30909,33.447453,-82.08402079999999,America/New_York,4.8,Top Rated,20,57,True,True,"https://www.google.com/maps/place/Augusta+Custom+Clubs+and+Swing+Analysis/@33.447452999999996,-82.08402079999999,14z/data=!4m8!1m2!2m1!1sAugusta+Custom+Clubs+and+Swing+Analysis!3m4!1s0x88f9d6b193680ae1:0x46b4bbd149966682!8m2!3d33.447452999999996!4d-82.08402079999999",Club Fitting | Club Repair | Custom Club Building | Golf Lessons | Launch Monitor | Retail / Pro Shop | Shaft & Grip Sales,7,True,Indoor,True,"{""Monday"": [""9AM-6PM""], ""Tuesday"": [""9AM-6PM""], ""Wednesday"": [""9AM-6PM""], ""Thursday"": [""9AM-6PM""], ""Friday"": [""9AM-6PM""], ""Saturday"": [""9AM-12PM""], ""Sunday"": [""Closed""]}",True,OPERATIONAL,True,crawled,independent clubmaker Georgia,False,Augusta Custom Clubs and Swing Analysis,"{""From the business"": {""Identifies as veteran-owned"": true, ""Identifies as women-owned"": true}, ""Service options"": {""Onsite services"": true}, ""Accessibility"": {""Wheelchair accessible entrance"": true, ""Wheelchair accessible parking lot"": true, ""Wheelchair accessible seating"": true, ""Wheelchair accessible restroom"": false}, ""Amenities"": {""Restroom"": true}, ""Atmosphere"": {""Shower"": true}, ""Crowd"": {""LGBTQ+ friendly"": true}, ""Planning"": {""Appointment required"": true}, ""Payments"": {""Checks"": true, ""Credit cards"": true, ""Debit cards"": true}, ""Children"": {""Discounts for kids"": true, ""Family discount"": true}, ""Parking"": {""Free parking lot"": true, ""On-site parking"": true}, ""Other"": {""LGBTQ+ friendly"": true, ""Identifies as veteran-owned"": true, ""Identifies as women-owned"": true}}",
Bonaventure Discount GOLF,Retailer,Custom Club Building,False,(706) 868-6448,https://www.bonaventurediscountgolf.com/,603 NW Frontage Rd,Augusta,Georgia,GA,30907,33.4970169,-82.0865097,America/New_York,4.5,Highly Rated,0,20,True,True,"https://www.google.com/maps/place/Bonaventure+Discount+Golf/@33.4970169,-82.0865097,14z/data=!4m8!1m2!2m1!1sBonaventure+Discount+Golf!3m4!1s0x88f9d301161f81a7:0xe6ef538741edd712!8m2!3d33.4970169!4d-82.0865097",Custom Club Building | Retail / Pro Shop,2,False,Indoor,True,"{""Wednesday"": [""9AM-7PM""]}",False,OPERATIONAL,True,crawled,boutique golf shop Georgia,False,Bonaventure Discount Golf,"{""Accessibility"": {""Wheelchair accessible entrance"": true, ""Wheelchair accessible parking lot"": true}}",
Tnt Custom GOLF,Retailer,Golf Retail,False,,https://tntgolf.net/,4387 Ridge Valley Dr,Augusta,Georgia,GA,30909,33.4849357,-82.1312624,America/New_York,0.0,Unrated,0,1,True,False,"https://www.google.com/maps/place/TNT+Custom+Golf/@33.4849357,-82.1312624,14z/data=!4m8!1m2!2m1!1sTNT+Custom+Golf!3m4!1s0x88f9d47426324283:0x389e07dd31f3ad1!8m2!3d33.4849357!4d-82.1312624",,0,False,Indoor,True,"{""Wednesday"": [""11AM-7PM""]}",False,OPERATIONAL,True,crawled,custom club fitting Georgia,False,TNT Custom Golf,"{""Accessibility"": {""Wheelchair accessible entrance"": true, ""Wheelchair accessible parking lot"": true}}",unknown
Wedges And Woods,Driving Range,Club Fitting,False,(706) 854-0360,https://wedgesandwoods.com/,3731 Wrightsboro Rd,Augusta,Georgia,GA,30909,33.4723091,-82.1024551,America/New_York,4.8,Top Rated,0,166,True,True,"https://www.google.com/maps/place/Wedges+and+Woods/@33.4723091,-82.1024551,14z/data=!4m8!1m2!2m1!1sWedges+and+Woods!3m4!1s0x88f9d3c16a7c44f5:0x95b85e2bd5183737!8m2!3d33.4723091!4d-82.1024551",Club Fitting | Club Repair | Custom Club Building | Golf Lessons | Launch Monitor | Golf Simulator | Retail / Pro Shop | Shaft & Grip Sales,8,True,Indoor,True,"{""Wednesday"": [""9:30AM-7PM""]}",False,OPERATIONAL,True,crawled,custom club fitting Georgia,False,Wedges and Woods,"{""Accessibility"": {""Wheelchair accessible entrance"": true, ""Wheelchair accessible parking lot"": true, ""Wheelchair accessible restroom"": true, ""Wheelchair accessible seating"": true}}",
The Forge Club,Simulator,Golf Simulator,False,(404) 458-7573,https://theforgeclub.net/,130 Prominence Point Pkwy Suite 100,Canton,Georgia,GA,30114,34.1917567,-84.51176889999999,America/New_York,5.0,Top Rated,0,9,True,True,"https://www.google.com/maps/place/The+Forge+Club/@34.1917567,-84.51176889999999,14z/data=!4m8!1m2!2m1!1sThe+Forge+Club!3m4!1s0x88f56f93a9e525ab:0x706900f0c160f6ac!8m2!3d34.1917567!4d-84.51176889999999",Golf Simulator,1,False,Indoor,True,"{""Wednesday"": [""10AM-8PM""]}",False,OPERATIONAL,True,crawled,custom club fitting Georgia,False,The Forge Club,"{""Accessibility"": {""Wheelchair accessible parking lot"": true}}",
Golph Co.,Simulator,Club Fitting,False,(770) 687-9738,https://golphco.com/,817 Bankhead Hwy,Carrollton,Georgia,GA,30117,33.5891892,-85.0495676,America/New_York,4.9,Top Rated,0,12,True,True,"https://www.google.com/maps/place/Golph+Co./@33.5891892,-85.0495676,14z/data=!4m8!1m2!2m1!1sGolph+Co.!3m4!1s0x888b2f86a680066d:0xc0ae65ee376fa4f8!8m2!3d33.5891892!4d-85.0495676",Club Fitting | Club Repair | Custom Club Building | Golf Simulator | Retail / Pro Shop | Shaft & Grip Sales,6,True,Indoor,True,"{""Wednesday"": [""1-5PM""]}",False,OPERATIONAL,True,crawled,custom club fitting Georgia,False,Golph Co.,"{""Accessibility"": {""Wheelchair accessible entrance"": true, ""Wheelchair accessible parking lot"": true, ""Wheelchair accessible restroom"": true}}",
Atlanta GOLF & Social,Simulator,Golf Simulator,False,(470) 567-1908,https://atlantagolfandsocial.com/,5346 Peachtree Rd,Chamblee,Georgia,GA,30341,33.8909252,-84.302131,America/New_York,4.9,Top Rated,0,62,True,True,"https://www.google.com/maps/place/Atlanta+Golf+%26+Social+%7C+Chamblee/@33.8909252,-84.302131,14z/data=!4m8!1m2!2m1!1sAtlanta+Golf+%26+Social+%7C+Chamblee!3m4!1s0x88f50904b0e8f0c9:0x404c2b973505deb9!8m2!3d33.8909252!4d-84.302131",Golf Lessons | Launch Monitor | Golf Simulator | Club Rentals,4,False,Indoor,True,"{""Wednesday"": [""8AM-10PM""]}",False,OPERATIONAL,True,crawled,custom club fitting Georgia,False,Atlanta Golf & Social | Chamblee,"{""Accessibility"": {""Wheelchair accessible entrance"": true, ""Wheelchair accessible parking lot"": true, ""Wheelchair accessible restroom"": true, ""Wheelchair accessible seating"": true}}",
GOLF Gallery,Retailer,Launch Monitor Analysis,False,(706) 653-8332,https://www.golfgallery.org/,4405 Armour Rd D,Columbus,Georgia,GA,31904,32.5058407,-84.9533967,America/New_York,4.7,Top Rated,0,12,True,True,"https://www.google.com/maps/place/Golf+Gallery/@32.5058407,-84.9533967,14z/data=!4m8!1m2!2m1!1sGolf+Gallery!3m4!1s0x888ccdbb27fe9ffb:0xb8ea0b84eaf32f13!8m2!3d32.5058407!4d-84.9533967",Launch Monitor | Retail / Pro Shop,2,False,Indoor,True,"{""Wednesday"": [""10AM-5:30PM""]}",False,OPERATIONAL,True,crawled,custom club fitting Georgia,False,Golf Gallery,"{""Accessibility"": {""Wheelchair accessible entrance"": true, ""Wheelchair accessible parking lot"": true}}",
Center Stripe GOLF,Retailer,Golf Instruction,False,(470) 760-7863,https://www.centerstripegolf.com/,1250B Auburn Rd Suite 203,Dacula,Georgia,GA,30019,34.035501,-83.9094484,America/New_York,4.8,Top Rated,0,14,True,True,"https://www.google.com/maps/place/Center+Stripe+Golf+%28CSG%29/@34.035501,-83.9094484,14z/data=!4m8!1m2!2m1!1sCenter+Stripe+Golf+%28CSG%29!3m4!1s0x88f5eb06952b38db:0xce6b79c7513eac72!8m2!3d34.035501!4d-83.9094484",Golf Lessons | Launch Monitor | Retail / Pro Shop,3,False,Indoor,True,"{""Wednesday"": [""10AM-9PM""]}",False,OPERATIONAL,True,crawled,custom club fitting Georgia,False,Center Stripe Golf,"{""Accessibility"": {""Wheelchair accessible entrance"": true, ""Wheelchair accessible parking lot"": true, ""Wheelchair accessible restroom"": true}, ""Other"": {""LGBTQ+ friendly"": true, ""Identifies as veteran-owned"": true, ""Identifies as Asian-owned"": true}}",
North Georgia GOLF Academy,Instruction,Golf Instruction,False,(770) 362-7571,https://www.northgeorgiagolfacademy.com/,3123 Mill Grove Terrace,Dacula,Georgia,GA,30019,34.0494679,-83.91136159999999,America/New_York,5.0,Top Rated,0,0,False,True,"https://www.google.com/maps/place/North+Georgia+Golf+Academy/@34.049467899999996,-83.91136159999999,14z/data=!4m8!1m2!2m1!1sNorth+Georgia+Golf+Academy!3m4!1s0x88f5eb9f3b24f2af:0x68d4a3382bbe2ad5!8m2!3d34.049467899999996!4d-83.91136159999999",Golf Lessons | Launch Monitor,2,False,Unknown,True,"{""Wednesday"": [""9AM-5PM""]}",False,OPERATIONAL,True,crawled,custom club fitting Georgia,False,North Georgia Golf Academy,"{""Accessibility"": {""Wheelchair accessible entrance"": true, ""Wheelchair accessible parking lot"": true, ""Wheelchair accessible restroom"": true}}",
Elite Fit GOLF,Clubfitter,Club Fitting,False,(404) 225-2511,https://elitefitgolf.com/,1458 Church St Suite F,Decatur,Georgia,GA,30030,33.7909289,-84.2880412,America/New_York,4.9,Top Rated,38,4,True,True,"https://www.google.com/maps/place/Elite+Fit+Golf/@33.7909289,-84.2880412,14z/data=!4m8!1m2!2m1!1sElite+Fit+Golf!3m4!1s0x88f507820e2903ff:0x2eeee9bd1c99ad9e!8m2!3d33.7909289!4d-84.2880412",Club Fitting | Club Repair | Custom Club Building | Retail / Pro Shop | Shaft & Grip Sales,5,True,Indoor,True,"{""Monday"": [""Closed""], ""Tuesday"": [""10AM-4PM""], ""Wednesday"": [""10AM-4PM""], ""Thursday"": [""10AM-4PM""], ""Friday"": [""10AM-4PM""], ""Saturday"": [""10AM-3PM""], ""Sunday"": [""Closed""]}",True,OPERATIONAL,True,crawled,independent clubmaker Georgia,False,Elite Fit Golf,"{""From the business"": {""Small business"": true}, ""Service options"": {""Onsite services"": true}, ""Accessibility"": {""Wheelchair accessible entrance"": true, ""Wheelchair accessible parking lot"": true}, ""Payments"": {""Credit cards"": true, ""Debit cards"": true, ""NFC mobile payments"": true}}",
Energy First GOLF Academy,Retailer,Golf Instruction,False,(678) 381-6346,https://www.efilgolf.com/,7755 St Marlo Country Club Pkwy,Duluth,Georgia,GA,30097,34.0674,-84.1410016,America/New_York,5.0,Top Rated,0,83,True,True,"https://www.google.com/maps/place/Energy+First+Golf+Academy/@34.0674,-84.1410016,14z/data=!4m8!1m2!2m1!1sEnergy+First+Golf+Academy!3m4!1s0x88f599e65e673443:0x59f2e76aa6094671!8m2!3d34.0674!4d-84.1410016",Golf Lessons | Launch Monitor | Retail / Pro Shop,3,False,Indoor,True,"{""Wednesday"": [""9AM-7:30PM""]}",False,OPERATIONAL,True,crawled,custom club fitting Georgia,False,Energy First Golf Academy,"{""Accessibility"": {""Wheelchair accessible entrance"": true, ""Wheelchair accessible parking lot"": true, ""Wheelchair accessible restroom"": true}, ""Other"": {""Identifies as Asian-owned"": true}}",
A To Z GOLF Coaching & Fitting Center,Clubfitter,Club Fitting,False,(770) 477-2099,https://atozgolfpro.com/,100 Crystal Lake Blvd,Hampton,Georgia,GA,30228,33.457618,-84.24985889999999,America/New_York,4.9,Top Rated,61,97,True,True,"https://www.google.com/maps/place/A+to+Z+GOLF+Coaching+%26+Fitting+Center/@33.457618,-84.24985889999999,14z/data=!4m8!1m2!2m1!1sA+to+Z+GOLF+Coaching+%26+Fitting+Center!3m4!1s0x88f4fa1e53672a0b:0x1f78285f38e692a2!8m2!3d33.457618!4d-84.24985889999999",,0,True,Indoor,True,"{""Monday"": [""Closed""], ""Tuesday"": [""10AM-5PM""], ""Wednesday"": [""10AM-5PM""], ""Thursday"": [""Closed""], ""Friday"": [""10AM-5PM""], ""Saturday"": [""10AM-5PM""], ""Sunday"": [""Closed""]}",True,OPERATIONAL,True,crawled,independent clubmaker Georgia,False,A to Z GOLF Coaching & Fitting Center,"{""From the business"": {""Small business"": true}, ""Service options"": {""Onsite services"": true, ""Delivery"": false}, ""Accessibility"": {""Wheelchair accessible entrance"": true, ""Wheelchair accessible parking lot"": true}, ""Payments"": {""Credit cards"": true, ""Debit cards"": true, ""NFC mobile payments"": true}}",unknown
Mizuno Foundry,Clubfitter,Club Fitting,False,(770) 453-7800,https://www.mizunofoundry.com/,6210 Abbotts Bridge Rd,Johns Creek,Georgia,GA,30097,34.0576048,-84.1780557,America/New_York,4.2,Well Reviewed,0,20,True,True,"https://www.google.com/maps/place/Mizuno+Foundry/@34.0576048,-84.1780557,14z/data=!4m8!1m2!2m1!1sMizuno+Foundry!3m4!1s0x88f599236713ed33:0x5b64d5bd7b2e996!8m2!3d34.0576048!4d-84.1780557",Club Fitting | Custom Club Building | Golf Lessons | Retail / Pro Shop | Shaft & Grip Sales,5,True,Indoor,True,"{""Wednesday"": [""9AM-5PM""]}",False,OPERATIONAL,True,crawled,custom club fitting Georgia,False,Mizuno Foundry,"{""Accessibility"": {""Wheelchair accessible entrance"": true, ""Wheelchair accessible parking lot"": true}}",
Summit GOLF Training,Instruction,Golf Instruction,False,(770) 299-3005,https://www.summitgolftraining.com/,3400 McCollum Pkwy NW,Kennesaw,Georgia,GA,30144,34.0374521,-84.5930369,America/New_York,5.0,Top Rated,0,9,True,True,"https://www.google.com/maps/place/Summit+Golf+Training/@34.037452099999996,-84.5930369,14z/data=!4m8!1m2!2m1!1sSummit+Golf+Training!3m4!1s0x88f56ab255155555:0x59aa27bf7d141ee3!8m2!3d34.037452099999996!4d-84.5930369",Golf Lessons,1,False,Unknown,True,"{""Wednesday"": [""10AM-7PM""]}",False,OPERATIONAL,True,crawled,custom club fitting Georgia,False,Summit Golf Training,"{""Accessibility"": {""Wheelchair accessible entrance"": true, ""Wheelchair accessible parking lot"": true, ""Wheelchair accessible restroom"": true}}",
City Club Marietta,Retailer,Golf Retail,False,(770) 528-4653,https://www.cityclubmarietta.com/,510 Powder Springs St,Marietta,Georgia,GA,30064,33.9420381,-84.5538152,America/New_York,3.9,Well Reviewed,0,0,False,True,"https://www.google.com/maps/place/City+Club+Marietta/@33.9420381,-84.5538152,14z/data=!4m8!1m2!2m1!1sCity+Club+Marietta!3m4!1s0x88f5168187127657:0x2f02dd9a4aa13ab9!8m2!3d33.9420381!4d-84.5538152",Retail / Pro Shop,1,False,Indoor,True,"{""Wednesday"": [""7AM-5PM""]}",False,OPERATIONAL,True,crawled,custom club fitting Georgia,False,City Club Marietta,"{""Accessibility"": {""Wheelchair accessible entrance"": true, ""Wheelchair accessible parking lot"": true, ""Wheelchair accessible restroom"": true}}",
Peach State GOLF,Retailer,Golf Retail,False,(678) 272-0644,https://peachstategolf.com/,1541 GA-20 Suite 130,Mcdonough,Georgia,GA,30253,33.4201194,-84.186449,America/New_York,4.6,Highly Rated,0,11,True,True,"https://www.google.com/maps/place/Peach+State+Golf/@33.4201194,-84.186449,14z/data=!4m8!1m2!2m1!1sPeach+State+Golf!3m4!1s0x88f4593a6f990485:0xb7794554975dc615!8m2!3d33.4201194!4d-84.186449",Retail / Pro Shop,1,False,Indoor,True,"{""Wednesday"": [""9:30AM-6PM""]}",False,OPERATIONAL,True,crawled,custom club fitting Georgia,False,Peach State Golf,"{""Accessibility"": {""Wheelchair accessible entrance"": true, ""Wheelchair accessible parking lot"": true}}",
"365 GOLF - Learn, Enjoy & Play",Simulator,Golf Simulator,False,(404) 620-2945,https://365.golf/,611 Hwy 74 S #300,Peachtree City,Georgia,GA,30269,33.3671299,-84.567242,America/New_York,5.0,Top Rated,0,19,True,True,"https://www.google.com/maps/place/365+Golf+-+Learn%2C+Enjoy+%26+Play/@33.3671299,-84.567242,14z/data=!4m8!1m2!2m1!1s365+Golf+-+Learn%2C+Enjoy+%26+Play!3m4!1s0x88f4eb2d92dd3cef:0xf0a439cfd4649c7f!8m2!3d33.3671299!4d-84.567242",Golf Lessons | Launch Monitor | Golf Simulator,3,False,Indoor,True,"{""Wednesday"": [""11AM-9PM""]}",False,OPERATIONAL,True,crawled,custom club fitting Georgia,False,"365 Golf - Learn, Enjoy & Play","{""Accessibility"": {""Wheelchair accessible parking lot"": true, ""Wheelchair accessible restroom"": true, ""Wheelchair accessible entrance"": false}}",
Georgia GOLF Center,Driving Range,Club Fitting,False,(770) 992-4233,https://www.georgiagolfcenter.com/,345 Cox Rd,Roswell,Georgia,GA,30075,34.0950467,-84.3712603,America/New_York,4.5,Highly Rated,0,78,True,True,"https://www.google.com/maps/place/Georgia+Golf+Center/@34.0950467,-84.3712603,14z/data=!4m8!1m2!2m1!1sGeorgia+Golf+Center!3m4!1s0x88f573ebb86875c3:0xbaf60a9c49d5c6d9!8m2!3d34.0950467!4d-84.3712603",Club Fitting | Golf Lessons | Launch Monitor | Retail / Pro Shop,4,True,Outdoor,True,"{""Wednesday"": [""9AM-7PM""]}",False,OPERATIONAL,True,crawled,custom club fitting Georgia,False,Georgia Golf Center,"{""Accessibility"": {""Wheelchair accessible entrance"": true, ""Wheelchair accessible parking lot"": true}}",
GOLF Performance Center At The Landings GOLF & Athletic Club,Driving Range,Club Fitting,False,(912) 598-5586,https://thelandings.com/golf-and-athletic-club/golf/golf-performance-center,25 Deer Creek Dr,Savannah,Georgia,GA,31411,31.9614023,-81.04100559999999,America/New_York,5.0,Top Rated,0,5,True,True,"https://www.google.com/maps/place/Golf+Performance+Center+at+The+Landings+Golf+%26+Athletic+Club/@31.9614023,-81.04100559999999,14z/data=!4m8!1m2!2m1!1sGolf+Performance+Center+at+The+Landings+Golf+%26+Athletic+Club!3m4!1s0x88fb772daf54bfcd:0xa58c00c10acbead4!8m2!3d31.9614023!4d-81.04100559999999",Club Fitting | Club Repair | Golf Lessons,3,True,Outdoor,True,"{""Wednesday"": [""8:30AM-5PM""]}",False,OPERATIONAL,True,crawled,custom club fitting Georgia,False,Golf Performance Center at The Landings Golf & Athletic Club,"{""Accessibility"": {""Wheelchair accessible entrance"": true, ""Wheelchair accessible parking lot"": true, ""Wheelchair accessible restroom"": true}}",
Savannah Indoor GOLF Club,Simulator,Club Fitting,False,(912) 655-9119,https://savannahindoorgolfclub.com/,1100 Eisenhower Dr # 19,Savannah,Georgia,GA,31406,32.006862,-81.0987052,America/New_York,5.0,Top Rated,0,15,True,True,"https://www.google.com/maps/place/Savannah+Indoor+Golf+Club/@32.006862,-81.0987052,14z/data=!4m8!1m2!2m1!1sSavannah+Indoor+Golf+Club!3m4!1s0x88fb9f48bf933417:0xd8e7630654bfe66!8m2!3d32.006862!4d-81.0987052",Club Fitting | Club Repair | Launch Monitor | Golf Simulator | Retail / Pro Shop,5,True,Indoor,True,"{""Wednesday"": [""Open 24 hours""]}",False,OPERATIONAL,True,crawled,custom club fitting Georgia,False,Savannah Indoor Golf Club,"{""Accessibility"": {""Wheelchair accessible entrance"": true, ""Wheelchair accessible parking lot"": true, ""Wheelchair accessible restroom"": true}}",
Usher GOLF,Clubfitter,Club Fitting,False,(912) 303-9650,https://www.chipandputt.com/,815 E 69th St,Savannah,Georgia,GA,31405,32.0274088,-81.0952302,America/New_York,5.0,Top Rated,0,10,True,True,"https://www.google.com/maps/place/Usher+Golf/@32.027408799999996,-81.0952302,14z/data=!4m8!1m2!2m1!1sUsher+Golf!3m4!1s0x88fb75ecee69286d:0x4caa11b6bd0422cc!8m2!3d32.027408799999996!4d-81.0952302",Club Fitting | Club Repair | Custom Club Building | Retail / Pro Shop,4,True,Indoor,True,"{""Wednesday"": [""7:30AM-3PM""]}",False,OPERATIONAL,True,recrawled,custom club fitting Georgia,False,Usher Golf,"{""Accessibility"": {""Wheelchair accessible entrance"": true, ""Wheelchair accessible parking lot"": true}}",
GOLF Warehouse Atlanta,Golf Course / Pro Shop,Club Fitting,False,(770) 435-1934,https://www.golfwarehouseatlanta.com/,2697 Spring Rd SE,Smyrna,Georgia,GA,30080,33.8844604,-84.4751739,America/New_York,4.3,Highly Rated,0,61,True,True,"https://www.google.com/maps/place/Golf+Warehouse+Atlanta/@33.8844604,-84.4751739,14z/data=!4m8!1m2!2m1!1sGolf+Warehouse+Atlanta!3m4!1s0x88f5105a023d6e97:0xfce5119efddb88ad!8m2!3d33.8844604!4d-84.4751739",Club Fitting | Club Repair | Retail / Pro Shop | Shaft & Grip Sales,4,True,Outdoor,True,"{""Wednesday"": [""10AM-5PM""]}",False,OPERATIONAL,True,crawled,custom club fitting Georgia,False,Golf Warehouse Atlanta,"{""Accessibility"": {""Wheelchair accessible entrance"": true, ""Wheelchair accessible parking lot"": true}}",
Hole In One GOLF Apparel,Retailer,Golf Retail,False,(917) 254-7675,https://www.holeinonegolfapparel.store/,3613 Galdway Dr,Snellville,Georgia,GA,30039,33.8129161,-84.0200842,America/New_York,0.0,Unrated,0,1,True,False,"https://www.google.com/maps/place/Hole+In+One+Golf+Apparel/@33.812916099999995,-84.0200842,14z/data=!4m8!1m2!2m1!1sHole+In+One+Golf+Apparel!3m4!1s0x88f5b1b0414ec897:0xc25ad07685b5a126!8m2!3d33.812916099999995!4d-84.0200842",Retail / Pro Shop,1,False,Indoor,True,,False,OPERATIONAL,True,crawled,boutique golf shop Georgia,False,Hole In One Golf Apparel,"{""Accessibility"": {""Wheelchair accessible entrance"": true, ""Wheelchair accessible parking lot"": true}}",
Sea Island GOLF Performance Center,Golf Course / Pro Shop,Club Fitting,False,(877) 847-1810,https://www.seaisland.com/performance-center/,100 Retreat Rd,St Simons Island,Georgia,GA,31522,31.1399326,-81.40854639999999,America/New_York,4.6,Highly Rated,0,55,True,True,"https://www.google.com/maps/place/Sea+Island+Golf+Performance+Center/@31.139932599999998,-81.40854639999999,14z/data=!4m8!1m2!2m1!1sSea+Island+Golf+Performance+Center!3m4!1s0x88e4da14b72c86a1:0xa717e96812655292!8m2!3d31.139932599999998!4d-81.40854639999999",Club Fitting | Golf Lessons | Retail / Pro Shop,3,True,Outdoor,True,"{""Wednesday"": [""8AM-6PM""]}",False,OPERATIONAL,True,crawled,custom club fitting Georgia,False,Sea Island Golf Performance Center,"{""Accessibility"": {""Wheelchair accessible entrance"": true, ""Wheelchair accessible parking lot"": true, ""Wheelchair accessible restroom"": true}}",
Bubba GOLF,Clubfitter,Club Fitting,False,(912) 225-3962,https://www.bubbagolf.com/,21 Gordon St,Statesboro,Georgia,GA,30458,32.4504141,-81.7744696,America/New_York,4.9,Top Rated,0,8,True,True,"https://www.google.com/maps/place/Bubba+Golf/@32.450414099999996,-81.7744696,14z/data=!4m8!1m2!2m1!1sBubba+Golf!3m4!1s0x88fa47ea2091ba29:0x70c38e76c46b6278!8m2!3d32.450414099999996!4d-81.7744696",Club Fitting | Club Repair | Launch Monitor | Retail / Pro Shop | Shaft & Grip Sales,5,True,Indoor,True,"{""Wednesday"": [""9AM-6PM""]}",False,OPERATIONAL,True,crawled,custom club fitting Georgia,False,Bubba Golf,"{""Accessibility"": {""Wheelchair accessible entrance"": true, ""Wheelchair accessible parking lot"": true, ""Wheelchair accessible restroom"": true, ""Wheelchair accessible seating"": false}}",
Bill Baraban's Academy Foregolf,Clubfitter,Club Fitting,False,(470) 589-1230,https://www.barabansacademyforegolf.com/,3690 Burnette Park Dr A,Suwanee,Georgia,GA,30024,34.0392646,-84.07957449999999,America/New_York,4.9,Top Rated,0,8,True,True,"https://www.google.com/maps/place/Bill+Baraban%27s+Academy+ForeGolf/@34.039264599999996,-84.07957449999999,14z/data=!4m8!1m2!2m1!1sBill+Baraban%27s+Academy+ForeGolf!3m4!1s0x88f5991a50d85081:0xbea82995a8656d37!8m2!3d34.039264599999996!4d-84.07957449999999",Club Fitting | Club Repair | Golf Lessons | Launch Monitor | Retail / Pro Shop | Shaft & Grip Sales,6,True,Indoor,True,"{""Wednesday"": [""10AM-6PM""]}",False,OPERATIONAL,True,crawled,custom club fitting Georgia,False,Bill Baraban's Academy ForeGolf,"{""Accessibility"": {""Wheelchair accessible entrance"": true, ""Wheelchair accessible parking lot"": true, ""Wheelchair accessible restroom"": true}}",
West Georgia GOLF Company LLC,Clubfitter,Club Fitting,False,(770) 574-2985,https://www.westgeorgiagolfcompany.com/,24 Steadman Rd,Tallapoosa,Georgia,GA,30176,33.7659531,-85.2959145,America/New_York,4.7,Top Rated,0,39,True,True,"https://www.google.com/maps/place/West+Georgia+Golf+Company+LLC/@33.7659531,-85.2959145,14z/data=!4m8!1m2!2m1!1sWest+Georgia+Golf+Company+LLC!3m4!1s0x888ae6eb3f2fea23:0xf4767b35dfbf997!8m2!3d33.7659531!4d-85.2959145",Club Fitting | Club Repair | Golf Simulator | Shaft & Grip Sales | Retail / Pro Shop | Trade-In / Used Clubs,6,True,Indoor,True,"{""Wednesday"": [""10AM-5PM""]}",False,OPERATIONAL,True,recrawled,custom club fitting Georgia,False,West Georgia Golf Company LLC,"{""Accessibility"": {""Wheelchair accessible entrance"": true, ""Wheelchair accessible parking lot"": true}}",
P 45 Knuckle Down GOLF,Clubfitter,Club Fitting,False,(478) 230-3324,https://www.p45knuckledowngolf.com/,3035 Watson Blvd,Warner Robins,Georgia,GA,31093,32.6160619,-83.6927185,America/New_York,5.0,Top Rated,0,1,True,True,"https://www.google.com/maps/place/P+45+Knuckle+Down+Golf/@32.6160619,-83.6927185,14z/data=!4m8!1m2!2m1!1sP+45+Knuckle+Down+Golf!3m4!1s0x88f3e723257b9b73:0x107bc84183e3f21f!8m2!3d32.6160619!4d-83.6927185",Club Fitting | Golf Lessons | Retail / Pro Shop,3,True,Indoor,True,"{""Wednesday"": [""6AM-9PM""]}",False,OPERATIONAL,True,crawled,custom club fitting Georgia,False,P 45 Knuckle Down Golf,"{""Accessibility"": {""Wheelchair accessible entrance"": true, ""Wheelchair accessible parking lot"": true}}",
The GOLF Improvement Center,Clubfitter,Club Fitting,False,(478) 328-7888,https://thegolfimprovementcenter.club/,500 Russell Pkwy # D,Warner Robins,Georgia,GA,31088,32.5943372,-83.6310707,America/New_York,4.8,Top Rated,63,26,True,True,"https://www.google.com/maps/place/The+Golf+Improvement+Center/@32.5943372,-83.6310707,14z/data=!4m8!1m2!2m1!1sThe+Golf+Improvement+Center!3m4!1s0x88f3e056e89f8a0b:0xff34af186434490c!8m2!3d32.5943372!4d-83.6310707",Club Fitting | Club Repair | Custom Club Building | Retail / Pro Shop,4,True,Indoor,True,"{""Monday"": [""9AM-6PM""], ""Tuesday"": [""9AM-6PM""], ""Wednesday"": [""9AM-6PM""], ""Thursday"": [""9AM-6PM""], ""Friday"": [""9AM-6PM""], ""Saturday"": [""9AM-1PM""], ""Sunday"": [""Closed""]}",True,OPERATIONAL,True,crawled,independent clubmaker Georgia,False,The Golf Improvement Center,"{""From the business"": {""Small business"": true}, ""Service options"": {""Onsite services"": true, ""Delivery"": false}, ""Accessibility"": {""Wheelchair accessible entrance"": true, ""Wheelchair accessible parking lot"": true}, ""Planning"": {""Quick visit"": true}, ""Payments"": {""Credit cards"": true, ""Debit cards"": true, ""NFC mobile payments"": true}}",
Asao GOLF,Retailer,Club Repair,False,(808) 487-1217,https://asaogolf.com/,98-330 Kaʻahele St,Aiea,Hawaii,HI,96701,21.3923894,-157.9488465,Pacific/Honolulu,5.0,Top Rated,0,1,True,False,"https://www.google.com/maps/place/Asao+Golf/@21.3923894,-157.9488465,14z/data=!4m8!1m2!2m1!1sAsao+Golf!3m4!1s0x7c006f55a23d2905:0xf4c3ad92775242e7!8m2!3d21.3923894!4d-157.9488465",Club Repair | Retail / Pro Shop,2,False,Indoor,True,"{""Wednesday"": [""9AM-6PM""]}",False,OPERATIONAL,True,crawled,independent clubmaker Hawaii,False,Asao Golf,"{""Accessibility"": {""Wheelchair accessible entrance"": true, ""Wheelchair accessible parking lot"": true}}",
Regrip GOLF Shop,Retailer,Shaft & Grip,False,(808) 864-0177,https://fujikuragolf.com/store/regrip-golf-shop,99-185 Moanalua Rd,Aiea,Hawaii,HI,96701,21.3789596,-157.9311713,Pacific/Honolulu,5.0,Top Rated,0,34,True,True,"https://www.google.com/maps/place/Regrip+Golf+Shop/@21.378959599999998,-157.9311713,14z/data=!4m8!1m2!2m1!1sRegrip+Golf+Shop!3m4!1s0x7c006f1af680269b:0x40fccc049558197a!8m2!3d21.378959599999998!4d-157.9311713",Shaft & Grip Sales,1,False,Indoor,True,"{""Wednesday"": [""9AM-5PM""]}",False,OPERATIONAL,True,crawled,independent clubmaker Hawaii,False,Regrip Golf Shop,"{""Accessibility"": {""Wheelchair accessible entrance"": true, ""Wheelchair accessible parking lot"": true}}",
Hawaii GOLF Club Repair,Golf Course / Pro Shop,Club Fitting,False,(808) 425-5128,https://hawaiigolfclubrepair.com/,820 W Hind Dr 102 B,Honolulu,Hawaii,HI,96821,21.2790249,-157.7544433,Pacific/Honolulu,4.7,Top Rated,0,143,True,True,"https://www.google.com/maps/place/Hawaii+Golf+Club+Repair/@21.2790249,-157.7544433,14z/data=!4m8!1m2!2m1!1sHawaii+Golf+Club+Repair!3m4!1s0x7c0073c99f0c9973:0xa3495cf91ab3152d!8m2!3d21.2790249!4d-157.7544433",Club Fitting | Club Repair | Custom Club Building | Retail / Pro Shop | Shaft & Grip Sales,5,True,Outdoor,True,"{""Wednesday"": [""9AM-9PM""]}",False,OPERATIONAL,True,crawled,independent clubmaker Hawaii,False,Hawaii Golf Club Repair,"{""Accessibility"": {""Wheelchair accessible entrance"": true, ""Wheelchair accessible parking lot"": true}}",
Hawaii GOLF Sim,Simulator,Club Fitting,False,(800) 853-0014,https://hawaiigolfsim.com/,117 ʻŌhua Ave,Honolulu,Hawaii,HI,96815,21.2731474,-157.8229556,Pacific/Honolulu,5.0,Top Rated,0,141,True,True,"https://www.google.com/maps/place/Hawaii+Golf+Sim/@21.2731474,-157.8229556,14z/data=!4m8!1m2!2m1!1sHawaii+Golf+Sim!3m4!1s0x7c007357463db5d3:0x4425d060960d87f1!8m2!3d21.2731474!4d-157.8229556",Club Fitting | Golf Lessons | Golf Simulator | Club Rentals | Retail / Pro Shop,5,True,Indoor,True,"{""Wednesday"": [""10AM-7PM""]}",False,OPERATIONAL,True,crawled,independent clubmaker Hawaii,False,Hawaii Golf Sim,"{""Accessibility"": {""Wheelchair accessible entrance"": true, ""Wheelchair accessible parking lot"": true, ""Wheelchair accessible restroom"": true}}",
Land & Sea GOLF,Retailer,Golf Retail,False,(808) 369-6230,https://landandseagolf.com/,1170 Auahi St Ste 120,Honolulu,Hawaii,HI,96814,21.2930226,-157.8507635,Pacific/Honolulu,4.9,Top Rated,0,55,True,True,"https://www.google.com/maps/place/Land+%26+Sea+Golf/@21.2930226,-157.8507635,14z/data=!4m8!1m2!2m1!1sLand+%26+Sea+Golf!3m4!1s0x7c006de45b4aeef7:0x370a525849bb5f19!8m2!3d21.2930226!4d-157.8507635",Retail / Pro Shop,1,False,Indoor,True,"{""Wednesday"": [""11AM-6PM""]}",False,OPERATIONAL,True,crawled,independent clubmaker Hawaii,False,Land & Sea Golf,"{""Accessibility"": {""Wheelchair accessible entrance"": true, ""Wheelchair accessible parking lot"": true}}",
Ohana GOLF Shop Hawaii,Retailer,Golf Retail,False,(808) 200-7050,https://www.instagram.com/ohanagolfhawaii,333 Seaside Ave #110,Honolulu,Hawaii,HI,96815,21.279377,-157.8277639,Pacific/Honolulu,4.1,Well Reviewed,0,348,True,True,"https://www.google.com/maps/place/OHANA+GOLF+SHOP+HAWAII/@21.279377,-157.82776389999998,14z/data=!4m8!1m2!2m1!1sOHANA+GOLF+SHOP+HAWAII!3m4!1s0x7c006df4b61d85fd:0xde32437f5c47cef9!8m2!3d21.279377!4d-157.82776389999998",,0,False,Indoor,True,"{""Wednesday"": [""10AM-8:30PM""]}",False,OPERATIONAL,True,crawled,independent clubmaker Hawaii,False,OHANA GOLF SHOP HAWAII,"{""Accessibility"": {""Wheelchair accessible entrance"": true, ""Wheelchair accessible parking lot"": true, ""Wheelchair accessible restroom"": true, ""Wheelchair accessible seating"": true}}",unknown
Proam GOLF Shop,Golf Course / Pro Shop,Club Fitting,False,(808) 596-2911,https://proamgolfhawaii.com/,1159 Kapiolani Blvd,Honolulu,Hawaii,HI,96814,21.2956165,-157.8489777,Pacific/Honolulu,4.2,Well Reviewed,0,59,True,True,"https://www.google.com/maps/place/ProAm+Golf+Shop/@21.295616499999998,-157.8489777,14z/data=!4m8!1m2!2m1!1sProAm+Golf+Shop!3m4!1s0x7c006de4e8aab693:0x8484637b42eddf01!8m2!3d21.295616499999998!4d-157.8489777",Club Fitting | Club Repair | Golf Lessons | Retail / Pro Shop | Shaft & Grip Sales,5,True,Outdoor,True,"{""Wednesday"": [""9AM-6PM""]}",False,OPERATIONAL,True,crawled,independent clubmaker Hawaii,False,ProAm Golf Shop,"{""Accessibility"": {""Wheelchair accessible entrance"": true, ""Wheelchair accessible parking lot"": true, ""Wheelchair accessible restroom"": true}}",
Roger Dunn GOLF Hawaii,Retailer,Golf Retail,False,(808) 942-7741,https://www.rdgolfhi.com/ala-moana,1555 Kapiolani Blvd Ste 1505,Honolulu,Hawaii,HI,96814,21.2920981,-157.8407225,Pacific/Honolulu,4.2,Well Reviewed,0,179,True,True,"https://www.google.com/maps/place/Roger+Dunn+Golf+Hawaii/@21.2920981,-157.8407225,14z/data=!4m8!1m2!2m1!1sRoger+Dunn+Golf+Hawaii!3m4!1s0x7c006dee28412bdd:0x3f17e702e4d116fd!8m2!3d21.2920981!4d-157.8407225",,0,False,Indoor,True,"{""Wednesday"": [""9AM-8PM""]}",False,OPERATIONAL,True,crawled,independent clubmaker Hawaii,False,Roger Dunn Golf Hawaii,"{""Accessibility"": {""Wheelchair accessible entrance"": true, ""Wheelchair accessible parking lot"": true}}",failed
Royal Hawaiian GOLF Shop,Retailer,Golf Retail,False,(808) 924-0144,https://www.instagram.com/royalhawaiian_golf/,2201 Kalākaua Ave Suite A-302,Honolulu,Hawaii,HI,96815,21.2794591,-157.8300273,Pacific/Honolulu,4.8,Top Rated,0,83,True,True,"https://www.google.com/maps/place/ROYAL+HAWAIIAN+GOLF+SHOP/@21.2794591,-157.83002729999998,14z/data=!4m8!1m2!2m1!1sROYAL+HAWAIIAN+GOLF+SHOP!3m4!1s0x7c00737395da81b5:0x4b1011fa01f79531!8m2!3d21.2794591!4d-157.83002729999998",,0,False,Indoor,True,"{""Wednesday"": [""10AM-9PM""]}",False,OPERATIONAL,True,crawled,independent clubmaker Hawaii,False,ROYAL HAWAIIAN GOLF SHOP,"{""Accessibility"": {""Wheelchair accessible entrance"": true, ""Wheelchair accessible parking lot"": true}}",failed
The Clubhouse Hawaii,Simulator,Club Fitting,False,(808) 425-5128,https://clubhousehawai.com/,820 W Hind Dr unit 102,Honolulu,Hawaii,HI,96821,21.2790249,-157.7544433,Pacific/Honolulu,4.9,Top Rated,0,343,True,True,"https://www.google.com/maps/place/The+Clubhouse+Hawaii/@21.2790249,-157.7544433,14z/data=!4m8!1m2!2m1!1sThe+Clubhouse+Hawaii!3m4!1s0x7c00132c98214dd7:0x7021feed9485bb07!8m2!3d21.2790249!4d-157.7544433",Club Fitting | Club Repair | Custom Club Building | Golf Lessons | Launch Monitor | Golf Simulator | Retail / Pro Shop | Shaft & Grip Sales,8,True,Indoor,True,"{""Wednesday"": [""9AM-9PM""]}",False,OPERATIONAL,True,crawled,independent clubmaker Hawaii,False,The Clubhouse Hawaii,"{""Accessibility"": {""Wheelchair accessible entrance"": true, ""Wheelchair accessible parking lot"": true, ""Assistive hearing loop"": false, ""Wheelchair accessible restroom"": false, ""Wheelchair accessible seating"": false}, ""Other"": {""LGBTQ+ friendly"": true}}",
Big Island GOLF Shop,Simulator,Club Fitting,False,(808) 657-4801,https://www.bigislandgolfshop.com/,73-5613 Olowalu St,Kailua-kona,Hawaii,HI,96740,19.6919805,-156.0173235,Pacific/Honolulu,5.0,Top Rated,0,7,True,True,"https://www.google.com/maps/place/Big+Island+Golf+Shop/@19.6919805,-156.0173235,14z/data=!4m8!1m2!2m1!1sBig+Island+Golf+Shop!3m4!1s0x79540ef8b43f01d5:0xadb132cd466e286e!8m2!3d19.6919805!4d-156.0173235",Club Fitting | Golf Lessons | Club Rentals | Retail / Pro Shop,4,True,Indoor,True,"{""Wednesday"": [""9AM-6PM""]}",False,OPERATIONAL,True,crawled,custom club fitting Hawaii,False,Big Island Golf Shop,"{""Accessibility"": {""Wheelchair accessible entrance"": true, ""Wheelchair accessible parking lot"": true}}",
Just Putterin' Around GOLF,Retailer,Golf Retail,False,(808) 740-4653,https://www.justputterinaround.com/,74-5565 Luhia St,Kailua-kona,Hawaii,HI,96740,19.6487673,-156.0001114,Pacific/Honolulu,4.8,Top Rated,0,21,True,True,"https://www.google.com/maps/place/Just+Putterin%27+Around+Golf/@19.6487673,-156.00011139999998,14z/data=!4m8!1m2!2m1!1sJust+Putterin%27+Around+Golf!3m4!1s0x79540f537eb30c39:0x96c69f4e24068dcf!8m2!3d19.6487673!4d-156.00011139999998",Retail / Pro Shop | Trade-In / Used Clubs,2,False,Indoor,True,"{""Wednesday"": [""9AM-5PM""]}",False,OPERATIONAL,True,crawled,boutique golf shop Hawaii,False,Just Putterin' Around Golf,"{""Accessibility"": {""Wheelchair accessible entrance"": true, ""Wheelchair accessible parking lot"": true}}",
Wailua GOLF Shop,Retailer,Golf Retail,False,(808) 241-4111,https://www.kauai.gov/Government/Departments-Agencies/Parks/Golf,3-5350 Kuhio Hwy,Kapaʻa,Hawaii,HI,96746,22.0250875,-159.3414243,Pacific/Honolulu,4.5,Highly Rated,0,41,True,False,"https://www.google.com/maps/place/Wailua+Golf+Shop/@22.025087499999998,-159.3414243,14z/data=!4m8!1m2!2m1!1sWailua+Golf+Shop!3m4!1s0x7c06e11dce1a865b:0x5c179817a77c67b9!8m2!3d22.025087499999998!4d-159.3414243",Retail / Pro Shop | Club Rentals,2,False,Indoor,True,"{""Wednesday"": [""6AM-5PM""]}",False,OPERATIONAL,True,crawled,boutique golf shop Hawaii,False,Wailua Golf Shop,"{""Accessibility"": {""Wheelchair accessible entrance"": true, ""Wheelchair accessible parking lot"": true}}",
Roger Dunn GOLF Hawaii,Retailer,Launch Monitor Analysis,False,(808) 755-1527,https://www.rdgolfhi.com/,3-3178 Kuhio Hwy d4,Lihue,Hawaii,HI,96766,21.9794339,-159.3678135,Pacific/Honolulu,4.9,Top Rated,0,31,True,True,"https://www.google.com/maps/place/Roger+Dunn+Golf+Hawaii/@21.9794339,-159.36781349999998,14z/data=!4m8!1m2!2m1!1sRoger+Dunn+Golf+Hawaii!3m4!1s0x7c071f0ae387be81:0x638fb77c8db6de39!8m2!3d21.9794339!4d-159.36781349999998",Launch Monitor,1,False,Indoor,True,"{""Wednesday"": [""9AM-6PM""]}",False,OPERATIONAL,True,cached,custom club fitting Hawaii,False,Roger Dunn Golf Hawaii,"{""Accessibility"": {""Wheelchair accessible entrance"": true, ""Wheelchair accessible parking lot"": true}}",
Roger Dunn GOLF Hawaii,Retailer,Launch Monitor Analysis,False,(808) 456-5401,https://www.rdgolfhi.com/,1000 Kamehameha Hwy #202,Pearl City,Hawaii,HI,96782,21.3969879,-157.9783307,Pacific/Honolulu,4.4,Highly Rated,0,45,True,True,"https://www.google.com/maps/place/Roger+Dunn+Golf+Hawaii/@21.3969879,-157.9783307,14z/data=!4m8!1m2!2m1!1sRoger+Dunn+Golf+Hawaii!3m4!1s0x7c0066734ff4c343:0x8555190c186d0e1!8m2!3d21.3969879!4d-157.9783307",Launch Monitor,1,False,Indoor,True,"{""Wednesday"": [""9AM-7PM""]}",False,OPERATIONAL,True,crawled,independent clubmaker Hawaii,False,Roger Dunn Golf Hawaii,"{""Accessibility"": {""Wheelchair accessible entrance"": true, ""Wheelchair accessible parking lot"": true}}",
Wagner's GOLF,Clubfitter,Club Fitting,False,(515) 232-4653,https://www.wagnersgolfshop.com/,1628 S Duff Ave,Ames,Iowa,IA,50010,42.0072231,-93.6092358,America/Chicago,4.8,Top Rated,0,170,True,True,"https://www.google.com/maps/place/Wagner%27s+Golf/@42.0072231,-93.6092358,14z/data=!4m8!1m2!2m1!1sWagner%27s+Golf!3m4!1s0x87ee7b1b72c7283d:0xbcbfeb6f9fd93a3b!8m2!3d42.0072231!4d-93.6092358",Club Fitting | Club Repair | Custom Club Building | Golf Lessons | Retail / Pro Shop | Shaft & Grip Sales,6,True,Indoor,True,"{""Wednesday"": [""10AM-6PM""]}",False,OPERATIONAL,True,crawled,custom club fitting Iowa,False,Wagner's Golf,"{""Accessibility"": {""Wheelchair accessible entrance"": true, ""Wheelchair accessible parking lot"": true}, ""Other"": {""Identifies as veteran-owned"": true}}",
Hawk's GOLF Performance Studio,Instruction,Golf Instruction,False,,https://hawksgolfstudio.com/,1479 NE 69th Pl #84,Ankeny,Iowa,IA,50021,41.686,-93.5984564,America/Chicago,0.0,Unrated,0,6,True,True,"https://www.google.com/maps/place/Hawk%27s+Golf+Performance+Studio/@41.686,-93.59845639999999,14z/data=!4m8!1m2!2m1!1sHawk%27s+Golf+Performance+Studio!3m4!1s0x87ee9b88813ba805:0xa7c9ee410b0eae1f!8m2!3d41.686!4d-93.59845639999999",,0,False,Unknown,True,"{""Wednesday"": [""9AM-7PM""]}",False,OPERATIONAL,True,crawled,custom club fitting Iowa,False,Hawk's Golf Performance Studio,"{""Accessibility"": {""Wheelchair accessible entrance"": true, ""Wheelchair accessible parking lot"": true}}",unknown
Accretion Discs,Retailer,Golf Retail,False,(319) 277-0661,https://www.accretiondiscs.com/,6016 Nordic Dr,Cedar Falls,Iowa,IA,50613,42.4835836,-92.4468563,America/Chicago,4.9,Top Rated,0,29,True,True,"https://www.google.com/maps/place/Accretion+Discs/@42.483583599999996,-92.4468563,14z/data=!4m8!1m2!2m1!1sAccretion+Discs!3m4!1s0x87e555a601978b95:0xd5e4f3ba3363e355!8m2!3d42.483583599999996!4d-92.4468563",,0,False,Indoor,True,"{""Wednesday"": [""8AM-6PM""]}",False,OPERATIONAL,True,crawled,boutique golf shop Iowa,False,Accretion Discs,"{""Accessibility"": {""Wheelchair accessible entrance"": true, ""Wheelchair accessible parking lot"": true, ""Wheelchair accessible seating"": true}, ""Other"": {""LGBTQ+ friendly"": true}}",unknown
Bump And Run GOLF Co.,Retailer,Golf Retail,False,,https://www.bumprungolfco.com/,200 State St Ste 202-H,Cedar Falls,Iowa,IA,50613,42.53628459999999,-92.4439212,America/Chicago,5.0,Top Rated,0,3,True,True,"https://www.google.com/maps/place/Bump+and+Run+Golf+Co./@42.536284599999995,-92.44392119999999,14z/data=!4m8!1m2!2m1!1sBump+and+Run+Golf+Co.!3m4!1s0x87faab61c6196a93:0x4849b7d97331da2d!8m2!3d42.536284599999995!4d-92.44392119999999",Retail / Pro Shop,1,False,Indoor,True,"{""Wednesday"": [""Open 24 hours""]}",False,OPERATIONAL,True,crawled,custom club fitting Iowa,False,Bump and Run Golf Co.,"{""Accessibility"": {""Wheelchair accessible parking lot"": true}, ""Other"": {""Identifies as Black-owned"": true, ""Identifies as veteran-owned"": true}}",
GOLF Griffin,Retailer,Golf Retail,False,(319) 222-1654,https://golfgriffin.com/,1501 Technology Pkwy #200,Cedar Falls,Iowa,IA,50613,42.474151,-92.4630415,America/Chicago,5.0,Top Rated,0,1,True,True,"https://www.google.com/maps/place/Golf+Griffin/@42.474151,-92.4630415,14z/data=!4m8!1m2!2m1!1sGolf+Griffin!3m4!1s0x87efff631faa31b3:0x8908af5e0c897bc9!8m2!3d42.474151!4d-92.4630415",Retail / Pro Shop,1,False,Indoor,True,"{""Wednesday"": [""8AM-4PM""]}",False,OPERATIONAL,True,crawled,boutique golf shop Iowa,False,Golf Griffin,"{""Accessibility"": {""Wheelchair accessible entrance"": true, ""Wheelchair accessible parking lot"": true}}",
GOLF Coralville,Clubfitter,Club Fitting,False,(319) 625-2105,https://golfcoralville.com/,1830 N Coral St,Coralville,Iowa,IA,52241,41.6983835,-91.6071574,America/Chicago,4.8,Top Rated,0,57,True,True,"https://www.google.com/maps/place/Golf+Coralville/@41.6983835,-91.60715739999999,14z/data=!4m8!1m2!2m1!1sGolf+Coralville!3m4!1s0x87e44471bbb2df45:0xe9cd932f72123b5b!8m2!3d41.6983835!4d-91.60715739999999",Club Fitting | Club Repair | Custom Club Building | Golf Lessons | Golf Simulator | Retail / Pro Shop,6,True,Indoor,True,"{""Wednesday"": [""10AM-6PM""]}",False,OPERATIONAL,True,crawled,custom club fitting Iowa,False,Golf Coralville,"{""Accessibility"": {""Wheelchair accessible entrance"": true, ""Wheelchair accessible parking lot"": true}}",
Golfletics Performance Center,Simulator,Club Fitting,False,(319) 569-1240,https://www.begolfletic.com/,308 1st Ave Ste 110,Coralville,Iowa,IA,52241,41.6719778,-91.5657169,America/Chicago,4.9,Top Rated,0,102,True,True,"https://www.google.com/maps/place/Golfletics+Performance+Center/@41.6719778,-91.5657169,14z/data=!4m8!1m2!2m1!1sGolfletics+Performance+Center!3m4!1s0x87e4435ececc5fd9:0xab3a7e3accb1225e!8m2!3d41.6719778!4d-91.5657169",Club Fitting | Launch Monitor | Golf Simulator | Retail / Pro Shop,4,True,Indoor,True,"{""Wednesday"": [""10AM-8PM""]}",False,OPERATIONAL,True,crawled,custom club fitting Iowa,False,Golfletics Performance Center,"{""Accessibility"": {""Wheelchair accessible entrance"": true, ""Wheelchair accessible parking lot"": true, ""Wheelchair accessible restroom"": true}}",
Lake House Sports,Retailer,Golf Retail,False,(319) 621-2776,https://lakehousesports.com/,2451 Coral Ct # 3,Coralville,Iowa,IA,52241,41.7071161,-91.6092222,America/Chicago,5.0,Top Rated,0,78,True,True,"https://www.google.com/maps/place/Lake+House+Sports/@41.7071161,-91.60922219999999,14z/data=!4m8!1m2!2m1!1sLake+House+Sports!3m4!1s0x87e45de377a5251b:0xd73c1ede567eb73b!8m2!3d41.7071161!4d-91.60922219999999",Retail / Pro Shop,1,False,Indoor,True,"{""Wednesday"": [""11AM-6PM""]}",False,OPERATIONAL,True,crawled,custom club fitting Iowa,False,Lake House Sports,"{""Accessibility"": {""Wheelchair accessible entrance"": true, ""Wheelchair accessible parking lot"": true}}",
The Clubhouse Indoor GOLF & Lounge,Simulator,Golf Simulator,False,(563) 332-1561,https://www.qcclubhouse.com/,4800 Elmore Avenue #100,Davenport,Iowa,IA,52807,41.5701005,-90.5297383,America/Chicago,4.6,Highly Rated,0,78,True,True,"https://www.google.com/maps/place/The+Clubhouse+Indoor+Golf+%26+Lounge/@41.570100499999995,-90.52973829999999,14z/data=!4m8!1m2!2m1!1sThe+Clubhouse+Indoor+Golf+%26+Lounge!3m4!1s0x87e2364eaa55809b:0x98a65cfb0654d330!8m2!3d41.570100499999995!4d-90.52973829999999",Club Repair | Custom Club Building | Golf Lessons | Golf Simulator | Retail / Pro Shop | Shaft & Grip Sales,6,False,Indoor,True,"{""Wednesday"": [""10AM-10PM""]}",False,OPERATIONAL,True,crawled,custom club fitting Iowa,False,The Clubhouse Indoor Golf & Lounge,"{""Accessibility"": {""Wheelchair accessible entrance"": true, ""Wheelchair accessible parking lot"": true, ""Wheelchair accessible restroom"": true}}",
Kinley's GOLF Sales,Clubfitter,Club Fitting,False,(515) 285-9174,https://www.kinleysgolfsales.com/,5101 Fleur Dr,Des Moines,Iowa,IA,50321,41.537881,-93.644696,America/Chicago,4.8,Top Rated,0,55,True,True,"https://www.google.com/maps/place/Kinley%27s+Golf+Sales/@41.537881,-93.644696,14z/data=!4m8!1m2!2m1!1sKinley%27s+Golf+Sales!3m4!1s0x87eea20c7c5ffe91:0x3068495794645f3d!8m2!3d41.537881!4d-93.644696",Club Fitting | Retail / Pro Shop,2,True,Indoor,True,"{""Wednesday"": [""9AM-4PM""]}",False,OPERATIONAL,True,crawled,boutique golf shop Iowa,False,Kinley's Golf Sales,"{""Accessibility"": {""Wheelchair accessible entrance"": true, ""Wheelchair accessible parking lot"": true}}",
U GOLF,Simulator,Club Fitting,False,(563) 580-1790,https://ugolfdbq.com/,1082 Cedar Cross Rd suite 1,Dubuque,Iowa,IA,52003,42.4777976,-90.7068589,America/Chicago,4.5,Highly Rated,0,32,True,True,"https://www.google.com/maps/place/U+Golf/@42.477797599999995,-90.7068589,14z/data=!4m8!1m2!2m1!1sU+Golf!3m4!1s0x87e32d2a6f9a243b:0x582a5b0927ffd8a0!8m2!3d42.477797599999995!4d-90.7068589",Club Fitting | Club Repair | Launch Monitor | Golf Simulator | Retail / Pro Shop | Shaft & Grip Sales,6,True,Indoor,True,"{""Wednesday"": [""9:30AM-5:30PM""]}",False,OPERATIONAL,True,crawled,custom club fitting Iowa,False,U Golf,"{""Accessibility"": {""Wheelchair accessible entrance"": true, ""Wheelchair accessible parking lot"": true, ""Wheelchair accessible restroom"": true}}",
GOLF Central,Simulator,Golf Simulator,False,(515) 576-4653,https://hansonsgolf.com/,809 Central Ave #200,Fort Dodge,Iowa,IA,50501,42.5049765,-94.1870092,America/Chicago,4.8,Top Rated,0,57,True,True,"https://www.google.com/maps/place/Golf+Central/@42.5049765,-94.18700919999999,14z/data=!4m8!1m2!2m1!1sGolf+Central!3m4!1s0x87f276521e8d774f:0x89fffcf7299c716b!8m2!3d42.5049765!4d-94.18700919999999",Club Repair | Golf Simulator,2,False,Indoor,True,"{""Wednesday"": [""11AM-4PM""]}",False,OPERATIONAL,True,crawled,custom club fitting Iowa,False,Golf Central,"{""Accessibility"": {""Wheelchair accessible entrance"": true, ""Wheelchair accessible parking lot"": true, ""Wheelchair accessible restroom"": true}}",
Shop GOLF,Simulator,Golf Simulator,False,(319) 215-2138,https://shopgolfgrundy.com/,103 5th St,Grundy Center,Iowa,IA,50638,42.3669194,-92.7703244,America/Chicago,5.0,Top Rated,0,16,True,True,"https://www.google.com/maps/place/Shop+Golf/@42.3669194,-92.77032439999999,14z/data=!4m8!1m2!2m1!1sShop+Golf!3m4!1s0x87efef97b6675771:0xd7ec6acf06bdde1d!8m2!3d42.3669194!4d-92.77032439999999",Retail / Pro Shop,1,False,Indoor,True,"{""Wednesday"": [""Open 24 hours""]}",False,OPERATIONAL,True,crawl_failed,boutique golf shop Iowa,False,Shop Golf,"{""Accessibility"": {""Wheelchair accessible entrance"": true, ""Wheelchair accessible parking lot"": true, ""Wheelchair accessible restroom"": true}}",enriched
Powdertown GOLF,Clubfitter,Club Fitting,False,(319) 526-7433,https://www.powdertowngolf.com/,3695 Argyle Rd,Keokuk,Iowa,IA,52632,40.4435296,-91.4386108,America/Chicago,4.9,Top Rated,0,5,True,False,"https://www.google.com/maps/place/Powdertown+Golf/@40.4435296,-91.43861079999999,14z/data=!4m8!1m2!2m1!1sPowdertown+Golf!3m4!1s0x87e73b5e369fda13:0x66bccc5c66d6cc65!8m2!3d40.4435296!4d-91.43861079999999",Club Fitting | Club Repair | Custom Club Building | Golf Simulator | Launch Monitor | Shaft & Grip Sales | Retail / Pro Shop,7,True,Indoor,True,"{""Wednesday"": [""9AM-5PM""]}",False,OPERATIONAL,True,crawled,boutique golf shop Iowa,False,Powdertown Golf,"{""Accessibility"": {""Wheelchair accessible entrance"": true, ""Wheelchair accessible parking lot"": true}}",
Austad's GOLF - Cedar Rapids,Clubfitter,Club Fitting,False,(319) 826-6870,https://austads.com/pages/cedar-rapids-store,1436 Twixt Town Rd,Marion,Iowa,IA,52302,42.0292217,-91.6232961,America/Chicago,4.9,Top Rated,0,72,True,True,"https://www.google.com/maps/place/Austad%27s+Golf+-+Cedar+Rapids/@42.0292217,-91.62329609999999,14z/data=!4m8!1m2!2m1!1sAustad%27s+Golf+-+Cedar+Rapids!3m4!1s0x87e4f1a72eeddad1:0x73f1b3920a159635!8m2!3d42.0292217!4d-91.62329609999999",Club Fitting | Club Repair | Golf Lessons | Launch Monitor | Golf Simulator | Retail / Pro Shop | Shaft & Grip Sales,7,True,Indoor,True,"{""Wednesday"": [""10AM-6PM""]}",False,OPERATIONAL,True,crawled,custom club fitting Iowa,False,Austad's Golf - Cedar Rapids,"{""Accessibility"": {""Wheelchair accessible entrance"": true, ""Wheelchair accessible parking lot"": true}}",
Golfballs.net,Retailer,Golf Retail,False,(641) 764-2111,https://www.golfballs.net/,325 N Hwy 28,Martensdale,Iowa,IA,50160,41.373945,-93.736756,America/Chicago,4.8,Top Rated,0,17,True,True,"https://www.google.com/maps/place/Golfballs.net/@41.373945,-93.736756,14z/data=!4m8!1m2!2m1!1sGolfballs.net!3m4!1s0x889d9b32152d7c33:0xa5d26325bf41f01f!8m2!3d41.373945!4d-93.736756",Retail / Pro Shop,1,False,Indoor,True,"{""Wednesday"": [""9AM-5PM""]}",False,OPERATIONAL,True,crawled,boutique golf shop Iowa,False,Golfballs.net,"{""Accessibility"": {""Wheelchair accessible parking lot"": true}, ""Other"": {""Identifies as women-owned"": true}}",
North Iowa GOLF Center,Simulator,Golf Simulator,False,(641) 424-2244,https://www.northiowagolf.com/,4450 4th St SW,Mason City,Iowa,IA,50401,43.1491244,-93.2698781,America/Chicago,4.4,Highly Rated,0,14,True,False,"https://www.google.com/maps/place/North+Iowa+Golf+Center/@43.1491244,-93.2698781,14z/data=!4m8!1m2!2m1!1sNorth+Iowa+Golf+Center!3m4!1s0x87f1086d94ba2859:0xcb06090176b63b88!8m2!3d43.1491244!4d-93.2698781",Golf Lessons | Launch Monitor | Golf Simulator | Retail / Pro Shop,4,False,Indoor,True,"{""Wednesday"": [""9AM-6PM""]}",False,OPERATIONAL,True,crawled,custom club fitting Iowa,False,North Iowa Golf Center,"{""Accessibility"": {""Wheelchair accessible entrance"": true, ""Wheelchair accessible parking lot"": true}}",
Allison George,Retailer,Golf Retail,False,(515) 967-9575,https://theallisongeorge.com/contact-us/,237 NE 80th St,Pleasant Hill,Iowa,IA,50327,41.5902573,-93.4411976,America/Chicago,0.0,Unrated,0,1,True,False,"https://www.google.com/maps/place/Allison+George/@41.5902573,-93.4411976,14z/data=!4m8!1m2!2m1!1sAllison+George!3m4!1s0x87ee94e023055555:0xf3cd9c6392f9a192!8m2!3d41.5902573!4d-93.4411976",Retail / Pro Shop,1,False,Indoor,True,"{""Wednesday"": [""9AM-6PM""]}",False,OPERATIONAL,True,crawled,boutique golf shop Iowa,False,Allison George,"{""Accessibility"": {""Wheelchair accessible entrance"": true, ""Wheelchair accessible parking lot"": true}}",
GOLF Cars Of Iowa,Retailer,Golf Retail,False,(515) 266-4653,https://www.golfcarsofiowa.com/,5181 Maple Dr,Pleasant Hill,Iowa,IA,50327,41.597548,-93.512825,America/Chicago,4.4,Highly Rated,0,36,True,True,"https://www.google.com/maps/place/Golf+Cars+Of+Iowa/@41.597547999999996,-93.51282499999999,14z/data=!4m8!1m2!2m1!1sGolf+Cars+Of+Iowa!3m4!1s0x87ee968fd526b5f9:0x57e82d2e87d4ea8c!8m2!3d41.597547999999996!4d-93.51282499999999",Retail / Pro Shop,1,False,Indoor,True,"{""Wednesday"": [""8AM-5PM""]}",False,OPERATIONAL,True,crawled,boutique golf shop Iowa,False,Golf Cars Of Iowa,"{""Accessibility"": {""Wheelchair accessible entrance"": true, ""Wheelchair accessible parking lot"": true}}",
Tournament Club Of Iowa,Simulator,Golf Simulator,False,(515) 984-9440,https://tcofiowa.com/,1000 Tradition Dr,Polk City,Iowa,IA,50226,41.7785995,-93.7181998,America/Chicago,4.4,Highly Rated,0,412,True,True,"https://www.google.com/maps/place/Tournament+Club+of+Iowa/@41.7785995,-93.7181998,14z/data=!4m8!1m2!2m1!1sTournament+Club+of+Iowa!3m4!1s0x87ee82206fa031ef:0x5d0af3f7ea6c18b3!8m2!3d41.7785995!4d-93.7181998",Golf Lessons | Golf Simulator | Shaft & Grip Sales | Retail / Pro Shop,4,False,Indoor,True,,False,OPERATIONAL,True,crawled,boutique golf shop Iowa,False,Tournament Club of Iowa,"{""Accessibility"": {""Wheelchair accessible entrance"": true, ""Wheelchair accessible parking lot"": true}}",
Riverside Performance Studio,Clubfitter,Club Fitting,False,(319) 648-0044,https://www.bluetopridge.com/performancestudio.html,3184 IA-22,Riverside,Iowa,IA,52327,41.4993679,-91.5285806,America/Chicago,0.0,Unrated,0,8,True,True,"https://www.google.com/maps/place/Riverside+Performance+Studio/@41.499367899999996,-91.5285806,14z/data=!4m8!1m2!2m1!1sRiverside+Performance+Studio!3m4!1s0x87e43d3a9fc9d98d:0x3fc1af2b158163bb!8m2!3d41.499367899999996!4d-91.5285806",Club Fitting,1,True,Indoor,True,,False,OPERATIONAL,True,crawled,custom club fitting Iowa,False,Riverside Performance Studio,"{""Accessibility"": {""Wheelchair accessible entrance"": true, ""Wheelchair accessible parking lot"": true, ""Wheelchair accessible restroom"": true, ""Wheelchair accessible seating"": false}}",
Austad's GOLF Sioux City,Clubfitter,Club Fitting,False,(712) 587-6381,https://austads.com/pages/sioux-city-store,3301 Singing Hills Blvd,Sioux City,Iowa,IA,51106,42.4367174,-96.365388,America/Chicago,4.8,Top Rated,0,56,True,True,"https://www.google.com/maps/place/Austad%27s+Golf+Sioux+City/@42.4367174,-96.365388,14z/data=!4m8!1m2!2m1!1sAustad%27s+Golf+Sioux+City!3m4!1s0x878dfe96f2b7b51d:0x9a0e44bb7094659b!8m2!3d42.4367174!4d-96.365388",Club Fitting | Club Repair | Custom Club Building | Golf Lessons | Launch Monitor | Golf Simulator | Retail / Pro Shop | Shaft & Grip Sales,8,True,Indoor,True,"{""Wednesday"": [""10AM-6PM""]}",False,OPERATIONAL,True,crawled,custom club fitting Iowa,False,Austad's Golf Sioux City,"{""Accessibility"": {""Wheelchair accessible entrance"": true, ""Wheelchair accessible parking lot"": true}}",
Siouxland GOLF Lessons,Instruction,Golf Instruction,False,(712) 635-0570,https://www.siouxlandgolflessons.com/home,4501 Southern Hills Dr,Sioux City,Iowa,IA,51106,42.4412669,-96.3487679,America/Chicago,5.0,Top Rated,0,32,True,True,"https://www.google.com/maps/place/Siouxland+Golf+Lessons/@42.441266899999995,-96.3487679,14z/data=!4m8!1m2!2m1!1sSiouxland+Golf+Lessons!3m4!1s0xaba6b13f372748b7:0x28fbd803d65be03c!8m2!3d42.441266899999995!4d-96.3487679",Golf Lessons,1,False,Unknown,True,"{""Wednesday"": [""5-8PM""]}",False,OPERATIONAL,True,crawled,custom club fitting Iowa,False,Siouxland Golf Lessons,"{""Accessibility"": {""Wheelchair accessible parking lot"": true, ""Wheelchair accessible restroom"": true}, ""Other"": {""Identifies as veteran-owned"": true}}",
Ekgolf,Simulator,Club Fitting,False,(515) 868-6091,https://ekgolf.com/,10890 Douglas Ave,Urbandale,Iowa,IA,50322,41.6282352,-93.7668926,America/Chicago,4.7,Top Rated,0,98,True,True,"https://www.google.com/maps/place/EKGolf/@41.6282352,-93.76689259999999,14z/data=!4m8!1m2!2m1!1sEKGolf!3m4!1s0x87ee9c36543fffff:0xd344634ffef785a4!8m2!3d41.6282352!4d-93.76689259999999",Club Fitting | Golf Lessons | Launch Monitor | Golf Simulator | Retail / Pro Shop,5,True,Indoor,True,"{""Wednesday"": [""9AM-9PM""]}",False,OPERATIONAL,True,crawled,custom club fitting Iowa,False,EKGolf,"{""Accessibility"": {""Wheelchair accessible entrance"": true, ""Wheelchair accessible parking lot"": true, ""Wheelchair accessible restroom"": true}}",
Waterloo GOLF Headquarters,Driving Range,Club Fitting,False,(319) 232-3979,https://waterloogolfheadquartersia.com/,1850 W Ridgeway Ave Ste. 1,Waterloo,Iowa,IA,50701,42.4697665,-92.3888792,America/Chicago,4.7,Top Rated,0,98,True,True,"https://www.google.com/maps/place/Waterloo+Golf+Headquarters/@42.4697665,-92.38887919999999,14z/data=!4m8!1m2!2m1!1sWaterloo+Golf+Headquarters!3m4!1s0x87e552140c8b8935:0x11a04723f93d4c3e!8m2!3d42.4697665!4d-92.38887919999999",Club Fitting | Club Repair | Custom Club Building | Launch Monitor | Golf Simulator | Retail / Pro Shop | Shaft & Grip Sales,7,True,Indoor,True,"{""Wednesday"": [""9AM-8PM""]}",False,OPERATIONAL,True,crawled,custom club fitting Iowa,False,Waterloo Golf Headquarters,"{""Accessibility"": {""Wheelchair accessible entrance"": true, ""Wheelchair accessible parking lot"": false}}",
Austad's GOLF - Des Moines,Clubfitter,Club Fitting,False,(515) 664-8015,https://austads.com/pages/des-moines-golf-store,1580 22nd St,West Des Moines,Iowa,IA,50266,41.5960005,-93.7379052,America/Chicago,5.0,Top Rated,0,135,True,True,"https://www.google.com/maps/place/Austad%27s+Golf+-+Des+Moines/@41.596000499999995,-93.7379052,14z/data=!4m8!1m2!2m1!1sAustad%27s+Golf+-+Des+Moines!3m4!1s0x87ee9ff535343dc5:0xb61d1efa4cbacdae!8m2!3d41.596000499999995!4d-93.7379052",Club Fitting | Club Repair | Custom Club Building | Golf Lessons | Launch Monitor | Golf Simulator | Retail / Pro Shop | Shaft & Grip Sales,8,True,Indoor,True,"{""Wednesday"": [""10AM-6PM""]}",False,OPERATIONAL,True,crawled,custom club fitting Iowa,False,Austad's Golf - Des Moines,"{""Accessibility"": {""Wheelchair accessible entrance"": true, ""Wheelchair accessible parking lot"": true}}",
Ken Schall GOLF Performance,Simulator,Club Fitting,False,(515) 528-2054,https://kenschallgolf.com/,2700 University Ave Suite 330,West Des Moines,Iowa,IA,50266,41.5984874,-93.741502,America/Chicago,4.8,Top Rated,0,30,True,True,"https://www.google.com/maps/place/Ken+Schall+Golf+Performance/@41.598487399999996,-93.741502,14z/data=!4m8!1m2!2m1!1sKen+Schall+Golf+Performance!3m4!1s0x87ee9e202e06a0e9:0x71e418f2ffa19111!8m2!3d41.598487399999996!4d-93.741502",Club Fitting | Golf Lessons | Launch Monitor | Retail / Pro Shop,4,True,Indoor,True,"{""Wednesday"": [""10AM-6PM""]}",False,OPERATIONAL,True,crawled,custom club fitting Iowa,False,Ken Schall Golf Performance,"{""Accessibility"": {""Wheelchair accessible entrance"": true, ""Wheelchair accessible parking lot"": true, ""Wheelchair accessible restroom"": true}}",
Lazrus GOLF,Retailer,Golf Retail,False,(208) 872-6732,https://lazrusgolf.com/,715 W Diamond St,Boise,Idaho,ID,83705,43.56802829999999,-116.1899603,America/Boise,4.8,Top Rated,0,5,True,True,"https://www.google.com/maps/place/LAZRUS+Golf/@43.568028299999995,-116.1899603,14z/data=!4m8!1m2!2m1!1sLAZRUS+Golf!3m4!1s0x54ae57a01c3b4b45:0x660bd857f99b912a!8m2!3d43.568028299999995!4d-116.1899603",Retail / Pro Shop | Trade-In / Used Clubs,2,False,Indoor,True,"{""Wednesday"": [""7AM-3PM""]}",False,OPERATIONAL,True,crawled,boutique golf shop Idaho,False,LAZRUS Golf,"{""Accessibility"": {""Wheelchair accessible entrance"": true, ""Wheelchair accessible parking lot"": true, ""Wheelchair accessible restroom"": true, ""Wheelchair accessible seating"": true}}",
Major GOLF PRO,Retailer,Golf Retail,False,(855) 203-1676,https://www.majorgolfpro.com/contact/,702 W Idaho St,Boise,Idaho,ID,83702,43.61614549999999,-116.2016447,America/Boise,0.0,Unrated,0,1,True,False,"https://www.google.com/maps/place/Major+Golf+Pro/@43.616145499999995,-116.20164469999999,14z/data=!4m8!1m2!2m1!1sMajor+Golf+Pro!3m4!1s0x54aef8e37d679635:0xb9f81ae0577d11e!8m2!3d43.616145499999995!4d-116.20164469999999",Retail / Pro Shop,1,False,Indoor,True,,False,OPERATIONAL,True,crawled,boutique golf shop Idaho,False,Major Golf Pro,"{""Accessibility"": {""Wheelchair accessible entrance"": true, ""Wheelchair accessible parking lot"": true}}",
Wide World Of GOLF,Retailer,Golf Retail,False,(208) 322-4653,https://www.wwgolf.com/,8057 W Emerald St,Boise,Idaho,ID,83704,43.6107045,-116.2825438,America/Boise,4.8,Top Rated,0,38,True,True,"https://www.google.com/maps/place/Wide+World+of+Golf/@43.6107045,-116.2825438,14z/data=!4m8!1m2!2m1!1sWide+World+of+Golf!3m4!1s0x54ae566cd7fd9221:0x225a0bdec5058d04!8m2!3d43.6107045!4d-116.2825438",Retail / Pro Shop | Shaft & Grip Sales,2,False,Indoor,True,"{""Wednesday"": [""9:30AM-6PM""]}",False,OPERATIONAL,True,crawled,custom club fitting Idaho,False,Wide World of Golf,"{""Accessibility"": {""Wheelchair accessible entrance"": true, ""Wheelchair accessible parking lot"": true}}",
Sandbaggerz GOLF,Driving Range,Club Fitting,False,(208) 665-7250,https://sandbaggerzgolf.com/,296 W Sunset Ave,Coeur D'alene,Idaho,ID,83815,47.7124265,-116.79046,America/Los_Angeles,4.9,Top Rated,0,15,True,True,"https://www.google.com/maps/place/Sandbaggerz+Golf/@47.7124265,-116.79046,14z/data=!4m8!1m2!2m1!1sSandbaggerz+Golf!3m4!1s0x5361c6d485f989af:0xe8262e31ca366878!8m2!3d47.7124265!4d-116.79046",Club Fitting | Club Repair | Golf Lessons | Launch Monitor,4,True,Outdoor,True,"{""Wednesday"": [""9AM-5PM""]}",False,OPERATIONAL,True,crawled,boutique golf shop Idaho,False,Sandbaggerz Golf,{},
Showcase GOLF,Retailer,Golf Retail,False,(855) 998-4223,https://www.showcasegolf.com/contact/,900 S Floating Green Dr,Coeur D'alene,Idaho,ID,83814,47.66421589999999,-116.7560435,America/Los_Angeles,5.0,Top Rated,0,10,True,False,"https://www.google.com/maps/place/Showcase+Golf/@47.664215899999995,-116.75604349999999,14z/data=!4m8!1m2!2m1!1sShowcase+Golf!3m4!1s0x5361c6443ccc1ddd:0x6e5be545d8968850!8m2!3d47.664215899999995!4d-116.75604349999999",,0,False,Indoor,True,"{""Wednesday"": [""Open 24 hours""]}",False,OPERATIONAL,True,crawled,custom club fitting Idaho,False,Showcase Golf,"{""Accessibility"": {""Wheelchair accessible entrance"": true, ""Wheelchair accessible parking lot"": true}}",unknown
GOLF Influence,Clubfitter,Club Fitting,False,,https://www.golfinfluence.com/,9169 W State St,Garden City,Idaho,ID,83714,43.677031,-116.299249,America/Boise,5.0,Top Rated,0,1,True,True,"https://www.google.com/maps/place/Golf+Influence/@43.677031,-116.29924899999999,14z/data=!4m8!1m2!2m1!1sGolf+Influence!3m4!1s0x54aeffffd5464c97:0x6e4b44c99a3fdd76!8m2!3d43.677031!4d-116.29924899999999",Club Fitting | Club Repair | Custom Club Building | Golf Lessons | Launch Monitor | Shaft & Grip Sales | Retail / Pro Shop,7,True,Indoor,True,"{""Wednesday"": [""8AM-5PM""]}",False,OPERATIONAL,True,crawled,boutique golf shop Idaho,False,Golf Influence,"{""Accessibility"": {""Wheelchair accessible parking lot"": true}}",
Hlcc: GOLF Shop,Instruction,Golf Instruction,False,(208) 772-0555,https://www.haydenlakecc.com/,2362 E Bozanta Dr,Hayden,Idaho,ID,83835,47.7634589,-116.755844,America/Los_Angeles,4.0,Well Reviewed,0,18,True,True,"https://www.google.com/maps/place/HLCC%3A+Golf+Shop/@47.763458899999996,-116.755844,14z/data=!4m8!1m2!2m1!1sHLCC%3A+Golf+Shop!3m4!1s0x5361bf78dc0f1995:0xb755bfe964bf6b03!8m2!3d47.763458899999996!4d-116.755844",Golf Lessons,1,False,Unknown,True,"{""Wednesday"": [""7AM-6PM""]}",False,OPERATIONAL,True,crawled,boutique golf shop Idaho,False,HLCC: Golf Shop,"{""Accessibility"": {""Wheelchair accessible entrance"": true, ""Wheelchair accessible parking lot"": true}}",
Tee Box Idaho Falls,Simulator,Club Fitting,False,(208) 358-8332,https://tbx.golf/idaho-falls,2504 25th E Suite 5,Idaho Falls,Idaho,ID,83401,43.5191565,-111.9839338,America/Boise,5.0,Top Rated,0,21,True,True,"https://www.google.com/maps/place/Tee+Box+Idaho+Falls/@43.5191565,-111.98393379999999,14z/data=!4m8!1m2!2m1!1sTee+Box+Idaho+Falls!3m4!1s0x53545db4a0c8754d:0xbd9e6efbb75002b7!8m2!3d43.5191565!4d-111.98393379999999",Club Fitting | Golf Lessons | Launch Monitor | Golf Simulator | Retail / Pro Shop,5,True,Indoor,True,"{""Wednesday"": [""Open 24 hours""]}",False,OPERATIONAL,True,crawled,custom club fitting Idaho,False,Tee Box Idaho Falls,"{""Accessibility"": {""Wheelchair accessible entrance"": true, ""Wheelchair accessible parking lot"": true, ""Wheelchair accessible restroom"": true}}",
Mccall Sports,Retailer,Golf Retail,False,(208) 634-2334,https://mccallsports.com/,802 N 3rd St,Mccall,Idaho,ID,83638,44.90905129999999,-116.0978217,America/Boise,4.6,Highly Rated,0,54,True,True,"https://www.google.com/maps/place/McCall+Sports/@44.909051299999994,-116.0978217,14z/data=!4m8!1m2!2m1!1sMcCall+Sports!3m4!1s0x54a666df745a187b:0x2c2ac9a4dfe31183!8m2!3d44.909051299999994!4d-116.0978217",Retail / Pro Shop,1,False,Indoor,True,"{""Wednesday"": [""9AM-6PM""]}",False,OPERATIONAL,True,crawled,boutique golf shop Idaho,False,McCall Sports,"{""Accessibility"": {""Wheelchair accessible entrance"": true, ""Wheelchair accessible parking lot"": true}}",
Play Better GOLF Academy,Clubfitter,Club Fitting,False,(847) 436-1652,https://www.playbettergolfacademy.com/,880 W Lake St,Addison,Illinois,IL,60101,41.9425324,-88.00977069999999,America/Chicago,4.9,Top Rated,0,2,True,True,"https://www.google.com/maps/place/Play+Better+Golf+Academy+%28PBGA%29/@41.9425324,-88.00977069999999,14z/data=!4m8!1m2!2m1!1sPlay+Better+Golf+Academy+%28PBGA%29!3m4!1s0x880fb39c73f34149:0xb8a531d1d18fd982!8m2!3d41.9425324!4d-88.00977069999999",Club Fitting | Custom Club Building | Golf Lessons,3,True,Indoor,True,"{""Wednesday"": [""8AM-8PM""]}",False,OPERATIONAL,True,crawled,custom club fitting Illinois,False,Play Better Golf Academy,"{""Accessibility"": {""Wheelchair accessible entrance"": true, ""Wheelchair accessible parking lot"": true, ""Wheelchair accessible restroom"": true}}",
The GOLF House,Simulator,Golf Simulator,False,(630) 664-1500,https://www.thegolfhouse.org/,4332 Fox Valley Center Dr,Aurora,Illinois,IL,60504,41.7608508,-88.20892339999999,America/Chicago,4.8,Top Rated,0,16,True,True,"https://www.google.com/maps/place/The+Golf+House/@41.7608508,-88.20892339999999,14z/data=!4m8!1m2!2m1!1sThe+Golf+House!3m4!1s0x880ef9a9f76685bd:0x349d56a771fd3edf!8m2!3d41.7608508!4d-88.20892339999999",,0,False,Indoor,True,"{""Wednesday"": [""8AM-8PM""]}",False,OPERATIONAL,True,crawled,custom club fitting Illinois,False,The Golf House,"{""Accessibility"": {""Wheelchair accessible entrance"": true, ""Wheelchair accessible parking lot"": true, ""Wheelchair accessible restroom"": true}, ""Other"": {""LGBTQ+ friendly"": true}}",failed
Performance Club Fitting @ Northwest GOLF Academy,Clubfitter,Club Fitting,False,(224) 385-3066,https://performanceclubfitting.com/,754 W Northwest Hwy,Barrington,Illinois,IL,60010,42.1679875,-88.1567906,America/Chicago,5.0,Top Rated,0,1,True,True,"https://www.google.com/maps/place/Performance+Club+Fitting+%40+Northwest+Golf+Academy/@42.167987499999995,-88.1567906,14z/data=!4m8!1m2!2m1!1sPerformance+Club+Fitting+%40+Northwest+Golf+Academy!3m4!1s0x880fa18ead307aad:0xb5ade2e4e095bf9f!8m2!3d42.167987499999995!4d-88.1567906",Club Fitting | Golf Lessons | Retail / Pro Shop,3,True,Indoor,True,"{""Wednesday"": [""8AM-8PM""]}",False,OPERATIONAL,True,crawled,independent clubmaker Illinois,False,Performance Club Fitting @ Northwest Golf Academy,"{""Accessibility"": {""Wheelchair accessible parking lot"": true}}",
Tour Edge GOLF,Clubfitter,Club Fitting,False,(630) 584-4777,https://www.touredge.com/,1301 Pierson Dr,Batavia,Illinois,IL,60510,41.8642543,-88.2667055,America/Chicago,3.6,Standard,0,1,True,True,"https://www.google.com/maps/place/Tour+Edge+Golf/@41.8642543,-88.2667055,14z/data=!4m8!1m2!2m1!1sTour+Edge+Golf!3m4!1s0x880efc4a0dfebd33:0x3ba3c45087810020!8m2!3d41.8642543!4d-88.2667055",Club Fitting | Custom Club Building | Launch Monitor | Retail / Pro Shop,4,True,Indoor,True,"{""Wednesday"": [""9AM-5PM""]}",False,OPERATIONAL,True,crawled,custom club fitting Illinois,False,Tour Edge Golf,"{""Accessibility"": {""Wheelchair accessible entrance"": true, ""Wheelchair accessible parking lot"": true}}",
Rick Sellers Indoor GOLF Center,Simulator,Club Fitting,False,(309) 660-2730,https://golfwithrick.com/,1712 E Hamilton Rd Units D and F,Bloomington,Illinois,IL,61704,40.4553027,-88.9708613,America/Chicago,4.6,Highly Rated,0,10,True,True,"https://www.google.com/maps/place/Rick+Sellers+Indoor+Golf+Center/@40.4553027,-88.9708613,14z/data=!4m8!1m2!2m1!1sRick+Sellers+Indoor+Golf+Center!3m4!1s0x880b6fcf9abe592d:0x4055a4cbc5ac7041!8m2!3d40.4553027!4d-88.9708613",Club Fitting | Golf Lessons | Golf Simulator | Retail / Pro Shop,4,True,Indoor,True,,False,OPERATIONAL,True,crawled,custom club fitting Illinois,False,Rick Sellers Indoor Golf Center,"{""Accessibility"": {""Wheelchair accessible entrance"": true, ""Wheelchair accessible parking lot"": true, ""Wheelchair accessible restroom"": true}}",
Club Repair,Retailer,Club Repair,False,(815) 733-8412,https://www.clubrepair.co/,1548 Suncrest Ln,Bolingbrook,Illinois,IL,60490,41.6808694,-88.14030559999999,America/Chicago,5.0,Top Rated,0,20,True,True,"https://www.google.com/maps/place/Club+Repair/@41.6808694,-88.14030559999999,14z/data=!4m8!1m2!2m1!1sClub+Repair!3m4!1s0x2b7a18678b4d5d31:0x87e89ce4efe75d08!8m2!3d41.6808694!4d-88.14030559999999",Club Repair,1,False,Indoor,True,"{""Wednesday"": [""7AM-6:30PM""]}",False,OPERATIONAL,True,crawled,independent clubmaker Illinois,False,Club Repair,"{""Accessibility"": {""Wheelchair accessible parking lot"": true}}",
Mistwood GOLF Dome,Simulator,Club Fitting,False,(630) 739-7600,https://www.mistwoodgolfdome.com/,"730 N Bolingbrook Drive, IL-53",Bolingbrook,Illinois,IL,60440,41.7211984,-88.0654437,America/Chicago,4.5,Highly Rated,0,124,True,True,"https://www.google.com/maps/place/Mistwood+Golf+Dome/@41.7211984,-88.0654437,14z/data=!4m8!1m2!2m1!1sMistwood+Golf+Dome!3m4!1s0x880e5a43db79ebeb:0xa1f126c4f8abf27!8m2!3d41.7211984!4d-88.0654437",Club Fitting | Club Repair | Golf Simulator | Retail / Pro Shop | Shaft & Grip Sales,5,True,Indoor,True,"{""Wednesday"": [""8AM-10PM""]}",False,OPERATIONAL,True,crawled,custom club fitting Illinois,False,Mistwood Golf Dome,"{""Accessibility"": {""Wheelchair accessible entrance"": true, ""Wheelchair accessible parking lot"": true}}",
Just Fore Fun GOLF,Simulator,Golf Simulator,False,(217) 403-4653,https://www.justforefun.com/,301 Eisner Rd,Champaign,Illinois,IL,61822,40.138153,-88.236222,America/Chicago,4.9,Top Rated,0,10,True,True,"https://www.google.com/maps/place/Just+Fore+Fun+Golf/@40.138152999999996,-88.236222,14z/data=!4m8!1m2!2m1!1sJust+Fore+Fun+Golf!3m4!1s0x880cd9e52ac42767:0x3f05c4a49107ddda!8m2!3d40.138152999999996!4d-88.236222",Golf Lessons | Golf Simulator | Retail / Pro Shop,3,False,Indoor,True,"{""Wednesday"": [""8AM-8:30PM""]}",False,OPERATIONAL,True,crawled,custom club fitting Illinois,False,Just Fore Fun Golf,"{""Accessibility"": {""Wheelchair accessible parking lot"": true}}",
Ace PRO GOLF Shop,Retailer,Golf Retail,False,(773) 463-8333,https://aceprogolfshop.com/,3559 W Irving Park Rd,Chicago,Illinois,IL,60618,41.9536275,-87.71764689999999,America/Chicago,4.8,Top Rated,0,11,True,True,"https://www.google.com/maps/place/Ace+Pro+Golf+Shop/@41.953627499999996,-87.71764689999999,14z/data=!4m8!1m2!2m1!1sAce+Pro+Golf+Shop!3m4!1s0x880fcdbe2fa816bf:0xfb42301678a4a551!8m2!3d41.953627499999996!4d-87.71764689999999",Retail / Pro Shop,1,False,Indoor,True,"{""Wednesday"": [""10AM-5PM""]}",False,OPERATIONAL,True,crawled,custom club fitting Illinois,False,Ace Pro Golf Shop,"{""Accessibility"": {""Wheelchair accessible entrance"": true, ""Wheelchair accessible parking lot"": true}}",
GOLF In Motion,Clubfitter,Club Fitting,False,(407) 729-9772,https://golfinmotionchicago.com/,3612 S Morgan St,Chicago,Illinois,IL,60609,41.8282748,-87.6525537,America/Chicago,4.9,Top Rated,0,11,True,True,"https://www.google.com/maps/place/Golf+in+Motion/@41.828274799999996,-87.6525537,14z/data=!4m8!1m2!2m1!1sGolf+in+Motion!3m4!1s0x880e2c326be1bf5b:0x704c25955b07ab2a!8m2!3d41.828274799999996!4d-87.6525537",Club Fitting | Golf Lessons | Retail / Pro Shop,3,True,Indoor,True,"{""Wednesday"": [""11AM-8PM""]}",False,OPERATIONAL,True,crawled,custom club fitting Illinois,False,Golf in Motion,"{""Accessibility"": {""Wheelchair accessible entrance"": true, ""Wheelchair accessible parking lot"": true, ""Wheelchair accessible restroom"": true}}",
My Chicago GOLF,Simulator,Club Fitting,False,(773) 683-1816,https://www.mychicagogolf.com/,707 N Milwaukee Ave Lower Level,Chicago,Illinois,IL,60642,41.8946291,-87.6524429,America/Chicago,4.9,Top Rated,0,26,True,True,"https://www.google.com/maps/place/My+Chicago+Golf/@41.894629099999996,-87.6524429,14z/data=!4m8!1m2!2m1!1sMy+Chicago+Golf!3m4!1s0x880fd32cd0da8529:0xdae7220757bef963!8m2!3d41.894629099999996!4d-87.6524429",Club Fitting | Golf Lessons | Golf Simulator | Retail / Pro Shop,4,True,Indoor,True,"{""Wednesday"": [""8AM-8PM""]}",False,OPERATIONAL,True,crawled,custom club fitting Illinois,False,My Chicago Golf,"{""Accessibility"": {""Wheelchair accessible restroom"": true}}",
Robogolfpro,Retailer,Golf Instruction,False,(847) 636-0167,https://www.robogolfpro.com/,17 N Wabash Ave,Chicago,Illinois,IL,60602,41.8826709,-87.6258493,America/Chicago,5.0,Top Rated,0,46,True,True,"https://www.google.com/maps/place/RoboGolfPro/@41.8826709,-87.6258493,14z/data=!4m8!1m2!2m1!1sRoboGolfPro!3m4!1s0x880fd3519a3e6fe9:0x54cbe099ef598002!8m2!3d41.8826709!4d-87.6258493",Golf Lessons | Launch Monitor | Shaft & Grip Sales | Retail / Pro Shop,4,False,Indoor,True,"{""Wednesday"": [""7AM-10PM""]}",False,OPERATIONAL,True,recrawled,custom club fitting Illinois,False,RoboGolfPro,"{""Accessibility"": {""Wheelchair accessible entrance"": true, ""Wheelchair accessible parking lot"": true}}",
GOLF Done Right,Simulator,Golf Simulator,False,(773) 901-8894,https://golfdoneright.com/,1310 Butterfield Rd,Downers Grove,Illinois,IL,60515,41.8358114,-88.01679329999999,America/Chicago,5.0,Top Rated,0,6,True,True,"https://www.google.com/maps/place/Golf+Done+Right/@41.8358114,-88.01679329999999,14z/data=!4m8!1m2!2m1!1sGolf+Done+Right!3m4!1s0x880e53df096713db:0xa50cc9c5dbf60fca!8m2!3d41.8358114!4d-88.01679329999999",Golf Lessons | Golf Simulator | Retail / Pro Shop,3,False,Indoor,True,"{""Wednesday"": [""9AM-5PM""]}",False,OPERATIONAL,True,crawled,custom club fitting Illinois,False,Golf Done Right,"{""Accessibility"": {""Wheelchair accessible parking lot"": true}}",
Chris Green - GOLF Instruction,Instruction,Golf Instruction,False,(847) 729-3611,https://www.chrisgreen.golf/,100 Golf Rd,GOLF,Illinois,IL,60029,42.0602379,-87.7811438,America/Chicago,5.0,Top Rated,0,3,True,True,"https://www.google.com/maps/place/Chris+Green+-+Golf+Instruction/@42.0602379,-87.7811438,14z/data=!4m8!1m2!2m1!1sChris+Green+-+Golf+Instruction!3m4!1s0x880fc51d2b169793:0x8966c22a353d74c8!8m2!3d42.0602379!4d-87.7811438",Golf Lessons,1,False,Unknown,True,"{""Wednesday"": [""8AM-6PM""]}",False,OPERATIONAL,True,crawled,custom club fitting Illinois,False,Chris Green - Golf Instruction,"{""Accessibility"": {""Wheelchair accessible entrance"": true, ""Wheelchair accessible parking lot"": true}}",enriched
Chicago Bill's GOLF,Clubfitter,Club Fitting,False,(630) 540-9200,https://chicagobillsgolf.com/,26w101 Lake St,Hanover Park,Illinois,IL,60133,41.9772142,-88.1319893,America/Chicago,4.8,Top Rated,0,16,True,True,"https://www.google.com/maps/place/Chicago+Bill%27s+Golf/@41.9772142,-88.1319893,14z/data=!4m8!1m2!2m1!1sChicago+Bill%27s+Golf!3m4!1s0x880faa2c681a78cf:0xa80eb7795870d56b!8m2!3d41.9772142!4d-88.1319893",Club Fitting | Golf Simulator | Retail / Pro Shop | Shaft & Grip Sales,4,True,Indoor,True,"{""Wednesday"": [""10AM-5PM""]}",False,OPERATIONAL,True,crawled,custom club fitting Illinois,False,Chicago Bill's Golf,"{""Accessibility"": {""Wheelchair accessible entrance"": true, ""Wheelchair accessible parking lot"": true}}",
The GOLF Practice,Simulator,Club Fitting,False,(847) 850-0956,https://www.thegolfpractice.com/,1546 Old Deerfield Rd,Highland Park,Illinois,IL,60035,42.17595439999999,-87.8197945,America/Chicago,5.0,Top Rated,0,16,True,True,"https://www.google.com/maps/place/The+Golf+Practice/@42.175954399999995,-87.8197945,14z/data=!4m8!1m2!2m1!1sThe+Golf+Practice!3m4!1s0x880fc1579ca538bb:0xafcde777083e7868!8m2!3d42.175954399999995!4d-87.8197945",Club Fitting | Golf Lessons | Launch Monitor | Golf Simulator | Retail / Pro Shop,5,True,Indoor,True,,False,OPERATIONAL,True,crawled,custom club fitting Illinois,False,The Golf Practice,"{""Accessibility"": {""Wheelchair accessible entrance"": true, ""Wheelchair accessible parking lot"": true, ""Wheelchair accessible restroom"": true}}",
Sports Boss GOLF Exchange,Simulator,Golf Simulator,False,(815) 326-9686,https://www.bossgolfing.com/,2950 Kane Rd,Leland,Illinois,IL,60531,41.673555,-88.82798439999999,America/Chicago,4.9,Top Rated,0,37,True,True,"https://www.google.com/maps/place/Sports+Boss+Golf+Exchange/@41.673555,-88.82798439999999,14z/data=!4m8!1m2!2m1!1sSports+Boss+Golf+Exchange!3m4!1s0x88093481ae61ef1d:0xd232c91fc1c0660e!8m2!3d41.673555!4d-88.82798439999999",Golf Simulator | Retail / Pro Shop | Shaft & Grip Sales,3,False,Indoor,True,"{""Wednesday"": [""8AM-6PM""]}",False,OPERATIONAL,True,crawled,custom club fitting Illinois,False,Sports Boss Golf Exchange,"{""Accessibility"": {""Wheelchair accessible entrance"": true, ""Wheelchair accessible parking lot"": true}}",
The GOLF Practice,Simulator,Club Fitting,False,(630) 703-0877,https://thegolfpractice.com/,4995 Varsity Dr,Lisle,Illinois,IL,60532,41.7941835,-88.0864026,America/Chicago,5.0,Top Rated,0,12,True,True,"https://www.google.com/maps/place/The+Golf+Practice/@41.794183499999995,-88.0864026,14z/data=!4m8!1m2!2m1!1sThe+Golf+Practice!3m4!1s0x880e5123ec338537:0x2a223c9d39475aa3!8m2!3d41.794183499999995!4d-88.0864026",Club Fitting | Golf Lessons | Launch Monitor | Golf Simulator | Retail / Pro Shop,5,True,Indoor,True,"{""Wednesday"": [""9AM-7PM""]}",False,OPERATIONAL,True,crawled,custom club fitting Illinois,False,The Golf Practice,"{""Accessibility"": {""Wheelchair accessible entrance"": true, ""Wheelchair accessible parking lot"": true, ""Wheelchair accessible restroom"": true}}",
Cam GOLF INC,Retailer,Golf Retail,False,(708) 474-9272,https://camgolfinc.com/,2251 198th St,Lynwood,Illinois,IL,60411,41.5346821,-87.5620869,America/Chicago,4.5,Highly Rated,0,1,True,False,"https://www.google.com/maps/place/Cam+Golf+Inc/@41.5346821,-87.5620869,14z/data=!4m8!1m2!2m1!1sCam+Golf+Inc!3m4!1s0x880e1e4b26e7f5ef:0x8c27b5aac8af26a3!8m2!3d41.5346821!4d-87.5620869",,0,False,Indoor,True,"{""Wednesday"": [""10AM-4PM""]}",False,OPERATIONAL,True,crawled,independent clubmaker Illinois,False,Cam Golf Inc,"{""Accessibility"": {""Wheelchair accessible entrance"": true, ""Wheelchair accessible parking lot"": true}}",unknown
The GOLF House Of Maple Park,Simulator,Golf Simulator,False,(630) 202-4653,https://www.thegolfhouseofmaplepark.com/,80 Kennebec St,Maple Park,Illinois,IL,60151,41.9075089,-88.6004662,America/Chicago,0.0,Unrated,0,10,True,True,"https://www.google.com/maps/place/The+Golf+House+of+Maple+Park/@41.907508899999996,-88.6004662,14z/data=!4m8!1m2!2m1!1sThe+Golf+House+of+Maple+Park!3m4!1s0x880ed9939097c1bb:0x17b64e0a6b72c4e3!8m2!3d41.907508899999996!4d-88.6004662",,0,False,Indoor,True,,False,OPERATIONAL,True,crawled,custom club fitting Illinois,False,The Golf House of Maple Park,"{""Accessibility"": {""Wheelchair accessible parking lot"": true}}",failed
The GOLF Facility,Simulator,Golf Simulator,False,(708) 694-4014,https://www.thegolffacility.com/,19031 Old Lagrange Rd Suite 200,Mokena,Illinois,IL,60448,41.5446837,-87.84895739999999,America/Chicago,5.0,Top Rated,0,62,True,True,"https://www.google.com/maps/place/The+Golf+Facility/@41.5446837,-87.84895739999999,14z/data=!4m8!1m2!2m1!1sThe+Golf+Facility!3m4!1s0x880e15d7fa49b71f:0xa97db9bdf0866f7d!8m2!3d41.5446837!4d-87.84895739999999",,0,False,Indoor,True,"{""Wednesday"": [""10AM-8PM""]}",False,OPERATIONAL,True,crawled,custom club fitting Illinois,False,The Golf Facility,"{""Accessibility"": {""Wheelchair accessible entrance"": true, ""Wheelchair accessible parking lot"": true, ""Wheelchair accessible restroom"": true}}",unknown
Keegan GOLF Performance Studio,Instruction,Golf Instruction,False,(815) 557-8671,https://keegangolf.com/,539 Bedford Rd,Morris,Illinois,IL,60450,41.3713855,-88.4310082,America/Chicago,5.0,Top Rated,0,4,True,True,"https://www.google.com/maps/place/Keegan+Golf+Performance+Studio/@41.371385499999995,-88.4310082,14z/data=!4m8!1m2!2m1!1sKeegan+Golf+Performance+Studio!3m4!1s0x880e990ac303ff1d:0x26216d5f6e648ad9!8m2!3d41.371385499999995!4d-88.4310082",,0,False,Unknown,True,,False,OPERATIONAL,True,crawl_failed,independent clubmaker Illinois,False,Keegan Golf Performance Studio,"{""Accessibility"": {""Wheelchair accessible entrance"": true, ""Wheelchair accessible parking lot"": true}}",failed
Vanquish GOLF Works,Retailer,Custom Club Building,False,(630) 244-9905,https://vanquishgolfworks.com/,1076 Mattande Ln,Naperville,Illinois,IL,60540,41.7791368,-88.13000269999999,America/Chicago,5.0,Top Rated,0,33,True,True,"https://www.google.com/maps/place/Vanquish+Golf+Works/@41.779136799999996,-88.13000269999999,14z/data=!4m8!1m2!2m1!1sVanquish+Golf+Works!3m4!1s0x880e5757e1b8e65d:0x46e084a93e2ec5d1!8m2!3d41.779136799999996!4d-88.13000269999999",Custom Club Building | Retail / Pro Shop | Shaft & Grip Sales,3,False,Indoor,True,"{""Wednesday"": [""4-8PM""]}",False,OPERATIONAL,True,crawled,independent clubmaker Illinois,False,Vanquish Golf Works,"{""Accessibility"": {""Wheelchair accessible parking lot"": true}}",
PXG Chicago North,Clubfitter,Club Fitting,False,(847) 480-4653,https://www.pxg.com/pages/golf-stores/pxg-chicago-north,1955 Techny Rd Unit 2,Northbrook,Illinois,IL,60062,42.1158333,-87.8284231,America/Chicago,4.7,Top Rated,0,138,True,True,"https://www.google.com/maps/place/PXG+Chicago+North/@42.1158333,-87.8284231,14z/data=!4m8!1m2!2m1!1sPXG+Chicago+North!3m4!1s0x880fc7d5d01ba26b:0x10adbcaa0c3e1316!8m2!3d42.1158333!4d-87.8284231",Club Fitting | Launch Monitor | Golf Simulator | Retail / Pro Shop,4,True,Indoor,True,"{""Wednesday"": [""9AM-5PM""]}",False,OPERATIONAL,True,crawled,custom club fitting Illinois,False,PXG Chicago North,"{""Accessibility"": {""Wheelchair accessible entrance"": true, ""Wheelchair accessible parking lot"": true}, ""Other"": {""LGBTQ+ friendly"": true, ""Identifies as veteran-owned"": true}}",
Bettinardi Studio B Oak Brook,Clubfitter,Club Fitting,False,(630) 819-8592,https://bettinardi.com/pages/studio-b,1225 W 22nd St suite 130,Oak Brook,Illinois,IL,60523,41.8462663,-87.94984769999999,America/Chicago,5.0,Top Rated,0,32,True,True,"https://www.google.com/maps/place/Bettinardi+Studio+B+Oak+Brook/@41.846266299999996,-87.94984769999999,14z/data=!4m8!1m2!2m1!1sBettinardi+Studio+B+Oak+Brook!3m4!1s0x880e4d7971934293:0xc5d896012c10296!8m2!3d41.846266299999996!4d-87.94984769999999",Club Fitting | Club Repair | Retail / Pro Shop | Shaft & Grip Sales,4,True,Indoor,True,"{""Wednesday"": [""9AM-6PM""]}",False,OPERATIONAL,True,crawled,custom club fitting Illinois,False,Bettinardi Studio B Oak Brook,"{""Accessibility"": {""Wheelchair accessible entrance"": true, ""Wheelchair accessible parking lot"": true}}",
PXG Chicago West,Clubfitter,Club Fitting,False,(312) 896-0900,https://www.pxg.com/pages/golf-stores/pxg-chicago-west,17W705 Roosevelt Rd,Oakbrook Terrace,Illinois,IL,60181,41.8587894,-87.9756886,America/Chicago,5.0,Top Rated,0,59,True,True,"https://www.google.com/maps/place/PXG+Chicago+West/@41.8587894,-87.9756886,14z/data=!4m8!1m2!2m1!1sPXG+Chicago+West!3m4!1s0x880e4d42bd66be43:0xc8ae5c90b9a3b909!8m2!3d41.8587894!4d-87.9756886",Club Fitting | Launch Monitor | Golf Simulator | Retail / Pro Shop,4,True,Indoor,True,"{""Wednesday"": [""9AM-5PM""]}",False,OPERATIONAL,True,crawled,custom club fitting Illinois,False,PXG Chicago West,"{""Accessibility"": {""Wheelchair accessible entrance"": true, ""Wheelchair accessible parking lot"": true}}",
Palos GOLF Inc.,Clubfitter,Club Fitting,False,(708) 974-4060,https://www.palosgolf.com/,11226 SW Hwy,Palos Hills,Illinois,IL,60465,41.6867758,-87.80992049999999,America/Chicago,4.7,Top Rated,0,10,True,True,"https://www.google.com/maps/place/Palos+Golf+Inc./@41.6867758,-87.80992049999999,14z/data=!4m8!1m2!2m1!1sPalos+Golf+Inc.!3m4!1s0x880e391b938facd9:0xe45d6969e4e6e9d5!8m2!3d41.6867758!4d-87.80992049999999",Club Fitting | Club Repair | Golf Lessons | Launch Monitor | Golf Simulator | Retail / Pro Shop | Shaft & Grip Sales,7,True,Indoor,True,"{""Wednesday"": [""9:30AM-5PM""]}",False,OPERATIONAL,True,crawled,custom club fitting Illinois,False,Palos Golf Inc.,"{""Accessibility"": {""Wheelchair accessible entrance"": true, ""Wheelchair accessible parking lot"": true}}",
Illini GOLF,Golf Course / Pro Shop,Club Fitting,False,(309) 685-4653,https://illinigolf.com/,4700 N University St ste 70,Peoria,Illinois,IL,61614,40.7462538,-89.608733,America/Chicago,4.9,Top Rated,0,43,True,True,"https://www.google.com/maps/place/Illini+Golf/@40.7462538,-89.608733,14z/data=!4m8!1m2!2m1!1sIllini+Golf!3m4!1s0x880a5c0c51535945:0xd22d2b74346ce5b3!8m2!3d40.7462538!4d-89.608733",Club Fitting | Club Repair | Custom Club Building | Golf Lessons | Launch Monitor | Retail / Pro Shop | Shaft & Grip Sales,7,True,Outdoor,True,"{""Wednesday"": [""9AM-6PM""]}",False,OPERATIONAL,True,crawled,independent clubmaker Illinois,False,Illini Golf,"{""Accessibility"": {""Wheelchair accessible entrance"": true, ""Wheelchair accessible parking lot"": true}, ""Other"": {""LGBTQ+ friendly"": true}}",
Putter Stand,Retailer,Golf Retail,False,(331) 725-0336,https://www.putterstand.net/,24322 W 143rd St,Plainfield,Illinois,IL,60544,41.6231059,-88.2118265,America/Chicago,5.0,Top Rated,0,8,True,True,"https://www.google.com/maps/place/Putter+Stand/@41.6231059,-88.2118265,14z/data=!4m8!1m2!2m1!1sPutter+Stand!3m4!1s0x275c2c565018d01b:0xba16bae863e3c72!8m2!3d41.6231059!4d-88.2118265",Retail / Pro Shop,1,False,Indoor,True,"{""Wednesday"": [""8AM-4PM""]}",False,OPERATIONAL,True,crawled,boutique golf shop Illinois,False,Putter Stand,"{""Accessibility"": {""Wheelchair accessible parking lot"": true}}",enriched
Discount GOLF World,Retailer,Golf Retail,False,(217) 222-8000,https://www.discountgolfworld.com/,2828 Broadway St,Quincy,Illinois,IL,62301,39.9348523,-91.3701342,America/Chicago,3.9,Well Reviewed,0,10,True,True,"https://www.google.com/maps/place/Discount+Golf+World/@39.934852299999996,-91.3701342,14z/data=!4m8!1m2!2m1!1sDiscount+Golf+World!3m4!1s0x87ddf7817407eba9:0x10dc0efb25a82df9!8m2!3d39.934852299999996!4d-91.3701342",Retail / Pro Shop,1,False,Indoor,True,"{""Wednesday"": [""9AM-6PM""]}",False,OPERATIONAL,True,crawled,boutique golf shop Illinois,False,Discount Golf World,"{""Accessibility"": {""Wheelchair accessible entrance"": true, ""Wheelchair accessible parking lot"": true}}",
Clp GOLF Indoors,Instruction,Golf Instruction,False,(331) 338-3999,https://www.clpgolf.com/,1312 Enterprise Dr STE I,Romeoville,Illinois,IL,60446,41.6697134,-88.0763073,America/Chicago,5.0,Top Rated,0,7,True,True,"https://www.google.com/maps/place/CLP+Golf+Indoors/@41.6697134,-88.0763073,14z/data=!4m8!1m2!2m1!1sCLP+Golf+Indoors!3m4!1s0x880e5be5d681a1d9:0xbeda54541d17489c!8m2!3d41.6697134!4d-88.0763073",Golf Lessons,1,False,Unknown,True,"{""Wednesday"": [""8:30AM-10PM""]}",False,OPERATIONAL,True,crawled,independent clubmaker Illinois,False,CLP Golf Indoors,"{""Accessibility"": {""Wheelchair accessible entrance"": true, ""Wheelchair accessible parking lot"": true}}",
Mistwood GOLF Club,Driving Range,Club Fitting,False,(815) 254-3333,https://mistwoodgc.com/,1700 W Renwick Rd,Romeoville,Illinois,IL,60446,41.5954855,-88.1435114,America/Chicago,4.8,Top Rated,0,385,True,True,"https://www.google.com/maps/place/Mistwood+Golf+Club/@41.595485499999995,-88.1435114,14z/data=!4m8!1m2!2m1!1sMistwood+Golf+Club!3m4!1s0x880e5fc308830e39:0xf450eef34152bbfb!8m2!3d41.595485499999995!4d-88.1435114",Club Fitting | Golf Simulator | Retail / Pro Shop,3,True,Indoor,True,"{""Wednesday"": [""6AM-8PM""]}",False,OPERATIONAL,True,crawled,custom club fitting Illinois,False,Mistwood Golf Club,"{""Accessibility"": {""Wheelchair accessible entrance"": true, ""Wheelchair accessible parking lot"": true, ""Wheelchair accessible restroom"": true}}",
Par GOLF Supply,Retailer,Golf Retail,False,(800) 572-4824,https://pargolf.com/,550 Pratt Ave N,Schaumburg,Illinois,IL,60193,41.9991266,-88.09380829999999,America/Chicago,4.9,Top Rated,0,3,True,True,"https://www.google.com/maps/place/Par+Golf+Supply/@41.9991266,-88.09380829999999,14z/data=!4m8!1m2!2m1!1sPar+Golf+Supply!3m4!1s0x880fa94be9af1ea9:0x660184e714a8aab2!8m2!3d41.9991266!4d-88.09380829999999",Retail / Pro Shop,1,False,Indoor,True,"{""Wednesday"": [""8:30AM-4PM""]}",False,OPERATIONAL,True,crawled,boutique golf shop Illinois,False,Par Golf Supply,"{""Accessibility"": {""Wheelchair accessible entrance"": true, ""Wheelchair accessible parking lot"": true}}",
Sub 70 GOLF,Clubfitter,Club Fitting,False,(877) 267-7093,https://www.golfsub70.com/,202 Lucas St,Sycamore,Illinois,IL,60178,41.9935541,-88.6851803,America/Chicago,4.9,Top Rated,0,79,True,True,"https://www.google.com/maps/place/Sub+70+Golf/@41.9935541,-88.6851803,14z/data=!4m8!1m2!2m1!1sSub+70+Golf!3m4!1s0x880f2eccf1bfffff:0xbee1333b42f2bada!8m2!3d41.9935541!4d-88.6851803",Club Fitting | Golf Lessons | Retail / Pro Shop,3,True,Indoor,True,"{""Wednesday"": [""9AM-4PM""]}",False,OPERATIONAL,True,crawled,custom club fitting Illinois,False,Sub 70 Golf,"{""Accessibility"": {""Wheelchair accessible entrance"": true, ""Wheelchair accessible parking lot"": true}}",
The Seventy,Retailer,Golf Retail,False,(877) 267-7093,https://www.the-seventy.com/,307 W State St,Sycamore,Illinois,IL,60178,41.9890626,-88.6870868,America/Chicago,5.0,Top Rated,0,1,True,True,"https://www.google.com/maps/place/The+Seventy/@41.9890626,-88.6870868,14z/data=!4m8!1m2!2m1!1sThe+Seventy!3m4!1s0x880f291df094a605:0xddc6e4559afa7b40!8m2!3d41.9890626!4d-88.6870868",Retail / Pro Shop,1,False,Indoor,True,,False,OPERATIONAL,True,crawled,independent clubmaker Illinois,False,The Seventy,"{""Accessibility"": {""Wheelchair accessible entrance"": true, ""Wheelchair accessible parking lot"": true}}",
Saint's GOLF,Clubfitter,Club Fitting,False,(708) 342-1111,https://www.golfsaints.com/,16706 Oak Park Ave,Tinley Park,Illinois,IL,60477,41.587385,-87.7850888,America/Chicago,4.9,Top Rated,0,16,True,True,"https://www.google.com/maps/place/Saint%27s+Golf/@41.587385,-87.7850888,14z/data=!4m8!1m2!2m1!1sSaint%27s+Golf!3m4!1s0x880e3e051fca81c1:0xd4cc188378231bd7!8m2!3d41.587385!4d-87.7850888",Club Fitting | Retail / Pro Shop,2,True,Indoor,True,"{""Wednesday"": [""11AM-5PM""]}",False,OPERATIONAL,True,crawled,custom club fitting Illinois,False,Saint's Golf,"{""Accessibility"": {""Wheelchair accessible entrance"": true, ""Wheelchair accessible parking lot"": true}}",
"The GOLF Guy, LLC",Retailer,Club Repair,False,(630) 269-4636,https://thegolfguyllc.com/,28w577 Forestview Dr,Warrenville,Illinois,IL,60555,41.8113867,-88.18081,America/Chicago,5.0,Top Rated,0,6,True,True,"https://www.google.com/maps/place/The+Golf+Guy%2C+LLC/@41.8113867,-88.18081,14z/data=!4m8!1m2!2m1!1sThe+Golf+Guy%2C+LLC!3m4!1s0x880ef914dbc704a3:0xa89358bfaad74bb3!8m2!3d41.8113867!4d-88.18081",Club Repair | Retail / Pro Shop,2,False,Indoor,True,,False,OPERATIONAL,True,crawled,boutique golf shop Illinois,False,"The Golf Guy, LLC","{""Accessibility"": {""Wheelchair accessible parking lot"": true}}",
Brian King Performance GOLF,Simulator,Golf Simulator,False,(630) 202-4653,https://www.briankingperformancegolf.com/,2325 Longest Dr,West Chicago,Illinois,IL,60185,41.8866271,-88.2518348,America/Chicago,4.9,Top Rated,0,2,True,True,"https://www.google.com/maps/place/Brian+King+Performance+Golf/@41.8866271,-88.2518348,14z/data=!4m8!1m2!2m1!1sBrian+King+Performance+Golf!3m4!1s0x880f026e636b5b09:0x67e1024a92d134f!8m2!3d41.8866271!4d-88.2518348",Golf Lessons | Golf Simulator | Retail / Pro Shop,3,False,Indoor,True,,False,OPERATIONAL,True,crawled,independent clubmaker Illinois,False,Brian King Performance Golf,"{""Accessibility"": {""Wheelchair accessible entrance"": true, ""Wheelchair accessible parking lot"": true, ""Wheelchair accessible restroom"": true}}",
GOLF Direct Now,Retailer,Club Repair,False,(888) 647-2638,https://www.golfdirectnow.com/,560 W Roosevelt Rd,West Chicago,Illinois,IL,60185,41.8670127,-88.2151141,America/Chicago,4.7,Top Rated,0,34,True,True,"https://www.google.com/maps/place/Golf+Direct+Now/@41.8670127,-88.2151141,14z/data=!4m8!1m2!2m1!1sGolf+Direct+Now!3m4!1s0x880ef92a22cb7243:0x571ecd10800b91f2!8m2!3d41.8670127!4d-88.2151141",Club Repair | Retail / Pro Shop,2,False,Indoor,True,"{""Wednesday"": [""9AM-5PM""]}",False,OPERATIONAL,True,crawled,independent clubmaker Illinois,False,Golf Direct Now,"{""Accessibility"": {""Wheelchair accessible entrance"": true, ""Wheelchair accessible parking lot"": true, ""Wheelchair accessible restroom"": true, ""Wheelchair accessible seating"": true}}",
Inhome GOLF,Simulator,Golf Simulator,False,(800) 557-5859,https://inhomegolf.com/contact/new-jersey/,"245 W Roosevelt Rd Building 7, Unit 47",West Chicago,Illinois,IL,60185,41.8677886,-88.20770329999999,America/Chicago,3.7,Standard,0,14,True,True,"https://www.google.com/maps/place/InHome+Golf/@41.8677886,-88.20770329999999,14z/data=!4m8!1m2!2m1!1sInHome+Golf!3m4!1s0x89c257dbe92aa479:0xc2224f0a2babfcec!8m2!3d41.8677886!4d-88.20770329999999",Launch Monitor | Golf Simulator | Retail / Pro Shop,3,False,Indoor,True,"{""Wednesday"": [""8AM-6PM""]}",False,OPERATIONAL,True,crawled,custom club fitting Illinois,False,InHome Golf,"{""Accessibility"": {""Wheelchair accessible entrance"": true, ""Wheelchair accessible parking lot"": true}}",
Pelican GOLF Club Fittings And GOLF Repair,Simulator,Club Fitting,False,(630) 517-8480,https://pelicangolfcenter.com/,560 W Roosevelt Rd,West Chicago,Illinois,IL,60185,41.8670127,-88.2151141,America/Chicago,5.0,Top Rated,0,12,True,True,"https://www.google.com/maps/place/Pelican+Golf+Club+Fittings+and+Golf+Repair/@41.8670127,-88.2151141,14z/data=!4m8!1m2!2m1!1sPelican+Golf+Club+Fittings+and+Golf+Repair!3m4!1s0x880e55d41e337ed9:0xac0f9add12b3b0a7!8m2!3d41.8670127!4d-88.2151141",Club Fitting | Club Repair | Custom Club Building | Golf Lessons | Golf Simulator | Retail / Pro Shop | Shaft & Grip Sales,7,True,Indoor,True,"{""Wednesday"": [""9AM-6PM""]}",False,OPERATIONAL,True,crawled,independent clubmaker Illinois,False,Pelican Golf Club Fittings and Golf Repair,"{""Accessibility"": {""Wheelchair accessible entrance"": true, ""Wheelchair accessible parking lot"": true}}",
Chicago Bill's Ultimate GOLF,Clubfitter,Club Fitting,False,(630) 594-9500,https://chicagobillsgolf.com/chicago-bills-ultimate-golf-willowbrook/,7203 Kingery Hwy,Willowbrook,Illinois,IL,60527,41.756637,-87.943882,America/Chicago,4.5,Highly Rated,0,13,True,True,"https://www.google.com/maps/place/Chicago+Bill%27s+Ultimate+Golf/@41.756637,-87.943882,14z/data=!4m8!1m2!2m1!1sChicago+Bill%27s+Ultimate+Golf!3m4!1s0x880e4f46738e3d39:0xecd198dd51bd1d29!8m2!3d41.756637!4d-87.943882",Club Fitting | Retail / Pro Shop,2,True,Indoor,True,"{""Wednesday"": [""10AM-5PM""]}",False,OPERATIONAL,True,crawled,custom club fitting Illinois,False,Chicago Bill's Ultimate Golf,"{""Accessibility"": {""Wheelchair accessible entrance"": true, ""Wheelchair accessible parking lot"": true}}",
Eagle Two GOLF Center,Retailer,Custom Club Building,False,(317) 530-5621,https://eagle2gc.com/,2993 S Grove Blvd Ste 205,Bargersville,Indiana,IN,46106,39.5458874,-86.157804,America/Indianapolis,5.0,Top Rated,0,37,True,True,"https://www.google.com/maps/place/Eagle+Two+Golf+Center/@39.5458874,-86.157804,14z/data=!4m8!1m2!2m1!1sEagle+Two+Golf+Center!3m4!1s0x886b67feef2a1ee7:0xc1ba1dcf51ac2741!8m2!3d39.5458874!4d-86.157804",Custom Club Building | Retail / Pro Shop | Shaft & Grip Sales,3,False,Indoor,True,"{""Wednesday"": [""9AM-9PM""]}",False,OPERATIONAL,True,crawled,custom club fitting Indiana,False,Eagle Two Golf Center,"{""Accessibility"": {""Wheelchair accessible entrance"": true, ""Wheelchair accessible parking lot"": true, ""Wheelchair accessible restroom"": true}}",
The GOLF Shop,Retailer,Club Repair,False,(812) 243-3573,https://brand.site/TheGolfShop,215 Forest Acres Dr,Brazil,Indiana,IN,47834,39.5366353,-87.12548629999999,America/Indianapolis,5.0,Top Rated,0,9,True,True,"https://www.google.com/maps/place/The+Golf+Shop/@39.5366353,-87.12548629999999,14z/data=!4m8!1m2!2m1!1sThe+Golf+Shop!3m4!1s0x886d173129270dc9:0x8be99cc29814612e!8m2!3d39.5366353!4d-87.12548629999999",Club Repair | Retail / Pro Shop | Trade-In / Used Clubs,3,False,Indoor,True,,False,OPERATIONAL,True,crawled,boutique golf shop Indiana,False,The Golf Shop,"{""Accessibility"": {""Wheelchair accessible parking lot"": true}}",
Correct2compete,Simulator,Club Fitting,False,(317) 873-3636,https://www.correct2compete.com/,4250 W 99th St Suite 100,Carmel,Indiana,IN,46032,39.931076,-86.2384845,America/Indianapolis,4.8,Top Rated,0,14,True,True,"https://www.google.com/maps/place/Correct2Compete/@39.931076,-86.2384845,14z/data=!4m8!1m2!2m1!1sCorrect2Compete!3m4!1s0x8814aa987bbd2525:0xc4055049dcf5b147!8m2!3d39.931076!4d-86.2384845",Club Fitting | Custom Club Building | Golf Simulator,3,True,Indoor,True,"{""Wednesday"": [""6AM-8PM""]}",False,OPERATIONAL,True,crawled,custom club fitting Indiana,False,Correct2Compete,"{""Accessibility"": {""Wheelchair accessible entrance"": true, ""Wheelchair accessible parking lot"": true, ""Wheelchair accessible restroom"": true}}",
Elevation GOLF Indianapolis,Retailer,Golf Instruction,False,(317) 816-3111,https://www.elevationus.com/,"Academy at Prairie View Golf Club, 7000 Longest Dr",Carmel,Indiana,IN,46033,39.9782517,-86.0436993,America/Indianapolis,4.4,Highly Rated,0,29,True,True,"https://www.google.com/maps/place/Elevation+Golf+Indianapolis/@39.9782517,-86.0436993,14z/data=!4m8!1m2!2m1!1sElevation+Golf+Indianapolis!3m4!1s0x8814b6bb146d26c1:0xaebc728d539b4974!8m2!3d39.9782517!4d-86.0436993",Golf Lessons | Retail / Pro Shop,2,False,Indoor,True,"{""Wednesday"": [""10AM-6PM""]}",False,OPERATIONAL,True,crawled,independent clubmaker Indiana,False,Elevation Golf Indianapolis,"{""Accessibility"": {""Wheelchair accessible entrance"": true, ""Wheelchair accessible parking lot"": true, ""Wheelchair accessible restroom"": true}}",
Prairie View GOLF Club,Instruction,Golf Instruction,False,(317) 816-3100,https://www.prairieviewgc.com/,7000 Longest Dr,Carmel,Indiana,IN,46033,39.977707,-86.0432742,America/Indianapolis,4.6,Highly Rated,0,3556,True,False,"https://www.google.com/maps/place/Prairie+View+Golf+Club/@39.977706999999995,-86.0432742,14z/data=!4m8!1m2!2m1!1sPrairie+View+Golf+Club!3m4!1s0x8814b3c97f736dff:0x84da4d68c150d140!8m2!3d39.977706999999995!4d-86.0432742",Golf Lessons,1,False,Unknown,True,"{""Wednesday"": [""8AM-6PM""]}",False,OPERATIONAL,True,crawled,custom club fitting Indiana,False,Prairie View Golf Club,"{""Accessibility"": {""Wheelchair accessible entrance"": true, ""Wheelchair accessible parking lot"": true}}",
True Clubs,Clubfitter,Club Fitting,False,(317) 260-1600,https://www.trueclubs.com/,317 Gradle Dr,Carmel,Indiana,IN,46032,39.966425,-86.13231499999999,America/Indianapolis,4.7,Top Rated,0,24,True,True,"https://www.google.com/maps/place/True+Clubs/@39.966425,-86.13231499999999,14z/data=!4m8!1m2!2m1!1sTrue+Clubs!3m4!1s0x8814b86010f6da89:0xc1735b683d27298a!8m2!3d39.966425!4d-86.13231499999999",Club Fitting | Custom Club Building | Launch Monitor | Retail / Pro Shop | Shaft & Grip Sales,5,True,Indoor,True,"{""Wednesday"": [""10AM-6PM""]}",False,OPERATIONAL,True,crawled,independent clubmaker Indiana,False,True Clubs,"{""Accessibility"": {""Wheelchair accessible parking lot"": true}}",
Fairway Custom GOLF,Clubfitter,Club Fitting,False,,https://www.fairwaycustomgolf.co/,12500 Brooks School Rd,Fishers,Indiana,IN,46037,39.970385,-85.93989499999999,America/Indianapolis,4.7,Top Rated,0,4,True,True,"https://www.google.com/maps/place/Fairway+Custom+Golf/@39.970385,-85.93989499999999,14z/data=!4m8!1m2!2m1!1sFairway+Custom+Golf!3m4!1s0x8814b58d68e0ac33:0xbad35f3435711d68!8m2!3d39.970385!4d-85.93989499999999",Club Fitting | Custom Club Building | Launch Monitor | Retail / Pro Shop,4,True,Indoor,True,"{""Wednesday"": [""10AM-6PM""]}",False,OPERATIONAL,True,crawled,independent clubmaker Indiana,False,Fairway Custom Golf,"{""Accessibility"": {""Wheelchair accessible entrance"": true, ""Wheelchair accessible parking lot"": true}}",
Altura GOLF Lab,Clubfitter,Club Fitting,False,(260) 209-5134,https://alturagolflab.com/,1701 Freeman St,Fort Wayne,Indiana,IN,46802,41.0688781,-85.17872609999999,America/Indianapolis,4.8,Top Rated,0,54,True,True,"https://www.google.com/maps/place/Altura+Golf+Lab/@41.0688781,-85.17872609999999,14z/data=!4m8!1m2!2m1!1sAltura+Golf+Lab!3m4!1s0x8815e5072ddef87d:0x21bd744d573a7631!8m2!3d41.0688781!4d-85.17872609999999",Club Fitting | Golf Lessons | Launch Monitor | Retail / Pro Shop,4,True,Indoor,True,"{""Wednesday"": [""10AM-6PM""]}",False,OPERATIONAL,True,crawled,custom club fitting Indiana,False,Altura Golf Lab,"{""Accessibility"": {""Wheelchair accessible entrance"": true, ""Wheelchair accessible parking lot"": true, ""Wheelchair accessible restroom"": true}}",
Bobick's GOLF,Clubfitter,Club Fitting,False,(260) 747-4404,https://stores.worldwidegolfshops.com/in/fortwayne/bobicks-golf-bob.html,5200 Bluffton Rd,Fort Wayne,Indiana,IN,46809,41.03639709999999,-85.1667191,America/Indianapolis,4.7,Top Rated,0,31,True,True,"https://www.google.com/maps/place/Bobick%27s+Golf/@41.036397099999995,-85.1667191,14z/data=!4m8!1m2!2m1!1sBobick%27s+Golf!3m4!1s0x8815e594d25243e9:0xf8c8fc15fa720870!8m2!3d41.036397099999995!4d-85.1667191",Club Fitting | Club Repair | Launch Monitor | Golf Simulator | Club Rentals | Retail / Pro Shop | Shaft & Grip Sales,7,True,Indoor,True,"{""Wednesday"": [""10AM-6PM""]}",False,OPERATIONAL,True,crawled,custom club fitting Indiana,False,Bobick's Golf,"{""Accessibility"": {""Wheelchair accessible entrance"": true, ""Wheelchair accessible parking lot"": true}}",
Touchet Performance GOLF,Clubfitter,Club Fitting,False,(260) 436-4535,https://touchetgolf.com/,4130 Engleton Dr,Fort Wayne,Indiana,IN,46804,41.0460493,-85.1960405,America/Indianapolis,4.9,Top Rated,0,13,True,True,"https://www.google.com/maps/place/Touchet+Performance+Golf/@41.0460493,-85.1960405,14z/data=!4m8!1m2!2m1!1sTouchet+Performance+Golf!3m4!1s0x8815e693e75281e7:0x43ecaf38775bc7e1!8m2!3d41.0460493!4d-85.1960405",Club Fitting | Club Repair | Launch Monitor | Retail / Pro Shop,4,True,Indoor,True,"{""Wednesday"": [""10AM-7PM""]}",False,OPERATIONAL,True,crawled,independent clubmaker Indiana,False,Touchet Performance Golf,"{""Accessibility"": {""Wheelchair accessible entrance"": true, ""Wheelchair accessible parking lot"": true, ""Wheelchair accessible restroom"": true}}",
Tilbury GOLF Academy,Simulator,Club Fitting,False,(260) 667-1159,https://tilburygolfacademy.com/,655 IN-120 Suite C27,Fremont,Indiana,IN,46737,41.7266941,-85.002578,America/Indianapolis,5.0,Top Rated,0,15,True,True,"https://www.google.com/maps/place/Tilbury+Golf+Academy/@41.726694099999996,-85.002578,14z/data=!4m8!1m2!2m1!1sTilbury+Golf+Academy!3m4!1s0x8817d9d30fbf6575:0x7f0725375125dcd0!8m2!3d41.726694099999996!4d-85.002578",Club Fitting | Golf Lessons | Launch Monitor | Golf Simulator | Retail / Pro Shop,5,True,Indoor,True,"{""Wednesday"": [""9AM-9PM""]}",False,OPERATIONAL,True,crawled,custom club fitting Indiana,False,Tilbury Golf Academy,"{""Accessibility"": {""Wheelchair accessible entrance"": true, ""Wheelchair accessible parking lot"": true, ""Wheelchair accessible restroom"": true, ""Wheelchair accessible seating"": true}, ""Other"": {""Identifies as women-owned"": true}}",
Bob Uebelhor GOLF,Clubfitter,Club Fitting,False,(317) 881-4109,https://agcpgolf.com/bob-uebelhor/,7611 S Meridian St,Indianapolis,Indiana,IN,46217,39.6557289,-86.1578878,America/Indianapolis,4.5,Highly Rated,0,1,True,False,"https://www.google.com/maps/place/Bob+Uebelhor+Golf/@39.6557289,-86.1578878,14z/data=!4m8!1m2!2m1!1sBob+Uebelhor+Golf!3m4!1s0x886b5c1478009941:0xb37ec43347e95f8d!8m2!3d39.6557289!4d-86.1578878",Club Fitting | Custom Club Building | Retail / Pro Shop | Shaft & Grip Sales,4,True,Indoor,True,"{""Wednesday"": [""12-4PM""]}",False,OPERATIONAL,True,crawled,independent clubmaker Indiana,False,Bob Uebelhor Golf,"{""Accessibility"": {""Wheelchair accessible entrance"": true, ""Wheelchair accessible parking lot"": true}}",
Golo GOLF,Instruction,Golf Instruction,False,(317) 450-8243,https://goloindy.com/,435 Virginia Ave suite1300,Indianapolis,Indiana,IN,46203,39.7602001,-86.14854559999999,America/Indianapolis,5.0,Top Rated,0,12,True,True,"https://www.google.com/maps/place/GOLO+Golf/@39.7602001,-86.14854559999999,14z/data=!4m8!1m2!2m1!1sGOLO+Golf!3m4!1s0x886b5146de0d35b7:0x3efe1a20425cef7d!8m2!3d39.7602001!4d-86.14854559999999",Golf Lessons,1,False,Unknown,True,"{""Wednesday"": [""7AM-10PM""]}",False,OPERATIONAL,True,crawled,custom club fitting Indiana,False,GOLO Golf,"{""Accessibility"": {""Wheelchair accessible entrance"": true, ""Wheelchair accessible parking lot"": true, ""Wheelchair accessible restroom"": true, ""Wheelchair accessible seating"": true}}",
PXG Indianapolis,Clubfitter,Club Fitting,False,(463) 249-2600,https://www.pxg.com/pages/golf-stores/pxg-indianapolis,6091 E 82nd St,Indianapolis,Indiana,IN,46250,39.9047889,-86.06147759999999,America/Indianapolis,4.8,Top Rated,0,74,True,True,"https://www.google.com/maps/place/PXG+Indianapolis/@39.9047889,-86.06147759999999,14z/data=!4m8!1m2!2m1!1sPXG+Indianapolis!3m4!1s0x886b4d20361283cd:0x875b6a4f0c938e32!8m2!3d39.9047889!4d-86.06147759999999",Club Fitting | Launch Monitor | Golf Simulator | Retail / Pro Shop | Shaft & Grip Sales,5,True,Indoor,True,"{""Wednesday"": [""9AM-5PM""]}",False,OPERATIONAL,True,crawled,independent clubmaker Indiana,False,PXG Indianapolis,"{""Accessibility"": {""Wheelchair accessible entrance"": true, ""Wheelchair accessible parking lot"": true}}",
The GOLF Nest - Indy,Instruction,Golf Instruction,False,(812) 720-0185,https://golfnest.as.me/,8770 Guion Rd Ste C,Indianapolis,Indiana,IN,46268,39.9139615,-86.2311459,America/Indianapolis,5.0,Top Rated,0,8,True,True,"https://www.google.com/maps/place/The+Golf+Nest+-+Indy/@39.9139615,-86.2311459,14z/data=!4m8!1m2!2m1!1sThe+Golf+Nest+-+Indy!3m4!1s0x886b55d679088609:0x7230cfc8c9df74c9!8m2!3d39.9139615!4d-86.2311459",Golf Lessons,1,False,Unknown,True,"{""Wednesday"": [""Open 24 hours""]}",False,OPERATIONAL,True,crawled,custom club fitting Indiana,False,The Golf Nest - Indy,"{""Accessibility"": {""Wheelchair accessible entrance"": true, ""Wheelchair accessible parking lot"": true, ""Wheelchair accessible restroom"": true}}",
Mat Blair's GOLF Studio,Simulator,Club Fitting,False,(219) 380-5289,https://matblairgolfstudio.com/,720 E Lincolnway,La Porte,Indiana,IN,46350,41.6185451,-86.7047307,America/Chicago,5.0,Top Rated,0,24,True,True,"https://www.google.com/maps/place/Mat+Blair%27s+Golf+Studio/@41.6185451,-86.7047307,14z/data=!4m8!1m2!2m1!1sMat+Blair%27s+Golf+Studio!3m4!1s0x8811137f0c45f6cd:0x8e5f2ed9d801df27!8m2!3d41.6185451!4d-86.7047307",Club Fitting | Golf Lessons | Launch Monitor | Golf Simulator | Shaft & Grip Sales,5,True,Indoor,True,"{""Wednesday"": [""8AM-9PM""]}",False,OPERATIONAL,True,crawled,independent clubmaker Indiana,False,Mat Blair's Golf Studio,"{""Accessibility"": {""Wheelchair accessible entrance"": true, ""Wheelchair accessible parking lot"": true, ""Wheelchair accessible restroom"": true}}",
Club House LLC,Retailer,Golf Retail,False,(765) 476-6187,https://www.clubhouse-llc.com/,2500 Veterans Memorial Pkwy E,Lafayette,Indiana,IN,47905,40.3808374,-86.8153303,America/Indianapolis,5.0,Top Rated,0,1,True,True,"https://www.google.com/maps/place/CLUB+HOUSE+LLC/@40.3808374,-86.8153303,14z/data=!4m8!1m2!2m1!1sCLUB+HOUSE+LLC!3m4!1s0x88131bada9820d07:0x1e6f69eccbdf4a1!8m2!3d40.3808374!4d-86.8153303",,0,False,Indoor,True,"{""Wednesday"": [""6:30-10PM""]}",False,OPERATIONAL,True,crawled,independent clubmaker Indiana,False,CLUB HOUSE LLC,"{""Accessibility"": {""Wheelchair accessible restroom"": false, ""Wheelchair accessible seating"": false}}",unknown
GOLF Pro-formance Academy,Instruction,Golf Instruction,False,(317) 769-3482,https://www.golfindiana.com/,6905 S 525 E,Lebanon,Indiana,IN,46052,39.9417345,-86.3679219,America/Indianapolis,5.0,Top Rated,0,11,True,True,"https://www.google.com/maps/place/Golf+Pro-Formance+Academy/@39.941734499999995,-86.3679219,14z/data=!4m8!1m2!2m1!1sGolf+Pro-Formance+Academy!3m4!1s0x88135324c3da5887:0x60d881eb4c76ce48!8m2!3d39.941734499999995!4d-86.3679219",Golf Lessons,1,False,Unknown,True,,False,OPERATIONAL,True,crawled,independent clubmaker Indiana,False,Golf Pro-Formance Academy,"{""Accessibility"": {""Wheelchair accessible entrance"": true, ""Wheelchair accessible parking lot"": true, ""Wheelchair accessible restroom"": true, ""Wheelchair accessible seating"": true}}",
Limitless GOLF Club,Simulator,Golf Simulator,False,(815) 806-7611,https://www.limitlessgolfclub.com/,616 Progress Ave,Munster,Indiana,IN,46321,41.5340453,-87.5129156,America/Chicago,5.0,Top Rated,0,6,True,True,"https://www.google.com/maps/place/Limitless+Golf+Club/@41.534045299999995,-87.5129156,14z/data=!4m8!1m2!2m1!1sLimitless+Golf+Club!3m4!1s0x8811e10a9bb2b239:0x4f618c4acca36314!8m2!3d41.534045299999995!4d-87.5129156",Golf Simulator | Retail / Pro Shop,2,False,Indoor,True,"{""Wednesday"": [""11AM-9PM""]}",False,OPERATIONAL,True,crawled,custom club fitting Indiana,False,Limitless Golf Club,"{""Accessibility"": {""Wheelchair accessible entrance"": true, ""Wheelchair accessible parking lot"": true, ""Wheelchair accessible restroom"": true}}",
Barla GOLF Academy,Simulator,Club Fitting,False,(317) 210-3499,https://www.barlagolfacademy.com/,14660 Herriman Blvd #600,Noblesville,Indiana,IN,46060,40.0014944,-86.0050606,America/Indianapolis,5.0,Top Rated,0,84,True,True,"https://www.google.com/maps/place/Barla+Golf+Academy/@40.0014944,-86.0050606,14z/data=!4m8!1m2!2m1!1sBarla+Golf+Academy!3m4!1s0x8814b76b0a56de9d:0x57b21c718b2c6a3f!8m2!3d40.0014944!4d-86.0050606",Club Fitting | Club Repair | Custom Club Building | Golf Lessons | Launch Monitor | Retail / Pro Shop | Shaft & Grip Sales,7,True,Indoor,True,"{""Wednesday"": [""9AM-8PM""]}",False,OPERATIONAL,True,crawled,independent clubmaker Indiana,False,Barla Golf Academy,"{""Accessibility"": {""Wheelchair accessible entrance"": true, ""Wheelchair accessible parking lot"": true, ""Wheelchair accessible restroom"": true, ""Wheelchair accessible seating"": true}}",
J & M GOLF Shop,Retailer,Golf Retail,False,(219) 365-5611,https://jandmgolf.com/,9533 Wicker Ave,St John,Indiana,IN,46373,41.4456523,-87.4693123,America/Chicago,4.8,Top Rated,0,5,True,False,"https://www.google.com/maps/place/J+%26+M+Golf+Shop/@41.4456523,-87.4693123,14z/data=!4m8!1m2!2m1!1sJ+%26+M+Golf+Shop!3m4!1s0x8811e36775592667:0xab807bd8832d27b4!8m2!3d41.4456523!4d-87.4693123",Retail / Pro Shop | Shaft & Grip Sales,2,False,Indoor,True,"{""Wednesday"": [""9AM-6PM""]}",False,OPERATIONAL,True,crawled,independent clubmaker Indiana,False,J & M Golf Shop,"{""Accessibility"": {""Wheelchair accessible entrance"": true, ""Wheelchair accessible parking lot"": true}}",
GOLF Club Of Indiana,Instruction,Golf Instruction,False,(317) 769-6388,https://www.golfindiana.com/,6905 S 525 E,Whitestown,Indiana,IN,46075,39.9383242,-86.3691489,America/Indianapolis,4.3,Highly Rated,0,87,True,True,"https://www.google.com/maps/place/Golf+Club+of+Indiana/@39.9383242,-86.3691489,14z/data=!4m8!1m2!2m1!1sGolf+Club+of+Indiana!3m4!1s0x8813532369617a1d:0xf170e0b8b2607c58!8m2!3d39.9383242!4d-86.3691489",Golf Lessons,1,False,Unknown,True,"{""Wednesday"": [""7AM-8PM""]}",False,OPERATIONAL,True,crawled,independent clubmaker Indiana,False,Golf Club of Indiana,"{""Accessibility"": {""Wheelchair accessible entrance"": true, ""Wheelchair accessible parking lot"": true, ""Wheelchair accessible restroom"": true}}",
Swing Science LLC,Retailer,Shaft & Grip,False,(800) 783-0196,https://www.swingscience.net/,4796 Northwestern Dr,Zionsville,Indiana,IN,46077,39.9365884,-86.2403755,America/Indianapolis,4.3,Highly Rated,0,0,False,False,"https://www.google.com/maps/place/Swing+Science+LLC/@39.9365884,-86.2403755,14z/data=!4m8!1m2!2m1!1sSwing+Science+LLC!3m4!1s0x886b4cde8a754045:0xe38f4816742c4381!8m2!3d39.9365884!4d-86.2403755",Shaft & Grip Sales,1,False,Indoor,True,"{""Wednesday"": [""9AM-5PM""]}",False,OPERATIONAL,True,crawled,independent clubmaker Indiana,False,Swing Science LLC,"{""Accessibility"": {""Wheelchair accessible parking lot"": true}}",
The GOLF Hut,Simulator,Golf Simulator,False,(316) 295-3220,https://www.thegolfhutderby.squarespace.com/,301 E Madison Ave,Derby,Kansas,KS,67037,37.5477035,-97.2672667,America/Chicago,5.0,Top Rated,0,2,True,True,"https://www.google.com/maps/place/The+Golf+Hut/@37.5477035,-97.2672667,14z/data=!4m8!1m2!2m1!1sThe+Golf+Hut!3m4!1s0x87baeff508762a43:0xc886df6151a3f9b8!8m2!3d37.5477035!4d-97.2672667",Golf Lessons | Golf Simulator,2,False,Indoor,True,"{""Wednesday"": [""9AM-7PM""]}",False,OPERATIONAL,True,crawled,custom club fitting Kansas,False,The Golf Hut,"{""Accessibility"": {""Wheelchair accessible entrance"": true, ""Wheelchair accessible parking lot"": true}}",
Discs Unlimited,Retailer,Golf Retail,False,(785) 258-2494,https://www.discsunlimited.net/,7 N 1st St,Herington,Kansas,KS,67449,38.6707738,-96.9456034,America/Chicago,4.3,Highly Rated,0,5,True,True,"https://www.google.com/maps/place/Discs+Unlimited/@38.6707738,-96.9456034,14z/data=!4m8!1m2!2m1!1sDiscs+Unlimited!3m4!1s0x87bc65a09f2051dd:0x67357963a173d04a!8m2!3d38.6707738!4d-96.9456034",Retail / Pro Shop,1,False,Indoor,True,"{""Wednesday"": [""8AM-4PM""]}",False,OPERATIONAL,True,crawled,boutique golf shop Kansas,False,Discs Unlimited,"{""Accessibility"": {""Wheelchair accessible entrance"": true, ""Wheelchair accessible parking lot"": true}}",
GOLF Ball Paul's,Retailer,Golf Retail,False,(913) 677-5767,https://www.golfballpauls.com/,1233 Southwest Blvd,Kansas City,Kansas,KS,66103,39.0584172,-94.6254158,America/Chicago,4.8,Top Rated,0,4,True,True,"https://www.google.com/maps/place/Golf+Ball+Paul%27s/@39.0584172,-94.6254158,14z/data=!4m8!1m2!2m1!1sGolf+Ball+Paul%27s!3m4!1s0x87c0ee1f593bde93:0x7be064b44c3e0f4c!8m2!3d39.0584172!4d-94.6254158",Retail / Pro Shop,1,False,Indoor,True,"{""Wednesday"": [""9AM-3PM""]}",False,OPERATIONAL,True,crawled,boutique golf shop Kansas,False,Golf Ball Paul's,"{""Accessibility"": {""Wheelchair accessible entrance"": true, ""Wheelchair accessible parking lot"": true}}",
GOLF Md,Golf Course / Pro Shop,Club Fitting,False,(913) 663-5050,https://golf-md.com/,11231 Strang Line Rd ste b,Lenexa,Kansas,KS,66215,38.9252163,-94.753759,America/Chicago,4.8,Top Rated,0,17,True,True,"https://www.google.com/maps/place/Golf+MD/@38.925216299999995,-94.753759,14z/data=!4m8!1m2!2m1!1sGolf+MD!3m4!1s0x87c0951a37303317:0x73b1dd50a91264a!8m2!3d38.925216299999995!4d-94.753759",Club Fitting | Club Repair | Custom Club Building | Launch Monitor | Club Rentals | Retail / Pro Shop | Shaft & Grip Sales,7,True,Outdoor,True,"{""Wednesday"": [""10AM-6PM""]}",False,OPERATIONAL,True,crawled,independent clubmaker Kansas,False,Golf MD,"{""Accessibility"": {""Wheelchair accessible parking lot"": true}}",
Golftrk - Lenexa,Simulator,Club Fitting,False,(913) 513-4653,https://www.golftrk.com/lenexa-ks,11207 Strang Line Rd,Lenexa,Kansas,KS,66215,38.9252417,-94.752617,America/Chicago,4.8,Top Rated,0,13,True,True,"https://www.google.com/maps/place/GolfTRK+-+Lenexa/@38.9252417,-94.752617,14z/data=!4m8!1m2!2m1!1sGolfTRK+-+Lenexa!3m4!1s0x87c0951fe683d06d:0x65b13091af04b952!8m2!3d38.9252417!4d-94.752617",Club Fitting | Golf Simulator,2,True,Indoor,True,"{""Wednesday"": [""5AM-12AM""]}",False,OPERATIONAL,True,crawled,custom club fitting Kansas,False,GolfTRK - Lenexa,"{""Accessibility"": {""Wheelchair accessible entrance"": true, ""Wheelchair accessible parking lot"": true, ""Wheelchair accessible restroom"": true}}",
Perfect Hands GOLF,Retailer,Golf Retail,False,(913) 291-0034,https://www.perfecthandsgolf.com/,8859 Long St,Lenexa,Kansas,KS,66215,38.9686379,-94.7300515,America/Chicago,5.0,Top Rated,0,1,True,False,"https://www.google.com/maps/place/Perfect+Hands+Golf/@38.9686379,-94.7300515,14z/data=!4m8!1m2!2m1!1sPerfect+Hands+Golf!3m4!1s0x87c0950ed0395ab7:0x8fb47c7e0cf18e9b!8m2!3d38.9686379!4d-94.7300515",Retail / Pro Shop,1,False,Indoor,True,,False,OPERATIONAL,True,crawled,independent clubmaker Kansas,False,Perfect Hands Golf,"{""Accessibility"": {""Wheelchair accessible entrance"": true, ""Wheelchair accessible parking lot"": true}}",
GOLF USA Manhattan,Clubfitter,Club Fitting,False,(785) 537-9235,https://golfusamanhattan.com/,307 Fort Riley Blvd,Manhattan,Kansas,KS,66502,39.1737755,-96.5608907,America/Chicago,4.8,Top Rated,0,19,True,True,"https://www.google.com/maps/place/Golf+USA+Manhattan/@39.1737755,-96.5608907,14z/data=!4m8!1m2!2m1!1sGolf+USA+Manhattan!3m4!1s0x87bdcd098b5b8769:0x55f71bc71013b55c!8m2!3d39.1737755!4d-96.5608907",Club Fitting | Custom Club Building | Retail / Pro Shop | Shaft & Grip Sales,4,True,Indoor,True,"{""Wednesday"": [""10AM-6PM""]}",False,OPERATIONAL,True,crawled,custom club fitting Kansas,False,Golf USA Manhattan,"{""Accessibility"": {""Wheelchair accessible entrance"": true, ""Wheelchair accessible parking lot"": true}}",
PXG Kansas City,Clubfitter,Club Fitting,False,(913) 396-6100,https://www.pxg.com/pages/golf-stores/pxg-kansas-city,7517 W 119th St,Overland Park,Kansas,KS,66213,38.91231399999999,-94.6738387,America/Chicago,4.7,Top Rated,0,49,True,True,"https://www.google.com/maps/place/PXG+Kansas+City/@38.912313999999995,-94.67383869999999,14z/data=!4m8!1m2!2m1!1sPXG+Kansas+City!3m4!1s0x87c0ebc1786e0901:0xb1a5fea76964819d!8m2!3d38.912313999999995!4d-94.67383869999999",Club Fitting | Launch Monitor | Golf Simulator | Retail / Pro Shop | Shaft & Grip Sales,5,True,Indoor,True,"{""Wednesday"": [""9AM-5PM""]}",False,OPERATIONAL,True,crawled,independent clubmaker Kansas,False,PXG Kansas City,"{""Accessibility"": {""Wheelchair accessible entrance"": true, ""Wheelchair accessible parking lot"": true}}",
The GOLF Stable,Clubfitter,Club Fitting,False,(913) 269-1300,https://www.thegolfstable.com/,4200 W 83rd St,Prairie Village,Kansas,KS,66208,38.97911029999999,-94.6338567,America/Chicago,5.0,Top Rated,0,23,True,True,"https://www.google.com/maps/place/The+Golf+Stable/@38.979110299999995,-94.6338567,14z/data=!4m8!1m2!2m1!1sThe+Golf+Stable!3m4!1s0x87c0e9531ccb9ed7:0x93f946d20e2430b!8m2!3d38.979110299999995!4d-94.6338567",Club Fitting | Custom Club Building | Golf Lessons | Launch Monitor | Retail / Pro Shop,5,True,Indoor,True,,False,OPERATIONAL,True,crawled,independent clubmaker Kansas,False,The Golf Stable,"{""Accessibility"": {""Wheelchair accessible entrance"": true, ""Wheelchair accessible parking lot"": true, ""Wheelchair accessible restroom"": true}}",
The GOLF Shop,Clubfitter,Club Fitting,False,(785) 827-3548,https://www.thegolfshopsalina.com/,1402 S Santa Fe Ave,Salina,Kansas,KS,67401,38.8160339,-97.6095936,America/Chicago,4.8,Top Rated,0,3,True,True,"https://www.google.com/maps/place/The+Golf+Shop/@38.8160339,-97.6095936,14z/data=!4m8!1m2!2m1!1sThe+Golf+Shop!3m4!1s0x87bcc60245533fcf:0xe0b33203206fc515!8m2!3d38.8160339!4d-97.6095936",Club Fitting | Club Repair | Custom Club Building | Retail / Pro Shop | Trade-In / Used Clubs,5,True,Indoor,True,"{""Wednesday"": [""9:30AM-6PM""]}",False,OPERATIONAL,True,crawled,boutique golf shop Kansas,False,The Golf Shop,"{""Accessibility"": {""Wheelchair accessible entrance"": true, ""Wheelchair accessible parking lot"": true}}",
The GOLF Room,Simulator,Membership Programs,False,(913) 271-4363,https://calendly.com/thegolfroom,16230 Metcalf Ave,Stilwell,Kansas,KS,66085,38.8342077,-94.6681471,America/Chicago,0.0,Unrated,0,1,True,False,"https://www.google.com/maps/place/The+Golf+Room/@38.8342077,-94.6681471,14z/data=!4m8!1m2!2m1!1sThe+Golf+Room!3m4!1s0x87c0c17974db7713:0xa80f689f273c1bff!8m2!3d38.8342077!4d-94.6681471",Membership / Club Programs,1,False,Indoor,True,"{""Wednesday"": [""Open 24 hours""]}",False,OPERATIONAL,True,recrawled,custom club fitting Kansas,False,The Golf Room,"{""Accessibility"": {""Wheelchair accessible entrance"": true, ""Wheelchair accessible parking lot"": true}}",
Totalperformancegolf,Instruction,Golf Instruction,False,(913) 207-6400,https://johnrichman.com/,7320 W 162nd St #101,Stilwell,Kansas,KS,66085,38.8351247,-94.6702953,America/Chicago,5.0,Top Rated,0,0,False,True,"https://www.google.com/maps/place/Totalperformancegolf/@38.8351247,-94.67029529999999,14z/data=!4m8!1m2!2m1!1sTotalperformancegolf!3m4!1s0x87c0c1bb66cd3e25:0x92c6e208e4211001!8m2!3d38.8351247!4d-94.67029529999999",Golf Lessons | Membership / Club Programs,2,False,Unknown,True,"{""Wednesday"": [""9AM-8PM""]}",False,OPERATIONAL,True,recrawled,independent clubmaker Kansas,False,Totalperformancegolf,"{""Accessibility"": {""Wheelchair accessible entrance"": true, ""Wheelchair accessible parking lot"": true, ""Wheelchair accessible restroom"": true}}",
Coach Bear GOLF,Instruction,Golf Instruction,False,(316) 559-7841,https://www.coachbeargolf.com/connect-with-coach-bear,12610 E Zimmerly St,Wichita,Kansas,KS,67207,37.6677681,-97.1912206,America/Chicago,5.0,Top Rated,0,60,True,True,"https://www.google.com/maps/place/Coach+Bear+Golf/@37.667768099999996,-97.1912206,14z/data=!4m8!1m2!2m1!1sCoach+Bear+Golf!3m4!1s0x87bafb10532eb3e7:0x7da7deb17c24fef3!8m2!3d37.667768099999996!4d-97.1912206",,0,False,Unknown,True,"{""Wednesday"": [""8AM-9PM""]}",False,OPERATIONAL,True,crawled,custom club fitting Kansas,False,Coach Bear Golf,"{""Accessibility"": {""Wheelchair accessible entrance"": true, ""Wheelchair accessible parking lot"": true, ""Wheelchair accessible restroom"": true}}",failed
Kansas GOLF & Turf INC,Retailer,Golf Retail,False,(316) 267-9111,https://www.shopkgt.com/,5701 Chuzy Dr,Wichita,Kansas,KS,67219,37.7876116,-97.3251685,America/Chicago,4.6,Highly Rated,0,13,True,True,"https://www.google.com/maps/place/Kansas+Golf+%26+Turf+Inc/@37.7876116,-97.32516849999999,14z/data=!4m8!1m2!2m1!1sKansas+Golf+%26+Turf+Inc!3m4!1s0x87bb1db6aeb3af4f:0x117f6f67c03a0ce7!8m2!3d37.7876116!4d-97.32516849999999",Retail / Pro Shop,1,False,Indoor,True,"{""Wednesday"": [""8AM-5PM""]}",False,OPERATIONAL,True,crawled,boutique golf shop Kansas,False,Kansas Golf & Turf Inc,"{""Accessibility"": {""Wheelchair accessible entrance"": true, ""Wheelchair accessible parking lot"": true}}",
PRO Link GOLF,Clubfitter,Club Fitting,False,(316) 262-3131,https://www.prolinkgolfwichita.net/,1612 S St Francis Ave,Wichita,Kansas,KS,67211,37.6639796,-97.3310885,America/Chicago,4.9,Top Rated,0,21,True,True,"https://www.google.com/maps/place/Pro+Link+Golf/@37.6639796,-97.33108849999999,14z/data=!4m8!1m2!2m1!1sPro+Link+Golf!3m4!1s0x87bae40adcd37217:0xd2ca22eea980026e!8m2!3d37.6639796!4d-97.33108849999999",Club Fitting | Club Repair | Retail / Pro Shop,3,True,Indoor,True,"{""Wednesday"": [""10AM-4:30PM""]}",False,OPERATIONAL,True,crawled,custom club fitting Kansas,False,Pro Link Golf,"{""Accessibility"": {""Wheelchair accessible entrance"": true, ""Wheelchair accessible parking lot"": true}}",
Rolling Hills GOLF Shop,Retailer,Golf Retail,False,(316) 722-1181,https://rollinghillswichita.com/,9612 W Maple St,Wichita,Kansas,KS,67209,37.6800043,-97.4531546,America/Chicago,0.0,Unrated,0,1,True,False,"https://www.google.com/maps/place/Rolling+Hills+Golf+Shop/@37.6800043,-97.45315459999999,14z/data=!4m8!1m2!2m1!1sRolling+Hills+Golf+Shop!3m4!1s0x87badf32822a85c9:0xd157e4f84597e212!8m2!3d37.6800043!4d-97.45315459999999",,0,False,Indoor,True,,False,OPERATIONAL,True,crawled,boutique golf shop Kansas,False,Rolling Hills Golf Shop,"{""Accessibility"": {""Wheelchair accessible entrance"": true, ""Wheelchair accessible parking lot"": true}}",failed
Sticks 96 GOLF,Clubfitter,Club Fitting,False,(316) 719-2489,https://www.sticks96golf.com/,2621 N Greenwich Rd #700,Wichita,Kansas,KS,67226,37.7321625,-97.2084579,America/Chicago,4.7,Top Rated,0,52,True,True,"https://www.google.com/maps/place/Sticks+96+Golf/@37.7321625,-97.2084579,14z/data=!4m8!1m2!2m1!1sSticks+96+Golf!3m4!1s0x87bafdbb85b2655b:0x1ab7a68154645455!8m2!3d37.7321625!4d-97.2084579",Club Fitting | Club Repair | Golf Lessons | Launch Monitor | Retail / Pro Shop | Shaft & Grip Sales,6,True,Indoor,True,"{""Wednesday"": [""9AM-6PM""]}",False,OPERATIONAL,True,crawled,custom club fitting Kansas,False,Sticks 96 Golf,"{""Accessibility"": {""Wheelchair accessible entrance"": true, ""Wheelchair accessible parking lot"": true}}",
Tgw - The GOLF Warehouse,Retailer,Golf Retail,False,(888) 838-5551,https://www.tgw.com/,8908 E 34th St N,Wichita,Kansas,KS,67226,37.7470855,-97.2336807,America/Chicago,4.7,Top Rated,0,29,True,True,"https://www.google.com/maps/place/TGW+-+The+Golf+Warehouse/@37.7470855,-97.2336807,14z/data=!4m8!1m2!2m1!1sTGW+-+The+Golf+Warehouse!3m4!1s0x87bafd70006f455d:0x3fc9a7165541490!8m2!3d37.7470855!4d-97.2336807",Retail / Pro Shop,1,False,Indoor,True,"{""Wednesday"": [""9AM-5PM""]}",False,OPERATIONAL,True,crawled,boutique golf shop Kansas,False,TGW - The Golf Warehouse,"{""Accessibility"": {""Wheelchair accessible entrance"": true, ""Wheelchair accessible parking lot"": true}}",
Spillman GOLF LLC,Clubfitter,Club Fitting,False,(859) 893-9849,https://spillmangolf.com/,601 Macrander Dr,Berea,Kentucky,KY,40403,37.6518802,-84.2265317,America/New_York,5.0,Top Rated,0,1,True,True,"https://www.google.com/maps/place/Spillman+Golf+LLC/@37.6518802,-84.2265317,14z/data=!4m8!1m2!2m1!1sSpillman+Golf+LLC!3m4!1s0x88431dbf14b39531:0x9f58092c46f1f241!8m2!3d37.6518802!4d-84.2265317",Club Fitting | Club Repair | Launch Monitor | Golf Simulator | Retail / Pro Shop | Shaft & Grip Sales,6,True,Indoor,True,,False,OPERATIONAL,True,crawled,custom club fitting Kentucky,False,Spillman Golf LLC,"{""Accessibility"": {""Wheelchair accessible parking lot"": true}}",
Hefty Lefty Club Works,Clubfitter,Club Fitting,False,(270) 368-0012,https://paddockgolf.com/,8674 Nashville Rd Suite 107,Bowling Green,Kentucky,KY,42101,36.8906563,-86.522183,America/Chicago,5.0,Top Rated,0,21,True,True,"https://www.google.com/maps/place/Hefty+Lefty+Club+Works/@36.890656299999996,-86.522183,14z/data=!4m8!1m2!2m1!1sHefty+Lefty+Club+Works!3m4!1s0x8865e93cd1d5cd67:0xc2977c2ce3793823!8m2!3d36.890656299999996!4d-86.522183",Club Fitting | Club Repair | Custom Club Building | Golf Lessons | Golf Simulator | Retail / Pro Shop | Shaft & Grip Sales,7,True,Indoor,True,"{""Wednesday"": [""10AM-9PM""]}",False,OPERATIONAL,True,crawled,custom club fitting Kentucky,False,Hefty Lefty Club Works,"{""Accessibility"": {""Wheelchair accessible parking lot"": true}}",
John's GOLF Shop,Retailer,Golf Retail,False,(270) 843-8256,https://www.indianhills-bgky.com/,200 Indian Hills Dr,Bowling Green,Kentucky,KY,42103,36.9937337,-86.39903319999999,America/Chicago,4.6,Highly Rated,0,4,True,False,"https://www.google.com/maps/place/John%27s+Golf+Shop/@36.9937337,-86.39903319999999,14z/data=!4m8!1m2!2m1!1sJohn%27s+Golf+Shop!3m4!1s0x8865e5e42dfcdeb5:0xc9ab8267a3deca81!8m2!3d36.9937337!4d-86.39903319999999",Retail / Pro Shop,1,False,Indoor,True,"{""Wednesday"": [""8AM-6PM""]}",False,OPERATIONAL,True,crawled,boutique golf shop Kentucky,False,John's Golf Shop,"{""Accessibility"": {""Wheelchair accessible entrance"": true, ""Wheelchair accessible parking lot"": true}}",
Paddock GOLF,Clubfitter,Club Fitting,False,(270) 368-0012,https://paddockgolf.com/,8624 Nashville Rd Suite 109,Bowling Green,Kentucky,KY,42101,36.8912136,-86.52192389999999,America/Chicago,5.0,Top Rated,0,5,True,True,"https://www.google.com/maps/place/Paddock+Golf/@36.8912136,-86.52192389999999,14z/data=!4m8!1m2!2m1!1sPaddock+Golf!3m4!1s0x8865c18e0cb62129:0xae7bd74413425c74!8m2!3d36.8912136!4d-86.52192389999999",Club Fitting | Club Repair | Custom Club Building | Golf Lessons | Golf Simulator | Retail / Pro Shop | Shaft & Grip Sales,7,True,Indoor,True,"{""Wednesday"": [""10AM-9PM""]}",False,OPERATIONAL,True,crawled,custom club fitting Kentucky,False,Paddock Golf,"{""Accessibility"": {""Wheelchair accessible entrance"": true, ""Wheelchair accessible parking lot"": true}, ""Other"": {""Identifies as veteran-owned"": true}}",
Disc 'n Dat,Retailer,Golf Retail,False,(859) 817-0007,https://therealdiscndat.com/,155 Lloyd Ave,Florence,Kentucky,KY,41042,39.008388,-84.62475409999999,America/New_York,4.9,Top Rated,0,49,True,True,"https://www.google.com/maps/place/Disc+%27n+Dat/@39.008388,-84.62475409999999,14z/data=!4m8!1m2!2m1!1sDisc+%27n+Dat!3m4!1s0x8841c7951e922e83:0x39eb03adb9ac7cc8!8m2!3d39.008388!4d-84.62475409999999",,0,False,Indoor,True,"{""Wednesday"": [""10AM-5PM""]}",False,OPERATIONAL,True,crawled,boutique golf shop Kentucky,False,Disc 'n Dat,"{""Accessibility"": {""Wheelchair accessible entrance"": true, ""Wheelchair accessible parking lot"": true}}",failed
GOLF Exchange,Clubfitter,Club Fitting,False,(859) 282-0444,https://www.golfexchange.com/,7729 Mall Rd,Florence,Kentucky,KY,41042,38.995045,-84.6558,America/New_York,4.7,Top Rated,0,148,True,True,"https://www.google.com/maps/place/Golf+Exchange/@38.995045,-84.6558,14z/data=!4m8!1m2!2m1!1sGolf+Exchange!3m4!1s0x8841c6516636485b:0xd3f764cb44108961!8m2!3d38.995045!4d-84.6558",Club Fitting | Club Repair | Custom Club Building | Retail / Pro Shop | Shaft & Grip Sales,5,True,Indoor,True,"{""Wednesday"": [""10AM-7PM""]}",False,OPERATIONAL,True,crawled,custom club fitting Kentucky,False,Golf Exchange,"{""Accessibility"": {""Wheelchair accessible entrance"": true, ""Wheelchair accessible parking lot"": true}, ""Other"": {""LGBTQ+ friendly"": true}}",
World Of GOLF,Simulator,Golf Simulator,False,(859) 371-8255,https://worldgolfky.com/,7400 Woodspoint Dr,Florence,Kentucky,KY,41042,39.0048568,-84.646199,America/New_York,3.9,Well Reviewed,0,163,True,True,"https://www.google.com/maps/place/World+of+Golf/@39.0048568,-84.646199,14z/data=!4m8!1m2!2m1!1sWorld+of+Golf!3m4!1s0x8841c7b4bf952b9b:0x956085920a87db0c!8m2!3d39.0048568!4d-84.646199",Golf Lessons | Golf Simulator | Golf Travel,3,False,Indoor,True,,False,OPERATIONAL,True,recrawled,custom club fitting Kentucky,False,World of Golf,"{""Accessibility"": {""Wheelchair accessible entrance"": true, ""Wheelchair accessible parking lot"": true}, ""Other"": {""Identifies as women-owned"": true}}",
Bang A Chain,Retailer,Golf Retail,False,(859) 327-3810,https://www.bangachain.com/,148 W Tiverton Way ST. 120,Lexington,Kentucky,KY,40503,37.9808587,-84.5319076,America/New_York,4.7,Top Rated,0,22,True,True,"https://www.google.com/maps/place/Bang+A+Chain/@37.9808587,-84.5319076,14z/data=!4m8!1m2!2m1!1sBang+A+Chain!3m4!1s0x88425bcffea938b7:0xb1994cc55f2add5c!8m2!3d37.9808587!4d-84.5319076",Retail / Pro Shop,1,False,Indoor,True,"{""Wednesday"": [""12-7PM""]}",False,OPERATIONAL,True,crawled,boutique golf shop Kentucky,False,Bang A Chain,"{""Accessibility"": {""Wheelchair accessible entrance"": true, ""Wheelchair accessible parking lot"": true}}",
Bluegrass GOLF Academy,Clubfitter,Club Fitting,False,(859) 321-7825,https://bluegrassgolfacademy.com/,2560 Palumbo Dr suite 110,Lexington,Kentucky,KY,40509,38.0146551,-84.4416042,America/New_York,5.0,Top Rated,0,2,True,True,"https://www.google.com/maps/place/Bluegrass+Golf+Academy/@38.0146551,-84.4416042,14z/data=!4m8!1m2!2m1!1sBluegrass+Golf+Academy!3m4!1s0x8842518ffc74d949:0x1a1c222d1bfe8953!8m2!3d38.0146551!4d-84.4416042",Club Fitting | Custom Club Building | Golf Lessons | Launch Monitor,4,True,Indoor,True,"{""Wednesday"": [""12-9PM""]}",False,OPERATIONAL,True,crawled,custom club fitting Kentucky,False,Bluegrass Golf Academy,"{""Accessibility"": {""Wheelchair accessible entrance"": true, ""Wheelchair accessible parking lot"": true, ""Wheelchair accessible restroom"": true}}",
Bomb Discs,Retailer,Club Repair,False,(859) 554-5663,https://bombdiscs.com/,198 Moore Dr #101,Lexington,Kentucky,KY,40503,38.0001363,-84.5244307,America/New_York,4.9,Top Rated,0,50,True,True,"https://www.google.com/maps/place/Bomb+Discs/@38.0001363,-84.5244307,14z/data=!4m8!1m2!2m1!1sBomb+Discs!3m4!1s0x88425da1ddc9d4a5:0xadebd24fb796d087!8m2!3d38.0001363!4d-84.5244307",Club Repair | Retail / Pro Shop,2,False,Indoor,True,"{""Wednesday"": [""10AM-7PM""]}",False,OPERATIONAL,True,crawled,boutique golf shop Kentucky,False,Bomb Discs,"{""Accessibility"": {""Wheelchair accessible entrance"": true, ""Wheelchair accessible parking lot"": true}}",
GOLF Exchange - Lexington,Clubfitter,Club Fitting,False,(859) 269-0202,https://www.golfexchange.com/,2890 Richmond Service Rd,Lexington,Kentucky,KY,40509,38.0067969,-84.4527701,America/New_York,4.5,Highly Rated,0,90,True,True,"https://www.google.com/maps/place/Golf+Exchange+-+Lexington/@38.0067969,-84.4527701,14z/data=!4m8!1m2!2m1!1sGolf+Exchange+-+Lexington!3m4!1s0x88425aa52b17cb4f:0xadcff54b977d1bf7!8m2!3d38.0067969!4d-84.4527701",Club Fitting | Club Repair | Shaft & Grip Sales | Retail / Pro Shop,4,True,Indoor,True,"{""Wednesday"": [""10AM-7PM""]}",False,OPERATIONAL,True,recrawled,custom club fitting Kentucky,False,Golf Exchange - Lexington,"{""Accessibility"": {""Wheelchair accessible entrance"": true, ""Wheelchair accessible parking lot"": true}, ""Other"": {""LGBTQ+ friendly"": true}}",
Man O' War GOLF Learning Center,Driving Range,Club Fitting,False,(859) 259-4653,https://www.manowargolf.com/,1201 Man o' War Blvd,Lexington,Kentucky,KY,40513,38.0320832,-84.5846624,America/New_York,4.7,Top Rated,0,17,True,True,"https://www.google.com/maps/place/Man+O%27+War+Golf+Learning+Center/@38.032083199999995,-84.5846624,14z/data=!4m8!1m2!2m1!1sMan+O%27+War+Golf+Learning+Center!3m4!1s0x884242b76a493503:0xab36cc8d4147e395!8m2!3d38.032083199999995!4d-84.5846624",Club Fitting | Club Repair | Golf Lessons | Retail / Pro Shop,4,True,Outdoor,True,"{""Wednesday"": [""9AM-8PM""]}",False,OPERATIONAL,True,crawled,custom club fitting Kentucky,False,Man O' War Golf Learning Center,"{""Accessibility"": {""Wheelchair accessible entrance"": true, ""Wheelchair accessible parking lot"": true, ""Wheelchair accessible restroom"": true}}",
The Golfer Dude LLC,Retailer,Club Repair,False,(859) 412-9426,https://thegolferdude.com/,281 Preakness Dr,Lexington,Kentucky,KY,40516,38.0725881,-84.4462178,America/New_York,0.0,Unrated,0,18,True,True,"https://www.google.com/maps/place/The+Golfer+Dude+llc/@38.0725881,-84.4462178,14z/data=!4m8!1m2!2m1!1sThe+Golfer+Dude+llc!3m4!1s0x884245ff2f7507c3:0xbbcb3d3ce5c2a6ff!8m2!3d38.0725881!4d-84.4462178",Club Repair | Shaft & Grip Sales,2,False,Indoor,True,,False,OPERATIONAL,True,crawled,custom club fitting Kentucky,False,The Golfer Dude llc,"{""Accessibility"": {""Wheelchair accessible parking lot"": true, ""Wheelchair accessible restroom"": false, ""Wheelchair accessible seating"": false}, ""Other"": {""LGBTQ+ friendly"": true}}",
Ben Fulkerson GOLF,Instruction,Golf Instruction,False,(502) 807-6187,https://www.fulkersongolf.com/,5000 Bardstown Rd,Louisville,Kentucky,KY,40291,38.1727664,-85.6184336,America/New_York,0.0,Unrated,0,1,True,False,"https://www.google.com/maps/place/Ben+Fulkerson+Golf/@38.1727664,-85.6184336,14z/data=!4m8!1m2!2m1!1sBen+Fulkerson+Golf!3m4!1s0x88690bc87e9e3a8d:0xf367094e090104ed!8m2!3d38.1727664!4d-85.6184336",,0,False,Unknown,True,"{""Wednesday"": [""9AM-7PM""]}",False,OPERATIONAL,True,crawl_failed,custom club fitting Kentucky,False,Ben Fulkerson Golf,"{""Accessibility"": {""Wheelchair accessible entrance"": true, ""Wheelchair accessible parking lot"": true}}",failed
Woodhaven Country Club,Driving Range,Membership Programs,False,(502) 491-7112,https://www.woodhavencountryclub.org/,7200 Woodhaven Rd,Louisville,Kentucky,KY,40291,38.1721712,-85.627493,America/New_York,4.6,Highly Rated,0,934,True,True,"https://www.google.com/maps/place/Woodhaven+Country+Club/@38.1721712,-85.627493,14z/data=!4m8!1m2!2m1!1sWoodhaven+Country+Club!3m4!1s0x88690a3eb6524aa9:0x630c093418ef28bc!8m2!3d38.1721712!4d-85.627493",Membership / Club Programs,1,False,Outdoor,False,"{""Wednesday"": [""10AM-8PM""]}",False,OPERATIONAL,True,recrawled,custom club fitting Kentucky,False,Woodhaven Country Club,"{""Accessibility"": {""Wheelchair accessible entrance"": true, ""Wheelchair accessible parking lot"": true}}",
High Performance GOLF Academy,Retailer,Golf Instruction,False,(502) 320-6953,https://hpgolfacademy.com/contact/,5600 Harrodsburg Rd,Nicholasville,Kentucky,KY,40356,37.9610825,-84.6033862,America/New_York,5.0,Top Rated,0,0,False,False,"https://www.google.com/maps/place/High+Performance+Golf+Academy/@37.961082499999996,-84.6033862,14z/data=!4m8!1m2!2m1!1sHigh+Performance+Golf+Academy!3m4!1s0x88425d8b2a100001:0x61061238943a97cd!8m2!3d37.961082499999996!4d-84.6033862",Golf Lessons | Retail / Pro Shop,2,False,Indoor,True,,False,OPERATIONAL,True,crawled,custom club fitting Kentucky,False,High Performance Golf Academy,"{""Accessibility"": {""Wheelchair accessible entrance"": true, ""Wheelchair accessible parking lot"": true, ""Wheelchair accessible restroom"": true}}",
Popcorn's GOLF & Stuff,Retailer,Club Repair,False,(270) 302-5616,https://popcornsgolfandstuff.com/,527 Emory Dr #110,Owensboro,Kentucky,KY,42301,37.7482656,-87.1144061,America/Chicago,5.0,Top Rated,0,10,True,True,"https://www.google.com/maps/place/Popcorn%27s+Golf+%26+Stuff/@37.748265599999996,-87.1144061,14z/data=!4m8!1m2!2m1!1sPopcorn%27s+Golf+%26+Stuff!3m4!1s0x886fa5912bb6e331:0xf0c57e76d06f33ac!8m2!3d37.748265599999996!4d-87.1144061",Club Repair | Retail / Pro Shop,2,False,Indoor,True,"{""Wednesday"": [""10AM-5:30PM""]}",False,OPERATIONAL,True,crawled,boutique golf shop Kentucky,False,Popcorn's Golf & Stuff,"{""Accessibility"": {""Wheelchair accessible entrance"": true, ""Wheelchair accessible parking lot"": true}}",
The GOLF Emporium,Clubfitter,Club Fitting,False,(270) 631-7888,https://golfemporiumowensboro.com/,325 Park Plaza Dr,Owensboro,Kentucky,KY,42301,37.7510671,-87.1135261,America/Chicago,5.0,Top Rated,0,6,True,True,"https://www.google.com/maps/place/The+Golf+Emporium/@37.7510671,-87.1135261,14z/data=!4m8!1m2!2m1!1sThe+Golf+Emporium!3m4!1s0x886fbb7ca34161bb:0x54c469cae6894d4b!8m2!3d37.7510671!4d-87.1135261",Club Fitting | Club Repair | Custom Club Building | Golf Lessons | Golf Simulator | Club Rentals | Retail / Pro Shop | Shaft & Grip Sales,8,True,Indoor,True,"{""Wednesday"": [""10AM-6PM""]}",False,OPERATIONAL,True,crawled,custom club fitting Kentucky,False,The Golf Emporium,"{""Accessibility"": {""Wheelchair accessible parking lot"": true}}",
Gibson Bay GOLF Garage,Clubfitter,Club Fitting,False,(859) 623-0225,https://www.gbgolfgarage.com/,1998 Gibson Bay Dr,Richmond,Kentucky,KY,40475,37.7336318,-84.2577786,America/New_York,5.0,Top Rated,0,6,True,True,"https://www.google.com/maps/place/Gibson+Bay+Golf+Garage/@37.7336318,-84.2577786,14z/data=!4m8!1m2!2m1!1sGibson+Bay+Golf+Garage!3m4!1s0x88430313bb37cfeb:0x394950af1048fe77!8m2!3d37.7336318!4d-84.2577786",Club Fitting | Golf Lessons | Golf Simulator | Retail / Pro Shop,4,True,Indoor,True,"{""Wednesday"": [""8AM-8PM""]}",False,OPERATIONAL,True,crawled,custom club fitting Kentucky,False,Gibson Bay Golf Garage,"{""Accessibility"": {""Wheelchair accessible entrance"": true, ""Wheelchair accessible parking lot"": true, ""Wheelchair accessible restroom"": true}}",
Schneider's GOLF Mechanics,Simulator,Golf Simulator,False,(225) 256-1173,https://www.schneidersgolfmechanics.com/,5454 Bluebonnet Blvd STE J,Baton Rouge,Louisiana,LA,70809,30.3986218,-91.0853542,America/Chicago,4.8,Top Rated,0,5,True,True,"https://www.google.com/maps/place/Schneider%27s+Golf+Mechanics/@30.398621799999997,-91.0853542,14z/data=!4m8!1m2!2m1!1sSchneider%27s+Golf+Mechanics!3m4!1s0x8626bb97cd730f17:0xfb03defd8f74a1f6!8m2!3d30.398621799999997!4d-91.0853542",,0,False,Indoor,True,"{""Wednesday"": [""9AM-9PM""]}",False,OPERATIONAL,True,crawled,independent clubmaker Louisiana,False,Schneider's Golf Mechanics,"{""Accessibility"": {""Wheelchair accessible entrance"": true, ""Wheelchair accessible parking lot"": true, ""Wheelchair accessible restroom"": true}}",failed
Louisiana GOLF Institute,Retailer,Golf Instruction,False,(337) 214-1244,https://www.louisianagolfinstitute.com/,172 Heritage Pkwy Suite K,Broussard,Louisiana,LA,70518,30.0886734,-91.9412028,America/Chicago,5.0,Top Rated,0,9,True,True,"https://www.google.com/maps/place/Louisiana+Golf+Institute+%28LGI%29/@30.088673399999998,-91.9412028,14z/data=!4m8!1m2!2m1!1sLouisiana+Golf+Institute+%28LGI%29!3m4!1s0x86237d14c3c133c9:0xd70f234a2cd0c22a!8m2!3d30.088673399999998!4d-91.9412028",Golf Lessons | Launch Monitor | Retail / Pro Shop,3,False,Indoor,True,"{""Wednesday"": [""7AM-5PM""]}",False,OPERATIONAL,True,crawled,independent clubmaker Louisiana,False,Louisiana Golf Institute,"{""Accessibility"": {""Wheelchair accessible entrance"": true, ""Wheelchair accessible parking lot"": true, ""Wheelchair accessible restroom"": true}}",
1.50 GOLF - Precision Fitting & Instruction,Clubfitter,Club Fitting,False,(985) 249-6860,https://www.150golf.com/covington-la,69292 LA-21,Covington,Louisiana,LA,70433,30.440854,-90.142535,America/Chicago,4.4,Highly Rated,0,8,True,True,"https://www.google.com/maps/place/1.50+Golf+-+Precision+Fitting+%26+Instruction/@30.440853999999998,-90.142535,14z/data=!4m8!1m2!2m1!1s1.50+Golf+-+Precision+Fitting+%26+Instruction!3m4!1s0x86275ca928398e37:0x13faa33e0d956d6d!8m2!3d30.440853999999998!4d-90.142535",Club Fitting | Club Repair | Golf Lessons,3,True,Indoor,True,"{""Wednesday"": [""9AM-6PM""]}",False,OPERATIONAL,True,crawled,independent clubmaker Louisiana,False,1.50 Golf - Precision Fitting & Instruction,"{""Accessibility"": {""Wheelchair accessible entrance"": true, ""Wheelchair accessible parking lot"": true}}",
Bebu GOLF Studios,Golf Course / Pro Shop,Club Fitting,False,(301) 814-3453,https://www.bebugolfstudio.com/,2132 Belle Chasse Hwy,Gretna,Louisiana,LA,70053,29.9033493,-90.05110979999999,America/Chicago,4.8,Top Rated,0,3,True,True,"https://www.google.com/maps/place/Bebu+Golf+Studios/@29.9033493,-90.05110979999999,14z/data=!4m8!1m2!2m1!1sBebu+Golf+Studios!3m4!1s0x8620a6c23d9d3111:0x373dbcbdeaf546f7!8m2!3d29.9033493!4d-90.05110979999999",Club Fitting | Custom Club Building | Golf Lessons | Launch Monitor | Retail / Pro Shop | Shaft & Grip Sales,6,True,Outdoor,True,"{""Wednesday"": [""9AM-6PM""]}",False,OPERATIONAL,True,crawled,independent clubmaker Louisiana,False,Bebu Golf Studios,"{""Accessibility"": {""Wheelchair accessible entrance"": true, ""Wheelchair accessible parking lot"": true}}",
Golfballs.com Retail Center,Retailer,Golf Retail,False,(337) 456-8686,https://www.golfballs.com/,126 Arnould Blvd,Lafayette,Louisiana,LA,70506,30.2035061,-92.0537019,America/Chicago,4.5,Highly Rated,0,57,True,True,"https://www.google.com/maps/place/Golfballs.com+Retail+Center/@30.2035061,-92.0537019,14z/data=!4m8!1m2!2m1!1sGolfballs.com+Retail+Center!3m4!1s0x86249c3bad57604d:0x168792d02bddc863!8m2!3d30.2035061!4d-92.0537019",Retail / Pro Shop,1,False,Indoor,True,"{""Wednesday"": [""9AM-6PM""]}",False,OPERATIONAL,True,crawled,custom club fitting Louisiana,False,Golfballs.com Retail Center,"{""Accessibility"": {""Wheelchair accessible entrance"": true, ""Wheelchair accessible parking lot"": true}}",
The GOLF Connection,Clubfitter,Club Fitting,False,(337) 534-0541,https://www.golfconnectionlouisiana.com/,2009 W Pinhook Rd,Lafayette,Louisiana,LA,70508,30.187279,-92.011669,America/Chicago,4.9,Top Rated,0,207,True,True,"https://www.google.com/maps/place/The+Golf+Connection/@30.187279,-92.011669,14z/data=!4m8!1m2!2m1!1sThe+Golf+Connection!3m4!1s0x86249d1e7d37b0ab:0xd83b478069ad8a11!8m2!3d30.187279!4d-92.011669",Club Fitting | Custom Club Building | Retail / Pro Shop | Shaft & Grip Sales,4,True,Indoor,True,"{""Wednesday"": [""9AM-6PM""]}",False,OPERATIONAL,True,crawled,independent clubmaker Louisiana,False,The Golf Connection,"{""Accessibility"": {""Wheelchair accessible entrance"": true, ""Wheelchair accessible parking lot"": true}}",
Guidry GOLF And Sport,Retailer,Golf Instruction,False,(337) 274-3639,https://www.guidrygolfandsport.com/,1144 LA-59,Mandeville,Louisiana,LA,70448,30.3674225,-90.05939169999999,America/Chicago,5.0,Top Rated,0,2,True,True,"https://www.google.com/maps/place/Guidry+Golf+and+Sport/@30.3674225,-90.05939169999999,14z/data=!4m8!1m2!2m1!1sGuidry+Golf+and+Sport!3m4!1s0x889df9f149f7db85:0x50d11f8f9191d6c8!8m2!3d30.3674225!4d-90.05939169999999",Golf Lessons | Retail / Pro Shop,2,False,Indoor,True,"{""Wednesday"": [""7AM-6PM""]}",False,OPERATIONAL,True,crawled,independent clubmaker Louisiana,False,Guidry Golf and Sport,"{""Accessibility"": {""Wheelchair accessible entrance"": true, ""Wheelchair accessible parking lot"": true, ""Wheelchair accessible restroom"": true}}",
Cajun Made GOLF Products INC,Clubfitter,Club Fitting,False,(318) 387-0738,https://www.facebook.com/p/Cajun-Made-Golf-Products-100057160642241/,2219 Louisville Ave,Monroe,Louisiana,LA,71201,32.5223903,-92.1015324,America/Chicago,4.7,Top Rated,0,8,True,True,"https://www.google.com/maps/place/Cajun+Made+Golf+Products+Inc/@32.5223903,-92.1015324,14z/data=!4m8!1m2!2m1!1sCajun+Made+Golf+Products+Inc!3m4!1s0x862e46298c2e8b8d:0x845a24af388b8e8c!8m2!3d32.5223903!4d-92.1015324",Club Fitting | Club Repair | Retail / Pro Shop,3,True,Indoor,True,"{""Wednesday"": [""9AM-5PM""]}",False,OPERATIONAL,True,crawled,independent clubmaker Louisiana,False,Cajun Made Golf Products Inc,"{""Accessibility"": {""Wheelchair accessible entrance"": true, ""Wheelchair accessible parking lot"": true}}",
Titleist Manchester Lane Test Facility,Clubfitter,Club Fitting,False,,https://www.titleist.com/fitting/golf-club-fitting/manchester-lane,115 Manchester Ln,Acushnet,Massachusetts,MA,02743,41.6947126,-70.8940957,America/New_York,1.0,Standard,0,0,False,False,"https://www.google.com/maps/place/Titleist+Manchester+Lane+Test+Facility/@41.694712599999995,-70.8940957,14z/data=!4m8!1m2!2m1!1sTitleist+Manchester+Lane+Test+Facility!3m4!1s0x89e4e72c8cf87c85:0x2df7cfee7e1db4cf!8m2!3d41.694712599999995!4d-70.8940957",Club Fitting | Club Repair | Launch Monitor | Retail / Pro Shop | Shaft & Grip Sales,5,True,Indoor,True,"{""Wednesday"": [""9AM-5PM""]}",False,OPERATIONAL,True,crawled,independent clubmaker Massachusetts,False,Titleist Manchester Lane Test Facility,"{""Accessibility"": {""Wheelchair accessible parking lot"": true}}",
Golfers' Warehouse,Clubfitter,Club Fitting,False,(508) 407-7692,https://stores.worldwidegolfshops.com/ma/auburn/golfers-warehouse-aub.html,619 Southbridge St,Auburn,Massachusetts,MA,01501,42.1876632,-71.8506233,America/New_York,4.5,Highly Rated,0,15,True,True,"https://www.google.com/maps/place/Golfers%27+Warehouse/@42.187663199999996,-71.8506233,14z/data=!4m8!1m2!2m1!1sGolfers%27+Warehouse!3m4!1s0x89e3862652051a77:0x4f3b69abed16284e!8m2!3d42.187663199999996!4d-71.8506233",Club Fitting | Club Repair | Custom Club Building | Launch Monitor | Retail / Pro Shop | Shaft & Grip Sales,6,True,Indoor,True,"{""Wednesday"": [""10AM-6PM""]}",False,OPERATIONAL,True,crawled,independent clubmaker Massachusetts,False,Golfers' Warehouse,"{""Accessibility"": {""Wheelchair accessible parking lot"": true}}",
Citygolf Boston,Simulator,Golf Simulator,False,(617) 357-4653,https://citygolfboston.com/,167 Milk St,Boston,Massachusetts,MA,02109,42.3580766,-71.0533507,America/New_York,4.5,Highly Rated,0,40,True,True,"https://www.google.com/maps/place/CityGolf+Boston/@42.3580766,-71.0533507,14z/data=!4m8!1m2!2m1!1sCityGolf+Boston!3m4!1s0x89e37083433e9929:0x22be3ea016955cb4!8m2!3d42.3580766!4d-71.0533507",Golf Lessons | Launch Monitor | Golf Simulator | Retail / Pro Shop,4,False,Indoor,True,"{""Wednesday"": [""10AM-9PM""]}",False,OPERATIONAL,True,crawled,custom club fitting Massachusetts,False,CityGolf Boston,"{""Accessibility"": {""Wheelchair accessible parking lot"": true, ""Wheelchair accessible restroom"": true}}",
GOLF Lessons Boston,Clubfitter,Club Fitting,False,,https://www.golflessonsboston.com/,516 Gallivan Blvd,Boston,Massachusetts,MA,02124,42.282775,-71.0555801,America/New_York,4.8,Top Rated,0,8,True,True,"https://www.google.com/maps/place/Golf+Lessons+Boston/@42.282775,-71.0555801,14z/data=!4m8!1m2!2m1!1sGolf+Lessons+Boston!3m4!1s0x89e370aaa0ab389d:0xa1a9681767e11a50!8m2!3d42.282775!4d-71.0555801",Club Fitting | Golf Lessons | Retail / Pro Shop,3,True,Indoor,True,"{""Wednesday"": [""8AM-9PM""]}",False,OPERATIONAL,True,crawled,custom club fitting Massachusetts,False,Golf Lessons Boston,"{""Accessibility"": {""Wheelchair accessible parking lot"": true, ""Wheelchair accessible entrance"": false}}",
Golfers' Warehouse,Clubfitter,Club Fitting,False,(781) 848-9777,https://stores.worldwidegolfshops.com/ma/braintree/golfers-warehouse-brt.html,2 Campanelli Dr,Braintree,Massachusetts,MA,02184,42.2029193,-71.0259193,America/New_York,4.3,Highly Rated,0,109,True,True,"https://www.google.com/maps/place/Golfers%27+Warehouse/@42.2029193,-71.0259193,14z/data=!4m8!1m2!2m1!1sGolfers%27+Warehouse!3m4!1s0x89e37d5d12b6841b:0xff156f9ee87f41c1!8m2!3d42.2029193!4d-71.0259193",Club Fitting | Club Repair | Golf Simulator | Launch Monitor | Shaft & Grip Sales | Retail / Pro Shop | Trade-In / Used Clubs,7,True,Indoor,True,"{""Wednesday"": [""10AM-7PM""]}",False,OPERATIONAL,True,crawled,boutique golf shop Massachusetts,False,Golfers' Warehouse,"{""Accessibility"": {""Wheelchair accessible entrance"": true, ""Wheelchair accessible parking lot"": true}}",
Ocean Edge GOLF PRO Shop,Instruction,Golf Instruction,False,(508) 896-9000,https://oceanedge.com/golf,,Brewster,Massachusetts,MA,02631,41.7533262,-70.05445879999999,America/New_York,5.0,Top Rated,0,1,True,False,"https://www.google.com/maps/place/Ocean+Edge+Golf+Pro+Shop/@41.7533262,-70.05445879999999,14z/data=!4m8!1m2!2m1!1sOcean+Edge+Golf+Pro+Shop!3m4!1s0x89fb4186a43d7927:0xa270d0e9cd0ab559!8m2!3d41.7533262!4d-70.05445879999999",Golf Lessons,1,False,Unknown,True,"{""Wednesday"": [""6:30AM-6PM""]}",False,OPERATIONAL,True,crawled,boutique golf shop Massachusetts,False,Ocean Edge Golf Pro Shop,"{""Accessibility"": {""Wheelchair accessible entrance"": true, ""Wheelchair accessible parking lot"": true}}",
Jbc GOLF INC,Instruction,Golf Instruction,False,(617) 206-9757,https://golf-clinics-for-women.square.site/,1340 Soldiers Fld Rd #4,Brighton,Massachusetts,MA,02135,42.36291079999999,-71.14151369999999,America/New_York,0.0,Unrated,0,1,True,False,"https://www.google.com/maps/place/JBC+Golf+Inc/@42.362910799999995,-71.14151369999999,14z/data=!4m8!1m2!2m1!1sJBC+Golf+Inc!3m4!1s0x89e379d45e9b12ed:0xa3e450af158664ff!8m2!3d42.362910799999995!4d-71.14151369999999",,0,False,Unknown,True,"{""Wednesday"": [""9AM-5PM""]}",False,OPERATIONAL,True,crawled,independent clubmaker Massachusetts,False,JBC Golf Inc,"{""Accessibility"": {""Wheelchair accessible entrance"": true, ""Wheelchair accessible parking lot"": true, ""Wheelchair accessible restroom"": true}}",failed
Big Sticks Indoor GOLF,Simulator,Golf Simulator,False,(781) 229-2269,https://bigsticksgolf.com/,26 Ray Ave,Burlington,Massachusetts,MA,01803,42.482212,-71.1842121,America/New_York,4.8,Top Rated,0,47,True,True,"https://www.google.com/maps/place/Big+Sticks+Indoor+Golf/@42.482212,-71.1842121,14z/data=!4m8!1m2!2m1!1sBig+Sticks+Indoor+Golf!3m4!1s0x89e37584656fd927:0x92a4f2663a49d9a2!8m2!3d42.482212!4d-71.1842121",Custom Club Building | Golf Lessons | Golf Simulator | Launch Monitor,4,False,Indoor,True,"{""Wednesday"": [""9AM-9PM""]}",False,OPERATIONAL,True,recrawled,custom club fitting Massachusetts,False,Big Sticks Indoor Golf,"{""Accessibility"": {""Wheelchair accessible entrance"": true, ""Wheelchair accessible parking lot"": true, ""Wheelchair accessible restroom"": true}}",
Tom Irwin INC,Retailer,Golf Retail,False,(800) 582-5959,https://tomirwin.com/,11 A St,Burlington,Massachusetts,MA,01803,42.4973798,-71.2252336,America/New_York,4.6,Highly Rated,0,11,True,True,"https://www.google.com/maps/place/Tom+Irwin+Inc/@42.4973798,-71.2252336,14z/data=!4m8!1m2!2m1!1sTom+Irwin+Inc!3m4!1s0x89e39fb2548a328b:0x85481ec508033269!8m2!3d42.4973798!4d-71.2252336",,0,False,Indoor,True,"{""Wednesday"": [""6AM-4PM""]}",False,OPERATIONAL,True,crawled,custom club fitting Massachusetts,False,Tom Irwin Inc,"{""Accessibility"": {""Wheelchair accessible entrance"": true, ""Wheelchair accessible parking lot"": true}}",unknown
Ponkapoag GOLF Shop,Retailer,Golf Retail,False,(781) 401-3191,https://www.mass.gov/locations/ponkapoag-golf-course,2167 Washington St,Canton,Massachusetts,MA,02021,42.1917021,-71.1175451,America/New_York,5.0,Top Rated,0,1,True,False,"https://www.google.com/maps/place/Ponkapoag+Golf+Shop/@42.1917021,-71.1175451,14z/data=!4m8!1m2!2m1!1sPonkapoag+Golf+Shop!3m4!1s0x89e481eb2c15cd71:0xe5bf11941cf85e9!8m2!3d42.1917021!4d-71.1175451",Retail / Pro Shop,1,False,Indoor,True,"{""Wednesday"": [""Open 24 hours""]}",False,OPERATIONAL,True,crawled,independent clubmaker Massachusetts,False,Ponkapoag Golf Shop,"{""Accessibility"": {""Wheelchair accessible entrance"": true, ""Wheelchair accessible parking lot"": true}}",
The Swing Lab,Clubfitter,Club Fitting,False,(781) 422-8450,https://theswinglab.com/,300 Turnpike St,Canton,Massachusetts,MA,02021,42.1765449,-71.11207929999999,America/New_York,5.0,Top Rated,0,9,True,True,"https://www.google.com/maps/place/The+Swing+Lab/@42.176544899999996,-71.11207929999999,14z/data=!4m8!1m2!2m1!1sThe+Swing+Lab!3m4!1s0x89e480df71a3807f:0xecfc6ea5feb6561a!8m2!3d42.176544899999996!4d-71.11207929999999",Club Fitting,1,True,Indoor,True,,False,OPERATIONAL,True,crawled,independent clubmaker Massachusetts,False,The Swing Lab,"{""Accessibility"": {""Wheelchair accessible entrance"": true, ""Wheelchair accessible parking lot"": true, ""Wheelchair accessible restroom"": true}}",
Callaway GOLF Co,Retailer,Launch Monitor Analysis,False,(413) 536-1200,https://www.callawaygolf.com/,425 Meadow St,Chicopee,Massachusetts,MA,01013,42.1754127,-72.6141099,America/New_York,4.0,Well Reviewed,0,24,True,False,"https://www.google.com/maps/place/Callaway+Golf+Co/@42.175412699999995,-72.6141099,14z/data=!4m8!1m2!2m1!1sCallaway+Golf+Co!3m4!1s0x89e6ddd8ad1f04cf:0x3ee46c393fc4eb1c!8m2!3d42.175412699999995!4d-72.6141099",Launch Monitor | Retail / Pro Shop,2,False,Indoor,True,"{""Wednesday"": [""8AM-4:30PM""]}",False,OPERATIONAL,True,crawled,custom club fitting Massachusetts,False,Callaway Golf Co,"{""Accessibility"": {""Wheelchair accessible entrance"": true, ""Wheelchair accessible parking lot"": true}}",
Golfers' Warehouse,Clubfitter,Club Fitting,False,(978) 777-4653,https://stores.worldwidegolfshops.com/ma/danvers/golfers-warehouse-dvr.html,4 Newbury St,Danvers,Massachusetts,MA,01923,42.556838,-70.9799245,America/New_York,4.5,Highly Rated,0,31,True,True,"https://www.google.com/maps/place/Golfers%27+Warehouse/@42.556838,-70.9799245,14z/data=!4m8!1m2!2m1!1sGolfers%27+Warehouse!3m4!1s0x89e312186cb761c9:0x23de47776859351b!8m2!3d42.556838!4d-70.9799245",Club Fitting | Club Repair | Custom Club Building | Launch Monitor | Retail / Pro Shop | Shaft & Grip Sales,6,True,Indoor,True,"{""Wednesday"": [""10AM-7PM""]}",False,OPERATIONAL,True,crawled,independent clubmaker Massachusetts,False,Golfers' Warehouse,"{""Accessibility"": {""Wheelchair accessible parking lot"": true}}",
Mcgolf,Simulator,Golf Simulator,False,(781) 326-9616,https://www.mcgolfonline.com/,150 Bridge St,Dedham,Massachusetts,MA,02026,42.2666121,-71.1761344,America/New_York,4.3,Highly Rated,0,289,True,True,"https://www.google.com/maps/place/McGolf/@42.266612099999996,-71.1761344,14z/data=!4m8!1m2!2m1!1sMcGolf!3m4!1s0x89e37f71a4d82ea7:0x7fc20c45f2864067!8m2!3d42.266612099999996!4d-71.1761344",Golf Lessons | Golf Simulator,2,False,Indoor,True,"{""Wednesday"": [""9AM-8PM""]}",False,OPERATIONAL,True,crawled,custom club fitting Massachusetts,False,McGolf,"{""Accessibility"": {""Wheelchair accessible entrance"": true, ""Wheelchair accessible parking lot"": true}}",
The GOLF Club,Simulator,Golf Simulator,False,(603) 557-7756,https://thegolf-club.com/,6 Railroad Yard Rd,Deerfield,Massachusetts,MA,01342,42.57300679999999,-72.57073729999999,America/New_York,5.0,Top Rated,0,18,True,True,"https://www.google.com/maps/place/The+Golf+Club/@42.573006799999995,-72.57073729999999,14z/data=!4m8!1m2!2m1!1sThe+Golf+Club!3m4!1s0x89e12f00190363cb:0x1952e746445a7b4c!8m2!3d42.573006799999995!4d-72.57073729999999",Launch Monitor | Golf Simulator | Retail / Pro Shop,3,False,Indoor,True,"{""Wednesday"": [""Open 24 hours""]}",False,OPERATIONAL,True,crawled,independent clubmaker Massachusetts,False,The Golf Club,"{""Accessibility"": {""Wheelchair accessible parking lot"": true}}",
PXG Boston,Clubfitter,Club Fitting,False,(978) 767-2794,https://www.pxg.com/pages/golf-stores/pxg-boston,571 Worcester Rd Suite D 7,Framingham,Massachusetts,MA,01701,42.2984473,-71.4196393,America/New_York,4.7,Top Rated,0,65,True,True,"https://www.google.com/maps/place/PXG+Boston/@42.2984473,-71.4196393,14z/data=!4m8!1m2!2m1!1sPXG+Boston!3m4!1s0x89e38974a3914b59:0xf705c2275a1b6553!8m2!3d42.2984473!4d-71.4196393",Club Fitting | Launch Monitor | Golf Simulator | Retail / Pro Shop,4,True,Indoor,True,"{""Wednesday"": [""9AM-5PM""]}",False,OPERATIONAL,True,crawled,independent clubmaker Massachusetts,False,PXG Boston,"{""Accessibility"": {""Wheelchair accessible entrance"": true, ""Wheelchair accessible parking lot"": true}}",
Mike Doyle GOLF Academy,Simulator,Golf Simulator,False,(401) 490-1609,https://www.mikedoylegolfacademy.com/,842 Upper Union St,Franklin,Massachusetts,MA,02038,42.06042799999999,-71.3937155,America/New_York,5.0,Top Rated,0,3,True,True,"https://www.google.com/maps/place/Mike+Doyle+Golf+Academy/@42.060427999999995,-71.3937155,14z/data=!4m8!1m2!2m1!1sMike+Doyle+Golf+Academy!3m4!1s0x89e4693637dac8a5:0xdb0bdeaf57018a34!8m2!3d42.060427999999995!4d-71.3937155",Golf Lessons | Launch Monitor | Golf Simulator,3,False,Indoor,True,"{""Wednesday"": [""9AM-8PM""]}",False,OPERATIONAL,True,crawled,independent clubmaker Massachusetts,False,Mike Doyle Golf Academy,"{""Accessibility"": {""Wheelchair accessible entrance"": true, ""Wheelchair accessible parking lot"": true, ""Wheelchair accessible restroom"": true}}",
Dan Berry's GOLF Shop,Retailer,Golf Retail,False,(978) 632-9703,https://www.facebook.com/DBGolfShop/,152 Eaton St,Gardner,Massachusetts,MA,01440,42.5982995,-71.9935728,America/New_York,0.0,Unrated,0,4,True,True,"https://www.google.com/maps/place/Dan+Berry%27s+Golf+Shop/@42.598299499999996,-71.9935728,14z/data=!4m8!1m2!2m1!1sDan+Berry%27s+Golf+Shop!3m4!1s0x89e15f11f86d36d1:0x5822aa132546bd40!8m2!3d42.598299499999996!4d-71.9935728",Retail / Pro Shop,1,False,Indoor,True,"{""Wednesday"": [""6:45AM-8PM""]}",False,OPERATIONAL,True,crawled,boutique golf shop Massachusetts,False,Dan Berry's Golf Shop,"{""Accessibility"": {""Wheelchair accessible entrance"": true, ""Wheelchair accessible parking lot"": true}}",enriched
The Caddy Shack,Simulator,Golf Simulator,False,(781) 361-4432,https://www.thecaddyshack.net/,137 South St,Halifax,Massachusetts,MA,02338,41.9677973,-70.8650476,America/New_York,5.0,Top Rated,0,16,True,True,"https://www.google.com/maps/place/The+Caddy+Shack/@41.9677973,-70.8650476,14z/data=!4m8!1m2!2m1!1sThe+Caddy+Shack!3m4!1s0x89e49702c3a23d83:0x1c81dca8af95f7e0!8m2!3d41.9677973!4d-70.8650476",Golf Lessons | Launch Monitor | Golf Simulator,3,False,Indoor,True,"{""Wednesday"": [""10AM-4PM""]}",False,OPERATIONAL,True,crawled,independent clubmaker Massachusetts,False,The Caddy Shack,"{""Accessibility"": {""Wheelchair accessible entrance"": true, ""Wheelchair accessible parking lot"": true}, ""Other"": {""LGBTQ+ friendly"": true, ""Identifies as women-owned"": true}}",
GOLF Fore Less,Clubfitter,Club Fitting,False,(508) 771-7888,https://golfforeless.biz/?y_source=1_MTQ4NTM5NjQtNzE1LWxvY2F0aW9uLndlYnNpdGU=,"TJ Maxx Plaza, 425 Iyannough Rd",Hyannis,Massachusetts,MA,02601,41.6624138,-70.28496679999999,America/New_York,4.0,Well Reviewed,0,15,True,True,"https://www.google.com/maps/place/Golf+Fore+Less/@41.662413799999996,-70.28496679999999,14z/data=!4m8!1m2!2m1!1sGolf+Fore+Less!3m4!1s0x89fb30e4676f7b2d:0xf523b93986e83f7e!8m2!3d41.662413799999996!4d-70.28496679999999",Club Fitting | Club Repair | Golf Simulator | Shaft & Grip Sales | Retail / Pro Shop,5,True,Indoor,True,"{""Wednesday"": [""9AM-5PM""]}",False,OPERATIONAL,True,crawled,boutique golf shop Massachusetts,False,Golf Fore Less,"{""Accessibility"": {""Wheelchair accessible entrance"": true, ""Wheelchair accessible parking lot"": true}}",
Rooney's GOLF Shop,Retailer,Golf Retail,False,(508) 923-5710,https://www.facebook.com/pg/Rooneys-Golf-Shop-Open-to-public-1446629185358104/about/,183 Rhode Island Rd,Lakeville,Massachusetts,MA,02347,41.8651427,-70.9667413,America/New_York,0.0,Unrated,0,0,False,True,"https://www.google.com/maps/place/Rooney%27s+Golf+Shop/@41.8651427,-70.9667413,14z/data=!4m8!1m2!2m1!1sRooney%27s+Golf+Shop!3m4!1s0x89e4ed13e874edb5:0xd5db6580182b6e10!8m2!3d41.8651427!4d-70.9667413",Retail / Pro Shop,1,False,Indoor,True,"{""Wednesday"": [""7AM-9PM""]}",False,OPERATIONAL,True,crawled,boutique golf shop Massachusetts,False,Rooney's Golf Shop,"{""Accessibility"": {""Wheelchair accessible entrance"": true, ""Wheelchair accessible parking lot"": true}}",enriched
Rod's GOLF Improvement Center,Simulator,Club Fitting,False,(978) 263-1800,https://rodsindoorgolf.com/,320 Great Rd,Littleton,Massachusetts,MA,01460,42.5457523,-71.4719126,America/New_York,4.7,Top Rated,0,7,True,True,"https://www.google.com/maps/place/Rod%27s+Golf+Improvement+Center/@42.5457523,-71.4719126,14z/data=!4m8!1m2!2m1!1sRod%27s+Golf+Improvement+Center!3m4!1s0x89e39679fe6fa583:0x27a1b63f97c8d581!8m2!3d42.5457523!4d-71.4719126",Club Fitting | Club Repair | Custom Club Building | Golf Lessons | Golf Simulator | Retail / Pro Shop,6,True,Indoor,True,"{""Wednesday"": [""10AM-8PM""]}",False,OPERATIONAL,True,crawled,independent clubmaker Massachusetts,False,Rod's Golf Improvement Center,"{""Accessibility"": {""Wheelchair accessible entrance"": true, ""Wheelchair accessible parking lot"": true, ""Wheelchair accessible restroom"": true}, ""Other"": {""LGBTQ+ friendly"": true, ""Identifies as veteran-owned"": true}}",
Whirlaway GOLF Shop,Retailer,Golf Instruction,False,(978) 686-6186,https://whirlawaygolfshop.com/,500 Merrimack St 1st Floor,Methuen,Massachusetts,MA,01844,42.75399549999999,-71.1300301,America/New_York,4.7,Top Rated,0,122,True,True,"https://www.google.com/maps/place/Whirlaway+Golf+Shop/@42.753995499999995,-71.1300301,14z/data=!4m8!1m2!2m1!1sWhirlaway+Golf+Shop!3m4!1s0x89e30173414c9f95:0x60ba3f01577f6db9!8m2!3d42.753995499999995!4d-71.1300301",Golf Lessons | Shaft & Grip Sales | Retail / Pro Shop | Trade-In / Used Clubs,4,False,Indoor,True,"{""Wednesday"": [""10AM-5PM""]}",False,OPERATIONAL,True,crawled,boutique golf shop Massachusetts,False,Whirlaway Golf Shop,"{""Accessibility"": {""Wheelchair accessible entrance"": true, ""Wheelchair accessible parking lot"": true}}",
Whirlaway Sports Center,Retailer,Golf Retail,False,(978) 688-8356,https://www.whirlawaysports.com/,500 Merrimack St 2nd FLOOR,Methuen,Massachusetts,MA,01844,42.75399549999999,-71.1300301,America/New_York,4.8,Top Rated,0,12,True,True,"https://www.google.com/maps/place/Whirlaway+Sports+Center/@42.753995499999995,-71.1300301,14z/data=!4m8!1m2!2m1!1sWhirlaway+Sports+Center!3m4!1s0x89e30119648d47d3:0x7ad8b34530c4b6de!8m2!3d42.753995499999995!4d-71.1300301",Retail / Pro Shop,1,False,Indoor,True,"{""Wednesday"": [""10AM-5PM""]}",False,OPERATIONAL,True,crawled,boutique golf shop New Hampshire,False,Whirlaway Sports Center,"{""Accessibility"": {""Wheelchair accessible entrance"": true, ""Wheelchair accessible parking lot"": true, ""Wheelchair accessible restroom"": true, ""Wheelchair accessible seating"": true}}",
The Clubhouse GOLF & Entertainment,Simulator,Golf Simulator,False,(978) 539-8725,https://www.theclubhousege.com/,220 S Main St #3302,Middleton,Massachusetts,MA,01949,42.5795495,-70.9998973,America/New_York,4.4,Highly Rated,0,36,True,True,"https://www.google.com/maps/place/The+Clubhouse+Golf+%26+Entertainment/@42.5795495,-70.9998973,14z/data=!4m8!1m2!2m1!1sThe+Clubhouse+Golf+%26+Entertainment!3m4!1s0x89e311fd2dba83bf:0xbce29cd26ee69207!8m2!3d42.5795495!4d-70.9998973",Golf Lessons | Golf Simulator | Retail / Pro Shop,3,False,Indoor,True,"{""Wednesday"": [""11AM-10PM""]}",False,OPERATIONAL,True,crawled,independent clubmaker Massachusetts,False,The Clubhouse Golf & Entertainment,"{""Accessibility"": {""Wheelchair accessible entrance"": true, ""Wheelchair accessible parking lot"": true, ""Wheelchair accessible restroom"": true, ""Wheelchair accessible seating"": true}, ""Other"": {""LGBTQ+ friendly"": true}}",
Kohr GOLF Center,Driving Range,Driving Range,False,(888) 622-5647,https://www.kohrgolf.com/,218 Speen St,Natick,Massachusetts,MA,01760,42.2923464,-71.377076,America/New_York,4.5,Highly Rated,0,160,True,True,"https://www.google.com/maps/place/KOHR+Golf+Center/@42.2923464,-71.377076,14z/data=!4m8!1m2!2m1!1sKOHR+Golf+Center!3m4!1s0x89e3862b527eef31:0xe7265016d5d22b87!8m2!3d42.2923464!4d-71.377076",,0,False,Outdoor,True,"{""Wednesday"": [""9AM-9PM""]}",False,OPERATIONAL,True,crawl_failed,independent clubmaker Massachusetts,False,KOHR Golf Center,"{""Accessibility"": {""Wheelchair accessible entrance"": true, ""Wheelchair accessible parking lot"": true}, ""Other"": {""LGBTQ+ friendly"": true}}",failed
Braeburn PRO Shop,Simulator,Golf Simulator,False,(617) 244-0680,https://www.braeburngolf.com/,326 Fuller St,Newton,Massachusetts,MA,02465,42.3380413,-71.2333139,America/New_York,5.0,Top Rated,1,1,True,False,"https://www.google.com/maps/place/Braeburn+Pro+Shop/@42.3380413,-71.2333139,14z/data=!4m8!1m2!2m1!1sBraeburn+Pro+Shop!3m4!1s0x89e3824e721fdfdb:0x9e482568dd524223!8m2!3d42.3380413!4d-71.2333139",Golf Simulator | Retail / Pro Shop,2,False,Indoor,True,"{""Monday"": [""11AM-5PM""], ""Tuesday"": [""10AM-6PM""], ""Wednesday"": [""11AM-5PM""], ""Thursday"": [""10AM-6PM""], ""Friday"": [""10AM-6PM""], ""Saturday"": [""10AM-6PM""], ""Sunday"": [""11AM-5PM""]}",True,OPERATIONAL,True,crawled,boutique golf shop Massachusetts,False,Braeburn Pro Shop,"{""Service options"": {""Delivery"": false}, ""Accessibility"": {""Wheelchair accessible entrance"": true, ""Wheelchair accessible parking lot"": true}, ""Payments"": {""Credit cards"": true, ""Debit cards"": true}}",
Pappas GOLF,Instruction,Golf Instruction,False,(978) 251-3933,https://www.bpappasgolf.com/,70 Princeton St,North Chelmsford,Massachusetts,MA,01863,42.635965,-71.378964,America/New_York,4.6,Highly Rated,0,8,True,True,"https://www.google.com/maps/place/Pappas+Golf/@42.635965,-71.378964,14z/data=!4m8!1m2!2m1!1sPappas+Golf!3m4!1s0x89e3a4aa5a6f37e1:0x3061be620b2046e9!8m2!3d42.635965!4d-71.378964",,0,False,Unknown,True,"{""Wednesday"": [""2-8PM""]}",False,OPERATIONAL,True,crawled,custom club fitting Massachusetts,False,Pappas Golf,"{""Accessibility"": {""Wheelchair accessible entrance"": true, ""Wheelchair accessible parking lot"": true, ""Wheelchair accessible restroom"": true}}",failed
Coombes Champion GOLF,Instruction,Golf Instruction,False,,https://coombesgolf.com/,"Gridley Bryant Building, 111 Willard St Gridley Bryant Building #1D, 111 Willard St",Quincy,Massachusetts,MA,02169,42.2508938,-71.0366358,America/New_York,4.4,Highly Rated,0,5,True,True,"https://www.google.com/maps/place/Coombes+Champion+Golf/@42.2508938,-71.0366358,14z/data=!4m8!1m2!2m1!1sCoombes+Champion+Golf!3m4!1s0x89e37d6474493543:0x27e410314d42ba9e!8m2!3d42.2508938!4d-71.0366358",,0,False,Unknown,True,"{""Wednesday"": [""8AM-8PM""]}",False,OPERATIONAL,True,crawled,independent clubmaker Massachusetts,False,Coombes Champion Golf,"{""Accessibility"": {""Wheelchair accessible entrance"": true, ""Wheelchair accessible parking lot"": true, ""Wheelchair accessible seating"": true}, ""Other"": {""LGBTQ+ friendly"": true}}",unknown
Granite Links,Retailer,Golf Retail,False,(617) 689-1900,https://www.granitelinks.com/,100 Quarry Hills Dr,Quincy,Massachusetts,MA,02169,42.2442229,-71.0488488,America/New_York,4.6,Highly Rated,0,2237,True,True,"https://www.google.com/maps/place/Granite+Links/@42.2442229,-71.0488488,14z/data=!4m8!1m2!2m1!1sGranite+Links!3m4!1s0x89e37c56a0136ad1:0x3df145a6697ce513!8m2!3d42.2442229!4d-71.0488488",Retail / Pro Shop,1,False,Indoor,True,"{""Wednesday"": [""11AM-10PM""]}",False,OPERATIONAL,True,crawled,custom club fitting Massachusetts,False,Granite Links,"{""Accessibility"": {""Wheelchair accessible entrance"": true, ""Wheelchair accessible parking lot"": true, ""Wheelchair accessible restroom"": true}}",
Ace Of Clubs,Clubfitter,Club Fitting,False,(781) 307-7815,https://www.aceofclubstp.com/,38 Walden Pond Ave,Saugus,Massachusetts,MA,01906,42.4901579,-71.0134996,America/New_York,5.0,Top Rated,0,5,True,True,"https://www.google.com/maps/place/Ace+of+Clubs/@42.4901579,-71.0134996,14z/data=!4m8!1m2!2m1!1sAce+of+Clubs!3m4!1s0x89e372ae2fa084b1:0x59943bb793e1cff2!8m2!3d42.4901579!4d-71.0134996",Club Fitting | Launch Monitor | Retail / Pro Shop | Shaft & Grip Sales,4,True,Indoor,True,"{""Wednesday"": [""10AM-5PM""]}",False,OPERATIONAL,True,crawled,independent clubmaker Massachusetts,False,Ace of Clubs,"{""Accessibility"": {""Wheelchair accessible parking lot"": true}}",
Jaxon GOLF,Retailer,Golf Instruction,False,(857) 939-9110,https://jaxongolf.com/,129 Pearl St,Somerville,Massachusetts,MA,02145,42.3858717,-71.0879085,America/New_York,4.9,Top Rated,0,20,True,True,"https://www.google.com/maps/place/Jaxon+Golf/@42.385871699999996,-71.0879085,14z/data=!4m8!1m2!2m1!1sJaxon+Golf!3m4!1s0x89e37743e142308d:0x311c514ef902931!8m2!3d42.385871699999996!4d-71.0879085",Club Repair | Golf Lessons | Retail / Pro Shop,3,False,Indoor,True,"{""Wednesday"": [""12-8PM""]}",False,OPERATIONAL,True,crawled,independent clubmaker Massachusetts,False,Jaxon Golf,"{""Accessibility"": {""Wheelchair accessible entrance"": true, ""Wheelchair accessible parking lot"": true}, ""Other"": {""LGBTQ+ friendly"": true, ""Identifies as LGBTQ+ owned"": true}}",
Joe & Leigh's Discount GOLF PRO Shop,Golf Course / Pro Shop,Club Fitting,False,(508) 238-2320,https://www.pineoaks.com/,68 Prospect St,South Easton,Massachusetts,MA,02375,42.0212768,-71.09084,America/New_York,4.7,Top Rated,0,20,True,True,"https://www.google.com/maps/place/Joe+%26+Leigh%27s+Discount+Golf+Pro+Shop/@42.021276799999995,-71.09084,14z/data=!4m8!1m2!2m1!1sJoe+%26+Leigh%27s+Discount+Golf+Pro+Shop!3m4!1s0x89e48f290d942c23:0x486c1ff9dc903e4d!8m2!3d42.021276799999995!4d-71.09084",Club Fitting | Golf Lessons | Retail / Pro Shop,3,True,Outdoor,True,"{""Wednesday"": [""8AM-6PM""]}",False,OPERATIONAL,True,cached,independent clubmaker Massachusetts,False,Joe & Leigh's Discount Golf Pro Shop,"{""Accessibility"": {""Wheelchair accessible entrance"": true, ""Wheelchair accessible parking lot"": true}}",
Joe & Leigh's GOLF Performance Center,Clubfitter,Club Fitting,False,(508) 238-2320,https://www.pineoaks.com/,68 Prospect St,South Easton,Massachusetts,MA,02375,42.0213324,-71.09103189999999,America/New_York,4.7,Top Rated,0,14,True,True,"https://www.google.com/maps/place/Joe+%26+Leigh%27s+Golf+Performance+Center/@42.0213324,-71.09103189999999,14z/data=!4m8!1m2!2m1!1sJoe+%26+Leigh%27s+Golf+Performance+Center!3m4!1s0x89e48f73b255bafd:0xaa8a17d388e6bc88!8m2!3d42.0213324!4d-71.09103189999999",Club Fitting | Golf Lessons | Retail / Pro Shop,3,True,Indoor,True,"{""Wednesday"": [""9AM-4:30PM""]}",False,OPERATIONAL,True,crawled,independent clubmaker Massachusetts,False,Joe & Leigh's Golf Performance Center,"{""Accessibility"": {""Wheelchair accessible entrance"": true, ""Wheelchair accessible parking lot"": true}}",
Pine Oaks GOLF Course,Golf Course / Pro Shop,Club Fitting,False,(508) 238-2320,https://www.pineoaks.com/,68 Prospect St,South Easton,Massachusetts,MA,02375,42.02113689999999,-71.0908248,America/New_York,4.1,Well Reviewed,0,49,True,True,"https://www.google.com/maps/place/Pine+Oaks+Golf+Course/@42.021136899999995,-71.0908248,14z/data=!4m8!1m2!2m1!1sPine+Oaks+Golf+Course!3m4!1s0x89e48f290d942c23:0x3c4879488829a5d2!8m2!3d42.021136899999995!4d-71.0908248",Club Fitting | Golf Lessons | Retail / Pro Shop,3,True,Outdoor,True,"{""Wednesday"": [""8AM-6PM""]}",False,OPERATIONAL,True,cached,custom club fitting Massachusetts,False,Pine Oaks Golf Course,"{""Accessibility"": {""Wheelchair accessible entrance"": true, ""Wheelchair accessible parking lot"": true}}",
Fit To A Tee GOLF Shop,Driving Range,Driving Range,False,(508) 398-4653,https://www.fit-to-a-tee.com/,928D MA-28,South Yarmouth,Massachusetts,MA,02664,41.654729,-70.2098508,America/New_York,4.3,Highly Rated,0,38,True,True,"https://www.google.com/maps/place/Fit+To+A+Tee+Golf+Shop/@41.654728999999996,-70.2098508,14z/data=!4m8!1m2!2m1!1sFit+To+A+Tee+Golf+Shop!3m4!1s0x89fb3a3a33c4e597:0x4aaeaa21872cbb7c!8m2!3d41.654728999999996!4d-70.2098508",,0,True,Outdoor,True,"{""Wednesday"": [""10AM-5PM""]}",False,OPERATIONAL,True,crawl_failed,custom club fitting Massachusetts,False,Fit To A Tee Golf Shop,"{""Accessibility"": {""Wheelchair accessible entrance"": true, ""Wheelchair accessible parking lot"": true}}",failed
Tour Tuned LLC,Clubfitter,Club Fitting,False,(413) 320-7306,https://www.tourtuned.com/,29 Rattle Hill Rd,Southampton,Massachusetts,MA,01073,42.2515478,-72.73185959999999,America/New_York,5.0,Top Rated,0,1,True,True,"https://www.google.com/maps/place/Tour+Tuned+LLC/@42.2515478,-72.73185959999999,14z/data=!4m8!1m2!2m1!1sTour+Tuned+LLC!3m4!1s0x89e72761020d9607:0x7471d7b75cbfa012!8m2!3d42.2515478!4d-72.73185959999999",Club Fitting | Shaft & Grip Sales,2,True,Indoor,True,"{""Wednesday"": [""9AM-5PM""]}",False,OPERATIONAL,True,crawled,independent clubmaker Massachusetts,False,Tour Tuned LLC,"{""Accessibility"": {""Wheelchair accessible parking lot"": true}}",
Golfrite,Driving Range,Club Fitting,False,(508) 561-0111,https://golfrite.com/,20 Turnpike Rd,Southborough,Massachusetts,MA,01772,42.29610599999999,-71.4960746,America/New_York,4.6,Highly Rated,0,2,True,True,"https://www.google.com/maps/place/GolfRite/@42.296105999999995,-71.4960746,14z/data=!4m8!1m2!2m1!1sGolfRite!3m4!1s0x89e38a3e93e503a3:0xe985a39ea84722e6!8m2!3d42.296105999999995!4d-71.4960746",Club Fitting | Club Repair | Golf Lessons | Retail / Pro Shop,4,True,Outdoor,True,,False,OPERATIONAL,True,crawled,independent clubmaker Massachusetts,False,GolfRite,"{""Accessibility"": {""Wheelchair accessible entrance"": true, ""Wheelchair accessible parking lot"": true, ""Wheelchair accessible restroom"": true}}",
Flynt Lincoln GOLF,Simulator,Golf Simulator,False,(413) 237-4653,https://flyntlincolngolf.com/,504 Cottage St,Springfield,Massachusetts,MA,01104,42.1438611,-72.534825,America/New_York,5.0,Top Rated,0,3,True,True,"https://www.google.com/maps/place/Flynt+Lincoln+Golf/@42.143861099999995,-72.534825,14z/data=!4m8!1m2!2m1!1sFlynt+Lincoln+Golf!3m4!1s0x89e6dd0120f75f99:0x5ea734733321f8d5!8m2!3d42.143861099999995!4d-72.534825",Golf Lessons | Launch Monitor | Golf Simulator | Retail / Pro Shop,4,False,Indoor,True,,False,OPERATIONAL,True,crawled,custom club fitting Massachusetts,False,Flynt Lincoln Golf,"{""Accessibility"": {""Wheelchair accessible entrance"": true, ""Wheelchair accessible parking lot"": true, ""Wheelchair accessible restroom"": true}}",
T & S GOLF,Retailer,Club Repair,False,(508) 823-0615,https://www.tands.golf/,94 Weir St,Taunton,Massachusetts,MA,02780,41.898953,-71.0917438,America/New_York,4.4,Highly Rated,8,5,True,True,"https://www.google.com/maps/place/T+%26+S+Golf/@41.898953,-71.0917438,14z/data=!4m8!1m2!2m1!1sT+%26+S+Golf!3m4!1s0x89e4f354a3aee217:0x7c0a8431a5e9f21!8m2!3d41.898953!4d-71.0917438",Club Repair | Retail / Pro Shop,2,False,Indoor,True,"{""Monday"": [""9AM-4PM""], ""Tuesday"": [""9AM-4PM""], ""Wednesday"": [""9AM-4PM""], ""Thursday"": [""9AM-4PM""], ""Friday"": [""9AM-4PM""], ""Saturday"": [""9AM-12PM""], ""Sunday"": [""Closed""]}",True,OPERATIONAL,True,crawled,boutique golf shop Massachusetts,False,T & S Golf,"{""From the business"": {""Small business"": true}, ""Service options"": {""Delivery"": false}, ""Accessibility"": {""Wheelchair accessible parking lot"": true}, ""Planning"": {""Quick visit"": true}, ""Payments"": {""Credit cards"": true, ""Debit cards"": true, ""NFC mobile payments"": true}}",
Wachusett Country Club,Driving Range,Driving Range,False,(508) 835-4484,https://www.wachusettcc.com/,187 Prospect St #2,West Boylston,Massachusetts,MA,01583,42.358783,-71.79224099999999,America/New_York,4.4,Highly Rated,0,159,True,True,"https://www.google.com/maps/place/Wachusett+Country+Club/@42.358782999999995,-71.79224099999999,14z/data=!4m8!1m2!2m1!1sWachusett+Country+Club!3m4!1s0x89e3f84c1f9a7605:0xe702c53b1277d454!8m2!3d42.358782999999995!4d-71.79224099999999",Golf Simulator | Launch Monitor | Retail / Pro Shop | Driving Range | Membership Programs,5,False,Outdoor,False,"{""Wednesday"": [""8AM-9PM""]}",False,OPERATIONAL,True,crawled,custom club fitting Massachusetts,False,Wachusett Country Club,"{""Accessibility"": {""Wheelchair accessible entrance"": true, ""Wheelchair accessible parking lot"": true}}",enriched
Dave Dirico's GOLF,Retailer,Golf Retail,False,(413) 734-4444,https://www.davediricogolf.com/,21 Myron St,West Springfield,Massachusetts,MA,01089,42.1324539,-72.6269378,America/New_York,4.7,Top Rated,0,25,True,False,"https://www.google.com/maps/place/Dave+Dirico%27s+Golf/@42.1324539,-72.6269378,14z/data=!4m8!1m2!2m1!1sDave+Dirico%27s+Golf!3m4!1s0x89e6e0b82096bb37:0xa1cca75e3bf33ba1!8m2!3d42.1324539!4d-72.6269378",,0,False,Indoor,True,"{""Wednesday"": [""9AM-5PM""]}",False,OPERATIONAL,True,crawl_failed,independent clubmaker Massachusetts,False,Dave Dirico's Golf,"{""Accessibility"": {""Wheelchair accessible entrance"": true, ""Wheelchair accessible parking lot"": true}}",failed
R J Shepherd GOLF Co,Retailer,Golf Retail,False,(781) 447-5768,https://rjshepherd.com/,7 Marble St # 2,Whitman,Massachusetts,MA,02382,42.0805424,-70.9322873,America/New_York,5.0,Top Rated,0,1,True,False,"https://www.google.com/maps/place/R+J+Shepherd+Golf+Co/@42.0805424,-70.9322873,14z/data=!4m8!1m2!2m1!1sR+J+Shepherd+Golf+Co!3m4!1s0x89e49bbf6cc72ac3:0x4c4c85548f9e9c05!8m2!3d42.0805424!4d-70.9322873",Shaft & Grip Sales | Retail / Pro Shop,2,False,Indoor,True,"{""Wednesday"": [""9AM-4PM""]}",False,OPERATIONAL,True,crawled,boutique golf shop Massachusetts,False,R J Shepherd Golf Co,"{""Accessibility"": {""Wheelchair accessible parking lot"": true}}",
Golfdom,Clubfitter,Club Fitting,False,(410) 224-4653,https://stores.worldwidegolfshops.com/md/annapolis/golfdom-ann.html,2444 Solomons Island Rd,Annapolis,Maryland,MD,21401,38.9760241,-76.54111069999999,America/New_York,4.7,Top Rated,0,9,True,True,"https://www.google.com/maps/place/Golfdom/@38.9760241,-76.54111069999999,14z/data=!4m8!1m2!2m1!1sGolfdom!3m4!1s0x89b7f6c90fc6c41d:0xfea39cc1b841fc7b!8m2!3d38.9760241!4d-76.54111069999999",Club Fitting | Club Repair | Launch Monitor | Golf Simulator | Retail / Pro Shop | Shaft & Grip Sales,6,True,Indoor,True,"{""Wednesday"": [""10AM-6PM""]}",False,OPERATIONAL,True,crawled,independent clubmaker Maryland,False,Golfdom,"{""Accessibility"": {""Wheelchair accessible parking lot"": true, ""Wheelchair accessible entrance"": false}}",
United States Naval Academy GOLF Club,Instruction,Launch Monitor Analysis,False,(410) 293-9747,https://usnagolf.com/,64 Greenbury Point Rd,Annapolis,Maryland,MD,21402,38.9940177,-76.45954239999999,America/New_York,4.7,Top Rated,0,43,True,False,"https://www.google.com/maps/place/United+States+Naval+Academy+Golf+Club/@38.9940177,-76.45954239999999,14z/data=!4m8!1m2!2m1!1sUnited+States+Naval+Academy+Golf+Club!3m4!1s0x89b7f7c533ebd5e9:0xd04782a3a67aad32!8m2!3d38.9940177!4d-76.45954239999999",Launch Monitor,1,False,Unknown,True,"{""Wednesday"": [""7AM-6:30PM""]}",False,OPERATIONAL,True,recrawled,custom club fitting Utah,False,United States Naval Academy Golf Club,"{""Accessibility"": {""Wheelchair accessible entrance"": true, ""Wheelchair accessible parking lot"": true, ""Wheelchair accessible restroom"": true}}",
PRO Shop At Severna Park GOLF Center,Golf Course / Pro Shop,Club Fitting,False,(410) 647-8618,https://www.severnaparkgolf.com/pro-shop/,1257 Ritchie Hwy ste a,Arnold,Maryland,MD,21012,39.0460047,-76.5155886,America/New_York,5.0,Top Rated,0,24,True,True,"https://www.google.com/maps/place/Pro+Shop+at+Severna+Park+Golf+Center/@39.0460047,-76.5155886,14z/data=!4m8!1m2!2m1!1sPro+Shop+at+Severna+Park+Golf+Center!3m4!1s0x89b7f952cb0d9f0d:0xd65c142b3fb70d1c!8m2!3d39.0460047!4d-76.5155886",Club Fitting | Custom Club Building | Launch Monitor | Golf Simulator | Club Rentals | Retail / Pro Shop,6,True,Indoor,True,"{""Wednesday"": [""8AM-8PM""]}",False,OPERATIONAL,True,crawled,independent clubmaker Maryland,False,Pro Shop at Severna Park Golf Center,"{""Accessibility"": {""Wheelchair accessible entrance"": true, ""Wheelchair accessible parking lot"": true}}",
Severna Park GOLF Center,Retailer,Golf Retail,False,(410) 647-8618,https://www.severnaparkgolf.com/,1257 Ritchie Hwy ste a,Arnold,Maryland,MD,21012,39.0458474,-76.51710779999999,America/New_York,4.3,Highly Rated,0,129,True,True,"https://www.google.com/maps/place/Severna+Park+Golf+Center/@39.0458474,-76.51710779999999,14z/data=!4m8!1m2!2m1!1sSeverna+Park+Golf+Center!3m4!1s0x89b7f9c5c27787d3:0xe69e5fd0044be507!8m2!3d39.0458474!4d-76.51710779999999",Retail / Pro Shop,1,False,Indoor,True,"{""Wednesday"": [""9AM-7PM""]}",False,OPERATIONAL,True,crawled,boutique golf shop Maryland,False,Severna Park Golf Center,"{""Accessibility"": {""Wheelchair accessible entrance"": true, ""Wheelchair accessible parking lot"": true, ""Wheelchair accessible restroom"": true}}",
Ruddo's GOLF,Clubfitter,Club Fitting,False,(410) 213-7100,https://www.ruddosgolf.com/,12475 Sea Oaks Ln,Berlin,Maryland,MD,21811,38.3228456,-75.1228335,America/New_York,4.7,Top Rated,0,4,True,True,"https://www.google.com/maps/place/Ruddo%27s+Golf/@38.3228456,-75.1228335,14z/data=!4m8!1m2!2m1!1sRuddo%27s+Golf!3m4!1s0x89b9284e78f53c19:0xd87093734af2077d!8m2!3d38.3228456!4d-75.1228335",Club Fitting | Club Repair | Golf Simulator | Retail / Pro Shop | Trade-In / Used Clubs,5,True,Indoor,True,"{""Wednesday"": [""9AM-5PM""]}",False,OPERATIONAL,True,crawled,boutique golf shop Delaware,False,Ruddo's Golf,"{""Accessibility"": {""Wheelchair accessible entrance"": true, ""Wheelchair accessible parking lot"": true}}",
GOLF Care Center INC,Clubfitter,Club Fitting,False,(301) 652-6094,https://www.golfcarecenter.com/,4828 Del Ray Ave,Bethesda,Maryland,MD,20814,38.990484,-77.0980241,America/New_York,4.9,Top Rated,0,3,True,False,"https://www.google.com/maps/place/Golf+Care+Center+Inc/@38.990483999999995,-77.0980241,14z/data=!4m8!1m2!2m1!1sGolf+Care+Center+Inc!3m4!1s0x89b7c963e2d2b243:0x9fc6d36628cb8adf!8m2!3d38.990483999999995!4d-77.0980241",Club Fitting | Golf Lessons | Retail / Pro Shop | Shaft & Grip Sales,4,True,Indoor,True,"{""Wednesday"": [""8AM-4PM""]}",False,OPERATIONAL,True,crawled,independent clubmaker Maryland,False,Golf Care Center Inc,"{""Accessibility"": {""Wheelchair accessible entrance"": true, ""Wheelchair accessible parking lot"": true}}",
Shanks GOLF Apparel,Retailer,Golf Instruction,False,(301) 752-5534,https://www.shanksgolfapparel.com/,2917 Tarragon Ln,Bowie,Maryland,MD,20715,38.9687284,-76.74620949999999,America/New_York,5.0,Top Rated,0,8,True,True,"https://www.google.com/maps/place/Shanks+Golf+Apparel/@38.968728399999996,-76.74620949999999,14z/data=!4m8!1m2!2m1!1sShanks+Golf+Apparel!3m4!1s0x89b7eb7a4093f62d:0x3f2cefa6f50e1a07!8m2!3d38.968728399999996!4d-76.74620949999999",Golf Lessons | Retail / Pro Shop,2,False,Indoor,True,"{""Wednesday"": [""8AM-5PM""]}",False,OPERATIONAL,True,crawled,boutique golf shop Maryland,False,Shanks Golf Apparel,"{""Accessibility"": {""Wheelchair accessible parking lot"": true}}",
Ferguson GOLF Institute,Driving Range,Club Fitting,False,(410) 879-5497,https://www.fgigolf.com/,3036 Churchville Rd,Churchville,Maryland,MD,21028,39.5571365,-76.2400054,America/New_York,4.8,Top Rated,0,3,True,True,"https://www.google.com/maps/place/Ferguson+Golf+Institute/@39.5571365,-76.2400054,14z/data=!4m8!1m2!2m1!1sFerguson+Golf+Institute!3m4!1s0x89c7c36f287682fb:0xb6734cce7ead6fbe!8m2!3d39.5571365!4d-76.2400054",Club Fitting | Club Repair | Golf Lessons | Launch Monitor | Golf Simulator | Retail / Pro Shop,6,True,Indoor,True,"{""Wednesday"": [""9AM-8PM""]}",False,OPERATIONAL,True,crawled,independent clubmaker Maryland,False,Ferguson Golf Institute,"{""Accessibility"": {""Wheelchair accessible entrance"": true, ""Wheelchair accessible parking lot"": true, ""Wheelchair accessible restroom"": true}}",
Mike Dickson GOLF - GOLF Top 100 Instructor,Clubfitter,Club Fitting,False,(240) 372-5644,https://mikedicksongolf.com/,29500 Prescott Rd,Clarksburg,Maryland,MD,20871,39.283008,-77.2870514,America/New_York,5.0,Top Rated,0,45,True,True,"https://www.google.com/maps/place/Mike+Dickson+Golf+-+GOLF+TOP+100+INSTRUCTOR/@39.283007999999995,-77.2870514,14z/data=!4m8!1m2!2m1!1sMike+Dickson+Golf+-+GOLF+TOP+100+INSTRUCTOR!3m4!1s0x89b7cb3c88f6d0dd:0x3f26b26f95bee10e!8m2!3d39.283007999999995!4d-77.2870514",Club Fitting | Golf Lessons | Golf Simulator | Retail / Pro Shop,4,True,Indoor,True,"{""Wednesday"": [""8AM-7PM""]}",False,OPERATIONAL,True,crawled,independent clubmaker Maryland,False,Mike Dickson Golf - GOLF TOP 100 INSTRUCTOR,"{""Accessibility"": {""Wheelchair accessible entrance"": true, ""Wheelchair accessible parking lot"": true, ""Wheelchair accessible seating"": true}}",
Edge GOLF Performance,Retailer,Launch Monitor Analysis,False,(667) 359-4653,https://edgegolfperformance.com/,7175 Oakland Mills Rd Suite A-2,Columbia,Maryland,MD,21046,39.1741024,-76.8273169,America/New_York,5.0,Top Rated,0,6,True,True,"https://www.google.com/maps/place/Edge+Golf+Performance/@39.174102399999995,-76.8273169,14z/data=!4m8!1m2!2m1!1sEdge+Golf+Performance!3m4!1s0x89b7dfcf8f8237a9:0x941a45027a06626a!8m2!3d39.174102399999995!4d-76.8273169",Launch Monitor | Retail / Pro Shop,2,False,Indoor,True,"{""Wednesday"": [""7AM-8PM""]}",False,OPERATIONAL,True,crawled,independent clubmaker Maryland,False,Edge Golf Performance,"{""Accessibility"": {""Wheelchair accessible entrance"": true, ""Wheelchair accessible parking lot"": true, ""Wheelchair accessible restroom"": true}}",
Avid GOLF USA,Instruction,Golf Instruction,False,(703) 203-4102,https://www.avidgolfusa.com/,39 Stepneys Ln,Edgewater,Maryland,MD,21037,38.9287261,-76.561662,America/New_York,5.0,Top Rated,0,1,True,False,"https://www.google.com/maps/place/Avid+Golf+USA/@38.9287261,-76.561662,14z/data=!4m8!1m2!2m1!1sAvid+Golf+USA!3m4!1s0x89b7f391894dc8ef:0xdc159e67b757a94!8m2!3d38.9287261!4d-76.561662",,0,False,Unknown,True,"{""Wednesday"": [""10AM-6PM""]}",False,OPERATIONAL,True,crawl_failed,independent clubmaker Maryland,False,Avid Golf USA,"{""Accessibility"": {""Wheelchair accessible entrance"": true, ""Wheelchair accessible parking lot"": true}}",failed
Jj GOLF Studio,Simulator,Club Fitting,False,(410) 465-9009,https://jj-golf.com/,10045 Baltimore National Pike Ste A12,Ellicott City,Maryland,MD,21042,39.277698,-76.8593693,America/New_York,4.8,Top Rated,0,20,True,True,"https://www.google.com/maps/place/JJ+Golf+Studio/@39.277698,-76.8593693,14z/data=!4m8!1m2!2m1!1sJJ+Golf+Studio!3m4!1s0x89c8215da8452f4f:0x9e3d25c2cc0a2399!8m2!3d39.277698!4d-76.8593693",Club Fitting | Club Repair | Golf Lessons | Launch Monitor | Golf Simulator | Retail / Pro Shop | Shaft & Grip Sales,7,True,Indoor,True,"{""Wednesday"": [""10AM-9PM""]}",False,OPERATIONAL,True,crawled,independent clubmaker Maryland,False,JJ Golf Studio,"{""Accessibility"": {""Wheelchair accessible entrance"": true, ""Wheelchair accessible parking lot"": true}}",
Ferguson GOLF Institute,Simulator,Club Fitting,False,(443) 981-1648,https://www.fgigolf.com/,2217 Commerce Rd,Forest Hill,Maryland,MD,21050,39.5790455,-76.3679081,America/New_York,5.0,Top Rated,0,32,True,True,"https://www.google.com/maps/place/Ferguson+Golf+Institute/@39.5790455,-76.3679081,14z/data=!4m8!1m2!2m1!1sFerguson+Golf+Institute!3m4!1s0x89c7df8701a0f21f:0xcdc76e991a16df3c!8m2!3d39.5790455!4d-76.3679081",Club Fitting | Club Repair | Golf Lessons | Launch Monitor | Golf Simulator | Retail / Pro Shop,6,True,Indoor,True,"{""Wednesday"": [""9AM-9PM""]}",False,OPERATIONAL,True,crawled,independent clubmaker Maryland,False,Ferguson Golf Institute,"{""Accessibility"": {""Wheelchair accessible entrance"": true, ""Wheelchair accessible parking lot"": true, ""Wheelchair accessible restroom"": true}}",
Night Hawk GOLF Center,Driving Range,Club Fitting,False,(410) 721-9349,https://nighthawkgolfcenter.com/,814 MD-3 South,Gambrills,Maryland,MD,21054,39.0448384,-76.6709588,America/New_York,4.3,Highly Rated,0,121,True,True,"https://www.google.com/maps/place/Night+Hawk+Golf+Center/@39.044838399999996,-76.6709588,14z/data=!4m8!1m2!2m1!1sNight+Hawk+Golf+Center!3m4!1s0x89b7ef895a4cd62d:0xa46ec7119b51121c!8m2!3d39.044838399999996!4d-76.6709588",Club Fitting | Golf Lessons | Retail / Pro Shop,3,True,Outdoor,True,"{""Wednesday"": [""9AM-6PM""]}",False,OPERATIONAL,True,crawled,boutique golf shop Maryland,False,Night Hawk Golf Center,"{""Accessibility"": {""Wheelchair accessible entrance"": true, ""Wheelchair accessible parking lot"": true}}",
Sun & Ski Sports,Clubfitter,Club Fitting,False,(443) 266-2551,https://www.sunandski.com/arundel-mills,7000 Arundel Mills Cir #B-2,Hanover,Maryland,MD,21076,39.159488,-76.725593,America/New_York,4.4,Highly Rated,0,94,True,True,"https://www.google.com/maps/place/Sun+%26+Ski+Sports/@39.159487999999996,-76.725593,14z/data=!4m8!1m2!2m1!1sSun+%26+Ski+Sports!3m4!1s0x89b7e380f7026f69:0x8d42a21ef5d57574!8m2!3d39.159487999999996!4d-76.725593",Club Fitting | Custom Club Building | Retail / Pro Shop,3,True,Indoor,True,"{""Wednesday"": [""10AM-8PM""]}",False,OPERATIONAL,True,crawled,boutique golf shop Maryland,False,Sun & Ski Sports,"{""Accessibility"": {""Wheelchair accessible entrance"": true, ""Wheelchair accessible parking lot"": true}}",
Above Par GOLF & Entertainment,Simulator,Club Fitting,False,(240) 309-4208,https://www.abovepar.golf/,26288 Point Lookout Rd,Leonardtown,Maryland,MD,20650,38.3092231,-76.6633682,America/New_York,5.0,Top Rated,0,38,True,True,"https://www.google.com/maps/place/Above+Par+Golf+%26+Entertainment/@38.3092231,-76.6633682,14z/data=!4m8!1m2!2m1!1sAbove+Par+Golf+%26+Entertainment!3m4!1s0x89b76734c993e471:0x10f742c7ff0cccc6!8m2!3d38.3092231!4d-76.6633682",Club Fitting | Club Repair | Golf Lessons | Golf Simulator | Retail / Pro Shop | Shaft & Grip Sales,6,True,Indoor,True,"{""Wednesday"": [""8AM-9PM""]}",False,OPERATIONAL,True,crawled,custom club fitting Virginia,False,Above Par Golf & Entertainment,"{""Accessibility"": {""Wheelchair accessible entrance"": true, ""Wheelchair accessible parking lot"": true}}",
Millersville GOLF Shop,Retailer,Golf Retail,False,(443) 618-1569,https://www.powerstik.com/,563 Brightwood Rd,Millersville,Maryland,MD,21108,39.1088714,-76.6152863,America/New_York,0.0,Unrated,0,10,True,True,"https://www.google.com/maps/place/Millersville+Golf+Shop/@39.1088714,-76.6152863,14z/data=!4m8!1m2!2m1!1sMillersville+Golf+Shop!3m4!1s0x89b7fbdbb4deeb7d:0x5243d6e6487a4069!8m2!3d39.1088714!4d-76.6152863",Retail / Pro Shop,1,False,Indoor,True,"{""Wednesday"": [""10AM-5PM""]}",False,OPERATIONAL,True,crawled,independent clubmaker Maryland,False,Millersville Golf Shop,"{""Accessibility"": {""Wheelchair accessible parking lot"": true, ""Wheelchair accessible seating"": false}}",
Golfdom,Clubfitter,Club Fitting,False,(240) 558-8182,https://stores.worldwidegolfshops.com/md/rockville/golfdom-rkv.html,12137 Rockville Pike,Rockville,Maryland,MD,20852,39.0578691,-77.11915789999999,America/New_York,4.7,Top Rated,0,21,True,True,"https://www.google.com/maps/place/Golfdom/@39.0578691,-77.11915789999999,14z/data=!4m8!1m2!2m1!1sGolfdom!3m4!1s0x89b7cd9c1a24c9ad:0xec9e461fcbeb7b1a!8m2!3d39.0578691!4d-77.11915789999999",Club Fitting | Club Repair | Launch Monitor | Golf Simulator | Retail / Pro Shop | Shaft & Grip Sales,6,True,Indoor,True,"{""Wednesday"": [""10AM-6PM""]}",False,OPERATIONAL,True,crawled,independent clubmaker Maryland,False,Golfdom,"{""Accessibility"": {""Wheelchair accessible entrance"": true, ""Wheelchair accessible parking lot"": true}}",
Peak GOLF Institute,Simulator,Club Fitting,False,(888) 973-7325,https://peakgolfinstitute.com/rockville-md/,14803 Southlawn Ln F,Rockville,Maryland,MD,20850,39.0977672,-77.13476709999999,America/New_York,5.0,Top Rated,0,12,True,True,"https://www.google.com/maps/place/Peak+Golf+Institute/@39.0977672,-77.13476709999999,14z/data=!4m8!1m2!2m1!1sPeak+Golf+Institute!3m4!1s0x89b7cd88c4ded0c3:0x4936cc687f199aae!8m2!3d39.0977672!4d-77.13476709999999",Club Fitting | Golf Lessons | Launch Monitor | Golf Simulator | Retail / Pro Shop,5,True,Indoor,True,"{""Wednesday"": [""7AM-9PM""]}",False,OPERATIONAL,True,crawled,independent clubmaker Maryland,False,Peak Golf Institute,"{""Accessibility"": {""Wheelchair accessible parking lot"": true, ""Wheelchair accessible restroom"": true, ""Wheelchair accessible seating"": false}}",
Baltimore GOLF INC,Clubfitter,Club Fitting,False,(410) 252-2959,https://baltimoregolfinc.com/,9576 Deereco Rd,Timonium,Maryland,MD,21093,39.4528633,-76.6377834,America/New_York,4.9,Top Rated,0,1,True,False,"https://www.google.com/maps/place/Baltimore+Golf+Inc/@39.4528633,-76.6377834,14z/data=!4m8!1m2!2m1!1sBaltimore+Golf+Inc!3m4!1s0x89c80e000ea708b1:0x84f854c5a062d23!8m2!3d39.4528633!4d-76.6377834",Club Fitting | Club Repair | Custom Club Building | Launch Monitor | Retail / Pro Shop | Shaft & Grip Sales,6,True,Indoor,True,"{""Wednesday"": [""9AM-5PM""]}",False,OPERATIONAL,True,crawled,independent clubmaker Maryland,False,Baltimore Golf Inc,"{""Accessibility"": {""Wheelchair accessible parking lot"": true}}",
Country Club Of Maryland GOLF Instruction - Public Welcome,Instruction,Golf Instruction,False,(410) 215-9868,https://www.owendawsongolf.com/,1101 Stevenson Ln,Towson,Maryland,MD,21286,39.3869755,-76.58861619999999,America/New_York,5.0,Top Rated,0,27,True,True,"https://www.google.com/maps/place/Country+Club+of+Maryland+Golf+Instruction+-+Public+Welcome/@39.3869755,-76.58861619999999,14z/data=!4m8!1m2!2m1!1sCountry+Club+of+Maryland+Golf+Instruction+-+Public+Welcome!3m4!1s0x89c80f0c9aa52cdb:0x6e7fffb2a7a9e13d!8m2!3d39.3869755!4d-76.58861619999999",Golf Lessons | Launch Monitor,2,False,Unknown,False,"{""Wednesday"": [""10AM-8PM""]}",False,OPERATIONAL,True,crawled,independent clubmaker Maryland,False,Country Club of Maryland Golf Instruction - Public Welcome,"{""Accessibility"": {""Wheelchair accessible entrance"": true, ""Wheelchair accessible parking lot"": true, ""Wheelchair accessible restroom"": true}}",
Ski Rack Sports,Retailer,Golf Retail,False,(207) 945-6474,https://skiracksports.com/,24 Longview Dr,Bangor,Maine,ME,04401,44.8405158,-68.7428643,America/New_York,4.6,Highly Rated,0,20,True,True,"https://www.google.com/maps/place/Ski+Rack+Sports/@44.8405158,-68.7428643,14z/data=!4m8!1m2!2m1!1sSki+Rack+Sports!3m4!1s0x4cafb48f184a5dfb:0xa04b766a18e0c09c!8m2!3d44.8405158!4d-68.7428643",Retail / Pro Shop | Trade-In / Used Clubs,2,False,Indoor,True,"{""Wednesday"": [""10AM-6PM""]}",False,OPERATIONAL,True,crawled,boutique golf shop Maine,False,Ski Rack Sports,"{""Accessibility"": {""Wheelchair accessible entrance"": true, ""Wheelchair accessible parking lot"": true, ""Wheelchair accessible restroom"": true}}",
GOLF Learning Center & Paddy's PRO Shop,Driving Range,Club Fitting,False,(207) 829-9116,https://www.golflearningcenterme.com/,147 Bruce Hill Rd,Cumberland,Maine,ME,04021,43.80830599999999,-70.2864316,America/New_York,4.8,Top Rated,0,24,True,True,"https://www.google.com/maps/place/Golf+Learning+Center+%26+Paddy%27s+Pro+Shop/@43.808305999999995,-70.2864316,14z/data=!4m8!1m2!2m1!1sGolf+Learning+Center+%26+Paddy%27s+Pro+Shop!3m4!1s0x4cb288a6beab0d31:0x2e534a5f9c247f11!8m2!3d43.808305999999995!4d-70.2864316",Club Fitting | Club Repair | Golf Lessons | Retail / Pro Shop,4,True,Outdoor,True,"{""Wednesday"": [""5:30AM-8PM""]}",False,OPERATIONAL,True,crawled,independent clubmaker Maine,False,Golf Learning Center & Paddy's Pro Shop,"{""Accessibility"": {""Wheelchair accessible entrance"": true, ""Wheelchair accessible parking lot"": true}}",
Eastern Maine Sr. GOLF Assoc,Retailer,Golf Retail,False,(207) 323-9448,https://www.emsga.org/About-Us.html,124 Robinson Schoolhouse Rd,Morrill,Maine,ME,04952,44.4261212,-69.1200544,America/New_York,0.0,Unrated,0,1,True,False,"https://www.google.com/maps/place/Eastern+Maine+Sr.+Golf+Assoc/@44.4261212,-69.1200544,14z/data=!4m8!1m2!2m1!1sEastern+Maine+Sr.+Golf+Assoc!3m4!1s0x4cae6d657808017f:0xfa75886f5226028f!8m2!3d44.4261212!4d-69.1200544",,0,False,Indoor,True,,False,OPERATIONAL,True,crawl_failed,independent clubmaker Maine,False,Eastern Maine Sr. Golf Assoc,"{""Accessibility"": {""Wheelchair accessible parking lot"": true}}",failed
Hidden Meadows GOLF Course And Discount PRO Shop,Retailer,Golf Retail,False,(207) 827-4779,https://www.hiddenmeadowsgolf.com/,240 W Old Town Rd,Old Town,Maine,ME,04468,44.9632492,-68.7184753,America/New_York,3.9,Well Reviewed,0,11,True,True,"https://www.google.com/maps/place/Hidden+Meadows+Golf+Course+and+Discount+Pro+Shop/@44.9632492,-68.7184753,14z/data=!4m8!1m2!2m1!1sHidden+Meadows+Golf+Course+and+Discount+Pro+Shop!3m4!1s0x4cafb80f3a48c5e9:0x76ab931c84db0b1b!8m2!3d44.9632492!4d-68.7184753",Retail / Pro Shop,1,False,Indoor,True,"{""Wednesday"": [""7AM-7PM""]}",False,OPERATIONAL,True,crawled,boutique golf shop Maine,False,Hidden Meadows Golf Course and Discount Pro Shop,"{""Accessibility"": {""Wheelchair accessible entrance"": true, ""Wheelchair accessible parking lot"": true}}",
Old Town Trading Post,Retailer,Golf Retail,False,(207) 827-7032,https://www.oldtowntradingpost.net/,1681 Bennoch Rd,Old Town,Maine,ME,04468,44.953337,-68.6982538,America/New_York,4.8,Top Rated,0,10,True,True,"https://www.google.com/maps/place/Old+Town+Trading+Post/@44.953337,-68.6982538,14z/data=!4m8!1m2!2m1!1sOld+Town+Trading+Post!3m4!1s0x4cafb7805cf1787b:0x7e22b12a667c14a7!8m2!3d44.953337!4d-68.6982538",Retail / Pro Shop,1,False,Indoor,True,"{""Wednesday"": [""9AM-5PM""]}",False,OPERATIONAL,True,crawled,boutique golf shop Maine,False,Old Town Trading Post,"{""Accessibility"": {""Wheelchair accessible parking lot"": true, ""Wheelchair accessible entrance"": false}}",
Fogg Brook Resort - GOLF Course,Retailer,Golf Retail,False,(207) 355-5515,https://www.foggbrookresort.com/,147 Lang Hill Rd,Palmyra,Maine,ME,04965,44.8546055,-69.34954979999999,America/New_York,4.5,Highly Rated,0,51,True,True,"https://www.google.com/maps/place/Fogg+Brook+Resort+-+Golf+Course/@44.8546055,-69.34954979999999,14z/data=!4m8!1m2!2m1!1sFogg+Brook+Resort+-+Golf+Course!3m4!1s0x4cb1d682185b0ddf:0x462891127230a2e!8m2!3d44.8546055!4d-69.34954979999999",Retail / Pro Shop,1,False,Indoor,True,"{""Wednesday"": [""11AM-8PM""]}",False,OPERATIONAL,True,crawled,boutique golf shop Maine,False,Fogg Brook Resort - Golf Course,"{""Accessibility"": {""Wheelchair accessible entrance"": true, ""Wheelchair accessible parking lot"": true, ""Wheelchair accessible restroom"": true, ""Wheelchair accessible seating"": true, ""Assistive hearing loop"": false}, ""Other"": {""LGBTQ+ friendly"": true}}",
King Pine GOLF Company,Retailer,Golf Retail,False,(207) 272-1531,https://www.kingpinegolf.com/,128 Auburn St,Portland,Maine,ME,04103,43.7047187,-70.29002899999999,America/New_York,4.7,Top Rated,0,16,True,True,"https://www.google.com/maps/place/King+Pine+Golf+Company/@43.7047187,-70.29002899999999,14z/data=!4m8!1m2!2m1!1sKing+Pine+Golf+Company!3m4!1s0x4cb29b3c80c9800b:0xaa1662fdacc8af67!8m2!3d43.7047187!4d-70.29002899999999",Retail / Pro Shop | Shaft & Grip Sales,2,False,Indoor,True,,False,OPERATIONAL,True,crawled,independent clubmaker Maine,False,King Pine Golf Company,"{""Accessibility"": {""Wheelchair accessible parking lot"": true}}",
Maine Custom GOLF LLC,Clubfitter,Club Fitting,False,(207) 751-2835,https://www.mainecustomgolf.com/,200 Verrill Rd,Pownal,Maine,ME,04069,43.8825566,-70.1480866,America/New_York,5.0,Top Rated,0,2,True,True,"https://www.google.com/maps/place/Maine+Custom+Golf+LLC/@43.8825566,-70.1480866,14z/data=!4m8!1m2!2m1!1sMaine+Custom+Golf+LLC!3m4!1s0x4cb27dcf95652cd9:0xfdc6842268be1f8e!8m2!3d43.8825566!4d-70.1480866",Club Fitting | Club Repair | Custom Club Building | Golf Lessons | Retail / Pro Shop | Shaft & Grip Sales,6,True,Indoor,True,,False,OPERATIONAL,True,crawled,independent clubmaker Maine,False,Maine Custom Golf LLC,"{""Accessibility"": {""Wheelchair accessible parking lot"": true}}",
Champagne's GOLF Club Repair,Golf Course / Pro Shop,Club Fitting,False,(207) 604-0584,https://www.champagnesgolfclubrepair.com/,5 Whipple Ln,Scarborough,Maine,ME,04074,43.5924416,-70.36959449999999,America/New_York,0.0,Unrated,0,8,True,True,"https://www.google.com/maps/place/Champagne%27s+Golf+Club+Repair/@43.5924416,-70.36959449999999,14z/data=!4m8!1m2!2m1!1sChampagne%27s+Golf+Club+Repair!3m4!1s0x4cb2990cb0bedba7:0x4384b115aa863536!8m2!3d43.5924416!4d-70.36959449999999",Club Fitting | Club Repair | Custom Club Building | Golf Simulator | Retail / Pro Shop | Shaft & Grip Sales,6,True,Indoor,True,"{""Wednesday"": [""8AM-8PM""]}",False,OPERATIONAL,True,crawled,independent clubmaker Maine,False,Champagne's Golf Club Repair,"{""Accessibility"": {""Wheelchair accessible parking lot"": true}}",
GOLF & Ski Warehouse,Clubfitter,Club Fitting,False,(207) 883-4343,https://stores.worldwidegolfshops.com/me/scarborough/golf-ski-warehouse-sca.html,273 Payne Rd,Scarborough,Maine,ME,04074,43.6023122,-70.3661764,America/New_York,4.2,Well Reviewed,0,28,True,True,"https://www.google.com/maps/place/Golf+%26+Ski+Warehouse/@43.6023122,-70.3661764,14z/data=!4m8!1m2!2m1!1sGolf+%26+Ski+Warehouse!3m4!1s0x4cb2988c89cf3249:0xbf6e74ed7c7b236b!8m2!3d43.6023122!4d-70.3661764",Club Fitting | Club Repair | Retail / Pro Shop | Shaft & Grip Sales,4,True,Indoor,True,"{""Wednesday"": [""9AM-6PM""]}",False,OPERATIONAL,True,crawled,independent clubmaker Maine,False,Golf & Ski Warehouse,"{""Accessibility"": {""Wheelchair accessible entrance"": true, ""Wheelchair accessible parking lot"": true}}",
Top Shelf GOLF,Simulator,Golf Simulator,False,(888) 871-6110,https://topshelfgolf.com/,15 Cottage Rd Unit 2287,South Portland,Maine,ME,04116,43.63761179999999,-70.2521746,America/New_York,5.0,Top Rated,0,301,True,True,"https://www.google.com/maps/place/Top+Shelf+Golf/@43.637611799999995,-70.2521746,14z/data=!4m8!1m2!2m1!1sTop+Shelf+Golf!3m4!1s0x4cb29f6bdcb44c47:0x642424a866c8cc6b!8m2!3d43.637611799999995!4d-70.2521746",Launch Monitor | Golf Simulator | Retail / Pro Shop,3,False,Indoor,True,"{""Wednesday"": [""Open 24 hours""]}",False,OPERATIONAL,True,crawled,independent clubmaker Maine,False,Top Shelf Golf,"{""Accessibility"": {""Wheelchair accessible entrance"": true, ""Wheelchair accessible parking lot"": true}}",
Sim-city Indoor GOLF,Simulator,Golf Simulator,False,(207) 591-5062,https://www.simcityindoorgolf.com/,100 Larrabee Rd Ste 250,Westbrook,Maine,ME,04092,43.6766891,-70.33546439999999,America/New_York,4.5,Highly Rated,0,50,True,True,"https://www.google.com/maps/place/Sim-City+Indoor+Golf/@43.6766891,-70.33546439999999,14z/data=!4m8!1m2!2m1!1sSim-City+Indoor+Golf!3m4!1s0x4cb29b7c31caf40d:0x98579a78d981217a!8m2!3d43.6766891!4d-70.33546439999999",Golf Simulator,1,False,Indoor,True,"{""Wednesday"": [""10AM-10PM""]}",False,OPERATIONAL,True,crawled,independent clubmaker Maine,False,Sim-City Indoor Golf,"{""Accessibility"": {""Wheelchair accessible entrance"": true, ""Wheelchair accessible parking lot"": true, ""Wheelchair accessible restroom"": true}}",
Mitchell GOLF Equipment Company,Clubfitter,Club Fitting,False,(800) 437-1314,https://www.mitchellgolf.com/,1001 Industrial Blvd,Albion,Michigan,MI,49224,42.2548634,-84.7766662,America/Detroit,4.8,Top Rated,0,5,True,True,"https://www.google.com/maps/place/Mitchell+Golf+Equipment+Company/@42.2548634,-84.7766662,14z/data=!4m8!1m2!2m1!1sMitchell+Golf+Equipment+Company!3m4!1s0x883d5acb099a8fcb:0xe5982623b0c4a806!8m2!3d42.2548634!4d-84.7766662",Club Fitting | Club Repair | Retail / Pro Shop | Shaft & Grip Sales,4,True,Indoor,True,"{""Wednesday"": [""8AM-5PM""]}",False,OPERATIONAL,True,crawled,independent clubmaker Michigan,False,Mitchell Golf Equipment Company,"{""Accessibility"": {""Wheelchair accessible entrance"": true, ""Wheelchair accessible parking lot"": true}}",
Measured GOLF,Retailer,Golf Instruction,False,(734) 793-8008,https://measuredgolf.com/,2019 W Stadium Blvd,Ann Arbor,Michigan,MI,48103,42.2697124,-83.77377659999999,America/Detroit,4.9,Top Rated,0,111,True,True,"https://www.google.com/maps/place/Measured+Golf/@42.269712399999996,-83.77377659999999,14z/data=!4m8!1m2!2m1!1sMeasured+Golf!3m4!1s0x883cb1efcfa6d245:0xe086ce30a448059a!8m2!3d42.269712399999996!4d-83.77377659999999",Golf Lessons | Retail / Pro Shop,2,False,Indoor,True,"{""Wednesday"": [""11AM-8PM""]}",False,OPERATIONAL,True,crawled,independent clubmaker Michigan,False,Measured Golf,"{""Accessibility"": {""Wheelchair accessible entrance"": true, ""Wheelchair accessible parking lot"": true, ""Wheelchair accessible restroom"": true}}",
Great Lakes GOLF,Retailer,Club Repair,False,(989) 316-2263,https://www.greatlakesgolfmi.com/,4101 Wilder Rd B205,Bay City,Michigan,MI,48706,43.6277481,-83.8912994,America/Detroit,5.0,Top Rated,0,28,True,True,"https://www.google.com/maps/place/Great+Lakes+Golf+%28Bay+City%29/@43.6277481,-83.8912994,14z/data=!4m8!1m2!2m1!1sGreat+Lakes+Golf+%28Bay+City%29!3m4!1s0x8821713d96604685:0x3f9d19293b07821!8m2!3d43.6277481!4d-83.8912994",Club Repair | Retail / Pro Shop,2,False,Indoor,True,"{""Wednesday"": [""9AM-9PM""]}",False,OPERATIONAL,True,crawled,custom club fitting Michigan,False,Great Lakes Golf,"{""Accessibility"": {""Wheelchair accessible entrance"": true, ""Wheelchair accessible parking lot"": true}}",
Carl's Golfland,Driving Range,Driving Range,False,(248) 335-8095,https://www.carlsgolfland.com/,1976 S Telegraph Rd,Bloomfield Hills,Michigan,MI,48302,42.6091839,-83.30317769999999,America/Detroit,4.4,Highly Rated,0,333,True,True,"https://www.google.com/maps/place/Carl%27s+Golfland/@42.6091839,-83.30317769999999,14z/data=!4m8!1m2!2m1!1sCarl%27s+Golfland!3m4!1s0x8824bec25e408219:0x7fbedf93c50d1e25!8m2!3d42.6091839!4d-83.30317769999999",,0,False,Outdoor,True,"{""Wednesday"": [""9AM-7PM""]}",False,OPERATIONAL,True,crawled,custom club fitting Michigan,False,Carl's Golfland,"{""Accessibility"": {""Wheelchair accessible entrance"": true, ""Wheelchair accessible parking lot"": true}}",unknown
The Launch Pad At Carl's Golfland,Retailer,Golf Retail,False,(248) 335-7762,https://www.carlsgolfland.com/launch-pad,1976 S Telegraph Rd,Bloomfield Hills,Michigan,MI,48302,42.6092396,-83.3032319,America/Detroit,4.4,Highly Rated,0,24,True,True,"https://www.google.com/maps/place/The+Launch+Pad+At+Carl%27s+Golfland/@42.609239599999995,-83.3032319,14z/data=!4m8!1m2!2m1!1sThe+Launch+Pad+At+Carl%27s+Golfland!3m4!1s0x8824bedd5f3a2fd1:0x2071249dd5fb9de!8m2!3d42.609239599999995!4d-83.3032319",,0,False,Indoor,True,"{""Wednesday"": [""9AM-7PM""]}",False,OPERATIONAL,True,crawled,custom club fitting Michigan,False,The Launch Pad At Carl's Golfland,"{""Accessibility"": {""Wheelchair accessible entrance"": true, ""Wheelchair accessible parking lot"": true}}",unknown
Mason GOLF & GOLF Clinics,Instruction,Golf Instruction,False,(313) 633-5904,https://www.masongolf-golfclinics.com/,21750 Hall Rd,Clinton Township,Michigan,MI,48038,42.6275311,-82.8956603,America/Detroit,4.8,Top Rated,0,130,True,True,"https://www.google.com/maps/place/Mason+Golf+%26+Golf+Clinics/@42.6275311,-82.8956603,14z/data=!4m8!1m2!2m1!1sMason+Golf+%26+Golf+Clinics!3m4!1s0x882521473dce5979:0x9354f7f0ea3b8294!8m2!3d42.6275311!4d-82.8956603",Golf Lessons,1,False,Unknown,True,"{""Wednesday"": [""9AM-7PM""]}",False,OPERATIONAL,True,recrawled,independent clubmaker Michigan,False,Mason Golf & Golf Clinics,"{""Accessibility"": {""Wheelchair accessible entrance"": true, ""Wheelchair accessible parking lot"": true, ""Wheelchair accessible restroom"": true}}",
Foundation GOLF Center,Driving Range,Club Fitting,False,(517) 279-6164,https://foundationgolfcenter.com/,491 Jonesville Rd,Coldwater,Michigan,MI,49036,41.9850101,-84.9825426,America/Detroit,4.5,Highly Rated,0,38,True,True,"https://www.google.com/maps/place/Foundation+Golf+Center/@41.9850101,-84.9825426,14z/data=!4m8!1m2!2m1!1sFoundation+Golf+Center!3m4!1s0x8817d9cb19dd87db:0xf5d108b6ce162bdf!8m2!3d41.9850101!4d-84.9825426",Club Fitting | Club Repair | Custom Club Building | Golf Lessons | Launch Monitor | Retail / Pro Shop,6,True,Outdoor,True,"{""Wednesday"": [""10AM-6PM""]}",False,OPERATIONAL,True,crawled,independent clubmaker Michigan,False,Foundation Golf Center,"{""Accessibility"": {""Wheelchair accessible entrance"": true, ""Wheelchair accessible parking lot"": true}}",
Modern Eagle,Simulator,Golf Simulator,False,(248) 291-9060,https://www.moderneaglegolf.com/,4088 Haggerty Rd,Commerce Township,Michigan,MI,48390,42.5765261,-83.44113209999999,America/Detroit,5.0,Top Rated,0,27,True,True,"https://www.google.com/maps/place/Modern+Eagle/@42.576526099999995,-83.44113209999999,14z/data=!4m8!1m2!2m1!1sModern+Eagle!3m4!1s0x8824a52d2f5b38cb:0x3a06dcbd0c34abde!8m2!3d42.576526099999995!4d-83.44113209999999",Launch Monitor | Golf Simulator,2,False,Indoor,True,"{""Wednesday"": [""Open 24 hours""]}",False,OPERATIONAL,True,crawled,independent clubmaker Michigan,False,Modern Eagle,"{""Accessibility"": {""Wheelchair accessible entrance"": true, ""Wheelchair accessible parking lot"": true, ""Wheelchair accessible restroom"": true}}",
PGA Tour Shop,Retailer,Golf Retail,False,(734) 247-5338,https://www.pgatour.com/tournaments/2023/rocket-mortgage-classic/R2023524,"Central Link Area, 2514 Worldgateway Pl",Detroit,Michigan,MI,48242,42.2082282,-83.3577226,America/Detroit,3.8,Well Reviewed,0,21,True,False,"https://www.google.com/maps/place/PGA+Tour+Shop/@42.2082282,-83.3577226,14z/data=!4m8!1m2!2m1!1sPGA+Tour+Shop!3m4!1s0x883b4f6762f64201:0x8d13b1e465ddd41!8m2!3d42.2082282!4d-83.3577226",Shaft & Grip Sales | Retail / Pro Shop,2,False,Indoor,True,"{""Wednesday"": [""6AM-9PM""]}",False,OPERATIONAL,True,crawled,boutique golf shop Michigan,False,PGA Tour Shop,"{""Accessibility"": {""Wheelchair accessible entrance"": true, ""Wheelchair accessible parking lot"": true}}",
The Grounds Driving Range & PRO Shop,Simulator,Golf Simulator,False,(810) 820-4530,https://thegroundsgolf.com/,"King Par Plaza, 5140 Flushing Rd",Flushing,Michigan,MI,48433,43.0399771,-83.7785672,America/Detroit,4.6,Highly Rated,0,37,True,True,"https://www.google.com/maps/place/The+Grounds+Driving+Range+%26+Pro+Shop/@43.0399771,-83.7785672,14z/data=!4m8!1m2!2m1!1sThe+Grounds+Driving+Range+%26+Pro+Shop!3m4!1s0x88239dd92bee6409:0x5b1c0ef10f073d50!8m2!3d43.0399771!4d-83.7785672",Club Repair | Golf Lessons | Golf Simulator | Launch Monitor | Retail / Pro Shop,5,False,Indoor,True,"{""Wednesday"": [""10AM-6PM""]}",False,OPERATIONAL,True,crawled,boutique golf shop Michigan,False,The Grounds Driving Range & Pro Shop,"{""Accessibility"": {""Wheelchair accessible entrance"": true, ""Wheelchair accessible parking lot"": true}, ""Other"": {""LGBTQ+ friendly"": true}}",
Glasby GOLF Schools,Retailer,Golf Instruction,False,(813) 495-3889,https://glasbygolfschools.com/,1706 Baden Strasse,Gaylord,Michigan,MI,49735,45.0326697,-84.70806759999999,America/Detroit,5.0,Top Rated,0,14,True,True,"https://www.google.com/maps/place/Glasby+Golf+Schools/@45.0326697,-84.70806759999999,14z/data=!4m8!1m2!2m1!1sGlasby+Golf+Schools!3m4!1s0x88d910722a270391:0xd5219431d92d9df9!8m2!3d45.0326697!4d-84.70806759999999",Golf Lessons | Retail / Pro Shop,2,False,Indoor,True,"{""Wednesday"": [""8AM-6PM""]}",False,OPERATIONAL,True,crawled,custom club fitting Michigan,False,Glasby Golf Schools,"{""Accessibility"": {""Wheelchair accessible entrance"": true, ""Wheelchair accessible parking lot"": true}}",
GOLF Gaylord,Clubfitter,Club Fitting,False,(989) 731-6622,https://www.golfgaylordstore.com/,1050 S Otsego Ave,Gaylord,Michigan,MI,49735,45.0153089,-84.6783092,America/Detroit,4.7,Top Rated,0,7,True,True,"https://www.google.com/maps/place/Golf+Gaylord/@45.0153089,-84.6783092,14z/data=!4m8!1m2!2m1!1sGolf+Gaylord!3m4!1s0x4d354f45b31db227:0xdecf8aecec8444ec!8m2!3d45.0153089!4d-84.6783092",Club Fitting | Club Repair | Custom Club Building | Golf Simulator | Retail / Pro Shop,5,True,Indoor,True,"{""Wednesday"": [""10AM-5PM""]}",False,OPERATIONAL,True,crawled,independent clubmaker Michigan,False,Golf Gaylord,"{""Accessibility"": {""Wheelchair accessible entrance"": true, ""Wheelchair accessible parking lot"": true}}",
Treetops North PRO Shop,Golf Course / Pro Shop,Club Fitting,False,(989) 731-8802,https://www.treetops.com/summer/golfing/golf-pro-shop/,4282 Fazio Dr,Gaylord,Michigan,MI,49735,45.0912704,-84.59044639999999,America/Detroit,4.6,Highly Rated,0,304,True,True,"https://www.google.com/maps/place/Treetops+North+Pro+Shop/@45.0912704,-84.59044639999999,14z/data=!4m8!1m2!2m1!1sTreetops+North+Pro+Shop!3m4!1s0x4d3547369883cd2d:0xff1a53a530dfd0d6!8m2!3d45.0912704!4d-84.59044639999999",Club Fitting | Club Repair | Golf Lessons | Shaft & Grip Sales | Retail / Pro Shop,5,True,Outdoor,True,"{""Wednesday"": [""6AM-9PM""]}",False,OPERATIONAL,True,crawled,boutique golf shop Michigan,False,Treetops North Pro Shop,"{""Accessibility"": {""Wheelchair accessible entrance"": true, ""Wheelchair accessible parking lot"": true}}",
Darren Husse GOLF Academy,Clubfitter,Club Fitting,False,(810) 599-9572,https://hussegolf.com/,9057 S Saginaw St,Grand Blanc,Michigan,MI,48439,42.8970368,-83.5955917,America/Detroit,5.0,Top Rated,0,9,True,True,"https://www.google.com/maps/place/Darren+Husse+Golf+Academy/@42.897036799999995,-83.5955917,14z/data=!4m8!1m2!2m1!1sDarren+Husse+Golf+Academy!3m4!1s0x88237dd55852be91:0x83573c8685ddfe72!8m2!3d42.897036799999995!4d-83.5955917",Club Fitting | Golf Lessons | Launch Monitor | Retail / Pro Shop | Shaft & Grip Sales,5,True,Indoor,True,"{""Wednesday"": [""8AM-6PM""]}",False,OPERATIONAL,True,crawled,independent clubmaker Michigan,False,Darren Husse Golf Academy,"{""Accessibility"": {""Wheelchair accessible entrance"": true, ""Wheelchair accessible parking lot"": true}}",
Brandon Roby GOLF,Simulator,Golf Simulator,False,(616) 450-9872,https://brandonrobygolf.com/,2320 28th St SE,Grand Rapids,Michigan,MI,49508,42.911966,-85.60927389999999,America/Detroit,4.9,Top Rated,0,4,True,True,"https://www.google.com/maps/place/Brandon+Roby+Golf/@42.911966,-85.60927389999999,14z/data=!4m8!1m2!2m1!1sBrandon+Roby+Golf!3m4!1s0x8819b3b0d586c90f:0x8852946cf7d2a0!8m2!3d42.911966!4d-85.60927389999999",Golf Lessons | Launch Monitor | Golf Simulator,3,False,Indoor,True,"{""Wednesday"": [""6AM-11PM""]}",False,OPERATIONAL,True,crawled,independent clubmaker Michigan,False,Brandon Roby Golf,"{""Accessibility"": {""Wheelchair accessible entrance"": true, ""Wheelchair accessible parking lot"": true, ""Wheelchair accessible restroom"": true}}",
Tee 2 Green GOLF And Repair Shop,Retailer,Golf Instruction,False,(616) 363-1111,https://www.tee2greengolfandrepair.com/,5300 Northland Dr NE,Grand Rapids,Michigan,MI,49525,43.0589777,-85.5793825,America/Detroit,4.7,Top Rated,0,2,True,True,"https://www.google.com/maps/place/Tee+2+Green+Golf+and+Repair+Shop/@43.0589777,-85.5793825,14z/data=!4m8!1m2!2m1!1sTee+2+Green+Golf+and+Repair+Shop!3m4!1s0x88185519b4c5d0b3:0xc7e5c78e1fa3751!8m2!3d43.0589777!4d-85.5793825",Club Repair | Golf Lessons | Launch Monitor | Retail / Pro Shop | Shaft & Grip Sales,5,False,Indoor,True,"{""Wednesday"": [""9AM-5PM""]}",False,OPERATIONAL,True,crawled,custom club fitting Michigan,False,Tee 2 Green Golf and Repair Shop,"{""Accessibility"": {""Wheelchair accessible entrance"": true, ""Wheelchair accessible parking lot"": true}}",
Thousand Oaks GOLF Club,Instruction,Golf Instruction,False,(616) 447-7750,https://www.thousandoaksgolf.com/,4100 Thousand Oaks Dr NE,Grand Rapids,Michigan,MI,49525,43.0380227,-85.5681147,America/Detroit,4.7,Top Rated,0,237,True,True,"https://www.google.com/maps/place/Thousand+Oaks+Golf+Club/@43.0380227,-85.5681147,14z/data=!4m8!1m2!2m1!1sThousand+Oaks+Golf+Club!3m4!1s0x881854559d0cac2f:0xf51daabcc2e03559!8m2!3d43.0380227!4d-85.5681147",,0,False,Unknown,True,"{""Wednesday"": [""6:30AM-8PM""]}",False,OPERATIONAL,True,crawled,custom club fitting Michigan,False,Thousand Oaks Golf Club,"{""Accessibility"": {""Assistive hearing loop"": true, ""Wheelchair accessible entrance"": true, ""Wheelchair accessible parking lot"": true}}",failed
Maple Hill GOLF,Clubfitter,Club Fitting,False,(616) 538-0290,https://maplehillgolf.com/,5555 Ivanrest Ave SW,Grandville,Michigan,MI,49418,42.8638919,-85.74342449999999,America/Detroit,4.6,Highly Rated,0,151,True,True,"https://www.google.com/maps/place/Maple+Hill+Golf/@42.8638919,-85.74342449999999,14z/data=!4m8!1m2!2m1!1sMaple+Hill+Golf!3m4!1s0x8819b0b509b3b569:0x7ad356f902b79256!8m2!3d42.8638919!4d-85.74342449999999",Club Fitting | Club Repair | Golf Lessons | Golf Simulator | Launch Monitor | Retail / Pro Shop,6,True,Indoor,True,"{""Wednesday"": [""9AM-7PM""]}",False,OPERATIONAL,True,crawled,custom club fitting Michigan,False,Maple Hill Golf,"{""Accessibility"": {""Wheelchair accessible entrance"": true, ""Wheelchair accessible parking lot"": true}}",
Mast GOLF,Retailer,Golf Retail,False,(517) 764-9600,https://www.facebook.com/MastGolf,1624 W Ganson St,Jackson,Michigan,MI,49202,42.2549989,-84.43416839999999,America/Detroit,4.9,Top Rated,0,61,True,True,"https://www.google.com/maps/place/Mast+Golf/@42.2549989,-84.43416839999999,14z/data=!4m8!1m2!2m1!1sMast+Golf!3m4!1s0x883d256ddd185b49:0x221cb031bd1754c2!8m2!3d42.2549989!4d-84.43416839999999",Retail / Pro Shop,1,False,Indoor,True,"{""Wednesday"": [""10AM-2PM""]}",False,OPERATIONAL,True,crawled,independent clubmaker Michigan,False,Mast Golf,"{""Accessibility"": {""Wheelchair accessible entrance"": true, ""Wheelchair accessible parking lot"": true}}",
GOLF Performance Academy,Driving Range,Club Fitting,False,(269) 321-6676,https://www.golfperformanceacademy.com/,4200 Lovers Ln,Kalamazoo,Michigan,MI,49001,42.2479779,-85.5705084,America/Detroit,5.0,Top Rated,0,12,True,True,"https://www.google.com/maps/place/Golf+Performance+Academy/@42.247977899999995,-85.5705084,14z/data=!4m8!1m2!2m1!1sGolf+Performance+Academy!3m4!1s0x88179dc7dba15407:0xcc480cd283c130cc!8m2!3d42.247977899999995!4d-85.5705084",Club Fitting | Club Repair | Golf Lessons | Launch Monitor | Retail / Pro Shop | Demo Day,6,True,Outdoor,True,,False,OPERATIONAL,True,recrawled,independent clubmaker Michigan,False,Golf Performance Academy,"{""Accessibility"": {""Wheelchair accessible entrance"": true, ""Wheelchair accessible parking lot"": true, ""Wheelchair accessible restroom"": true}}",
GOLF Services,Driving Range,Club Fitting,False,(269) 372-5956,https://www.golf-services.com/,6958 W Main St,Kalamazoo,Michigan,MI,49009,42.2993167,-85.68623339999999,America/Detroit,4.4,Highly Rated,0,15,True,True,"https://www.google.com/maps/place/Golf+Services/@42.2993167,-85.68623339999999,14z/data=!4m8!1m2!2m1!1sGolf+Services!3m4!1s0x881770b4e27cc42d:0x58584f22a7454a14!8m2!3d42.2993167!4d-85.68623339999999",Club Fitting | Club Repair | Golf Lessons | Launch Monitor | Retail / Pro Shop | Shaft & Grip Sales,6,True,Outdoor,True,"{""Wednesday"": [""9AM-6PM""]}",False,OPERATIONAL,True,crawled,independent clubmaker Michigan,False,Golf Services,"{""Accessibility"": {""Wheelchair accessible entrance"": true, ""Wheelchair accessible parking lot"": true}}",
GOLF Country INC,Driving Range,Club Fitting,False,(810) 364-9160,https://golfcountryonline.com/,4730 Smiths Creek Rd,Kimball,Michigan,MI,48074,42.9210319,-82.5095214,America/Detroit,4.8,Top Rated,0,58,True,True,"https://www.google.com/maps/place/Golf+Country+Inc/@42.921031899999996,-82.5095214,14z/data=!4m8!1m2!2m1!1sGolf+Country+Inc!3m4!1s0x882575857a1a1a07:0xdb5951ec1ef4f4ae!8m2!3d42.921031899999996!4d-82.5095214",Club Fitting | Club Repair | Custom Club Building | Golf Lessons | Golf Simulator | Launch Monitor | Retail / Pro Shop,7,True,Indoor,True,"{""Wednesday"": [""9AM-6PM""]}",False,OPERATIONAL,True,crawled,boutique golf shop Michigan,False,Golf Country Inc,"{""Accessibility"": {""Wheelchair accessible entrance"": true, ""Wheelchair accessible parking lot"": true, ""Wheelchair accessible restroom"": true, ""Wheelchair accessible seating"": true}}",
Parfit GOLF,Clubfitter,Golf Instruction,False,(313) 663-1414,https://parfitgolf.com/,1600 Club Dr,Metamora,Michigan,MI,48455,42.90721689999999,-83.3195257,America/Detroit,5.0,Top Rated,0,7,True,True,"https://www.google.com/maps/place/Parfit+Golf/@42.907216899999995,-83.3195257,14z/data=!4m8!1m2!2m1!1sParfit+Golf!3m4!1s0x88248bdd96c7efe7:0xa3970285432a4cb7!8m2!3d42.907216899999995!4d-83.3195257",Golf Lessons | Retail / Pro Shop,2,True,Indoor,True,"{""Wednesday"": [""10AM-7PM""]}",False,OPERATIONAL,True,crawled,independent clubmaker Michigan,False,Parfit Golf,"{""Accessibility"": {""Wheelchair accessible entrance"": true, ""Wheelchair accessible parking lot"": true}}",
Midland GOLF Hq,Clubfitter,Club Fitting,False,(989) 750-7117,https://midlandgolfhq.com/,1011 Commerce Dr,Midland,Michigan,MI,48642,43.667851,-84.2391145,America/Detroit,4.8,Top Rated,0,24,True,True,"https://www.google.com/maps/place/Midland+Golf+HQ/@43.667851,-84.2391145,14z/data=!4m8!1m2!2m1!1sMidland+Golf+HQ!3m4!1s0x88217fb9ce3b4917:0x2184f2e60f462526!8m2!3d43.667851!4d-84.2391145",Club Fitting | Club Repair | Golf Lessons | Launch Monitor | Golf Simulator | Retail / Pro Shop | Shaft & Grip Sales,7,True,Indoor,True,"{""Wednesday"": [""10AM-8PM""]}",False,OPERATIONAL,True,crawled,independent clubmaker Michigan,False,Midland Golf HQ,"{""Accessibility"": {""Wheelchair accessible entrance"": true, ""Wheelchair accessible parking lot"": true}}",
GOLF Tech Custom Clubs And Repair Center,Clubfitter,Golf Instruction,False,(248) 426-2266,https://www.golftechnovi.com/,41300 W 10 Mile Rd A,Novi,Michigan,MI,48375,42.4675161,-83.4540792,America/Detroit,4.5,Highly Rated,0,18,True,True,"https://www.google.com/maps/place/Golf+Tech+Custom+Clubs+and+Repair+Center/@42.4675161,-83.4540792,14z/data=!4m8!1m2!2m1!1sGolf+Tech+Custom+Clubs+and+Repair+Center!3m4!1s0x8824af661e172839:0xf9e70fcf44377c22!8m2!3d42.4675161!4d-83.4540792",Club Repair | Golf Lessons | Retail / Pro Shop,3,True,Indoor,True,"{""Wednesday"": [""11AM-6PM""]}",False,OPERATIONAL,True,crawled,independent clubmaker Michigan,False,Golf Tech Custom Clubs and Repair Center,"{""Accessibility"": {""Wheelchair accessible entrance"": true, ""Wheelchair accessible parking lot"": true}}",
Leading Edge GOLF,Clubfitter,Club Fitting,False,(517) 253-0960,https://www.legolfshop.com/,2805 Jolly Rd #260,Okemos,Michigan,MI,48864,42.6825564,-84.4537683,America/Detroit,4.7,Top Rated,0,14,True,True,"https://www.google.com/maps/place/Leading+Edge+Golf/@42.682556399999996,-84.4537683,14z/data=!4m8!1m2!2m1!1sLeading+Edge+Golf!3m4!1s0x8822c3249edf2bd9:0x5d9d7fe778bca14c!8m2!3d42.682556399999996!4d-84.4537683",Club Fitting | Custom Club Building | Golf Simulator | Retail / Pro Shop | Shaft & Grip Sales,5,True,Indoor,True,"{""Wednesday"": [""10AM-7PM""]}",False,OPERATIONAL,True,crawled,independent clubmaker Michigan,False,Leading Edge Golf,"{""Accessibility"": {""Wheelchair accessible entrance"": true, ""Wheelchair accessible parking lot"": true}}",
Mac Legends GOLF Center,Driving Range,Club Fitting,False,(517) 575-6187,https://www.maclegends.com/,1410 W Grand River Ave,Okemos,Michigan,MI,48864,42.7161283,-84.3993189,America/Detroit,4.4,Highly Rated,0,30,True,True,"https://www.google.com/maps/place/MAC+Legends+Golf+Center/@42.7161283,-84.3993189,14z/data=!4m8!1m2!2m1!1sMAC+Legends+Golf+Center!3m4!1s0x8822dd77733f6a19:0x1a092d5518ad7b38!8m2!3d42.7161283!4d-84.3993189",Club Fitting | Club Repair | Golf Lessons | Launch Monitor | Golf Simulator | Retail / Pro Shop,6,True,Indoor,True,"{""Wednesday"": [""10AM-6PM""]}",False,OPERATIONAL,True,crawled,custom club fitting Michigan,False,MAC Legends Golf Center,"{""Accessibility"": {""Wheelchair accessible entrance"": true, ""Wheelchair accessible parking lot"": true}}",
Components Plus,Retailer,Golf Retail,False,(734) 854-7550,https://componentsplus.com/,7755 US-223,Ottawa Lake,Michigan,MI,49267,41.7955038,-83.733158,America/Detroit,4.9,Top Rated,0,4,True,False,"https://www.google.com/maps/place/Components+Plus/@41.7955038,-83.733158,14z/data=!4m8!1m2!2m1!1sComponents+Plus!3m4!1s0x883c864e569084cf:0xb90f9a61dcc21fb7!8m2!3d41.7955038!4d-83.733158",,0,False,Indoor,True,"{""Wednesday"": [""10AM-6PM""]}",False,OPERATIONAL,True,crawl_failed,independent clubmaker Michigan,False,Components Plus,"{""Accessibility"": {""Wheelchair accessible entrance"": true, ""Wheelchair accessible parking lot"": true}}",failed
Petoskey GOLF Center,Simulator,Club Fitting,False,(231) 622-8799,https://www.petoskeygolfcenter.com/,1900 U.S. 31 N #1,Petoskey,Michigan,MI,49770,45.397085,-84.888097,America/Detroit,4.9,Top Rated,0,14,True,True,"https://www.google.com/maps/place/Petoskey+Golf+Center/@45.397085,-84.888097,14z/data=!4m8!1m2!2m1!1sPetoskey+Golf+Center!3m4!1s0x4d4a82338ba53e45:0x5c66857a1d6914f1!8m2!3d45.397085!4d-84.888097",Club Fitting | Golf Lessons,2,True,Indoor,True,"{""Wednesday"": [""10AM-8PM""]}",False,OPERATIONAL,True,crawled,custom club fitting Michigan,False,Petoskey Golf Center,"{""Accessibility"": {""Wheelchair accessible entrance"": true, ""Wheelchair accessible parking lot"": true, ""Wheelchair accessible restroom"": true}}",
Carl's Golfland At Saint John's Resort,Retailer,Golf Retail,False,(734) 354-9274,https://www.carlsgolfland.com/,44135 Five Mile Rd,Plymouth,Michigan,MI,48170,42.3948705,-83.4787492,America/Detroit,4.4,Highly Rated,0,167,True,True,"https://www.google.com/maps/place/Carl%27s+Golfland+at+Saint+John%27s+Resort/@42.394870499999996,-83.4787492,14z/data=!4m8!1m2!2m1!1sCarl%27s+Golfland+at+Saint+John%27s+Resort!3m4!1s0x8824acee26a18647:0xb55268341e000b6c!8m2!3d42.394870499999996!4d-83.4787492",,0,False,Indoor,True,"{""Wednesday"": [""9AM-7PM""]}",False,OPERATIONAL,True,crawled,custom club fitting Michigan,False,Carl's Golfland at Saint John's Resort,"{""Accessibility"": {""Wheelchair accessible entrance"": true, ""Wheelchair accessible parking lot"": true}}",unknown
Fox Hills GOLF Coaching Center,Simulator,Golf Simulator,False,,https://golfcoachingcenter.com/,8768 N Territorial Rd,Plymouth,Michigan,MI,48170,42.3683002,-83.5955501,America/Detroit,5.0,Top Rated,0,7,True,True,"https://www.google.com/maps/place/Fox+Hills+Golf+Coaching+Center/@42.3683002,-83.5955501,14z/data=!4m8!1m2!2m1!1sFox+Hills+Golf+Coaching+Center!3m4!1s0x883cabb4ee14b341:0x5c8f5927b9fd0cdb!8m2!3d42.3683002!4d-83.5955501",Golf Lessons | Launch Monitor | Golf Simulator | Retail / Pro Shop,4,False,Indoor,True,"{""Wednesday"": [""8AM-8PM""]}",False,OPERATIONAL,True,crawled,independent clubmaker Michigan,False,Fox Hills Golf Coaching Center,"{""Accessibility"": {""Wheelchair accessible entrance"": true, ""Wheelchair accessible parking lot"": true, ""Wheelchair accessible restroom"": true}}",
Jeff Goble GOLF Inc.,Clubfitter,Club Fitting,False,(734) 604-9919,https://jeffgoblegolf.com/,46029 Five Mile Rd,Plymouth,Michigan,MI,48170,42.3945343,-83.4977857,America/Detroit,5.0,Top Rated,0,13,True,True,"https://www.google.com/maps/place/Jeff+Goble+Golf+Inc./@42.3945343,-83.4977857,14z/data=!4m8!1m2!2m1!1sJeff+Goble+Golf+Inc.!3m4!1s0x88249535ba3513ad:0x3c644983962a4c5c!8m2!3d42.3945343!4d-83.4977857",Club Fitting | Golf Lessons | Launch Monitor | Retail / Pro Shop,4,True,Indoor,True,"{""Wednesday"": [""9AM-7PM""]}",False,OPERATIONAL,True,crawled,independent clubmaker Michigan,False,Jeff Goble Golf Inc.,"{""Accessibility"": {""Wheelchair accessible entrance"": true, ""Wheelchair accessible parking lot"": true}}",
GOLF Performance Academy,Driving Range,Club Fitting,False,(269) 321-6676,https://www.golfperformanceacademy.com/,8536 Shaver Rd,Portage,Michigan,MI,49024,42.19317239999999,-85.59963979999999,America/Detroit,3.1,Standard,0,16,True,False,"https://www.google.com/maps/place/Golf+Performance+Academy/@42.193172399999995,-85.59963979999999,14z/data=!4m8!1m2!2m1!1sGolf+Performance+Academy!3m4!1s0x88179e2b69c223c5:0xa37aec94c03446c0!8m2!3d42.193172399999995!4d-85.59963979999999",Club Fitting | Club Repair | Golf Lessons | Launch Monitor | Retail / Pro Shop | Demo Day,6,True,Outdoor,True,"{""Wednesday"": [""11AM-7PM""]}",False,OPERATIONAL,True,recrawled,custom club fitting Michigan,False,Golf Performance Academy,"{""Accessibility"": {""Wheelchair accessible entrance"": true, ""Wheelchair accessible parking lot"": true, ""Wheelchair accessible restroom"": true}}",
Grow Your Game GOLF Center,Clubfitter,Club Fitting,False,(734) 626-9791,https://growyourgamegc.com/,15015 Sibley Rd,Riverview,Michigan,MI,48193,42.16770349999999,-83.2051457,America/Detroit,4.9,Top Rated,0,6,True,True,"https://www.google.com/maps/place/Grow+Your+Game+Golf+Center/@42.167703499999995,-83.2051457,14z/data=!4m8!1m2!2m1!1sGrow+Your+Game+Golf+Center!3m4!1s0x883b398662c1063d:0x5ddea74c158fcdc3!8m2!3d42.167703499999995!4d-83.2051457",Club Fitting | Golf Lessons | Launch Monitor | Shaft & Grip Sales | Retail / Pro Shop,5,True,Indoor,True,"{""Wednesday"": [""10AM-7PM""]}",False,OPERATIONAL,True,recrawled,custom club fitting Michigan,False,Grow Your Game Golf Center,"{""Accessibility"": {""Wheelchair accessible entrance"": true, ""Wheelchair accessible parking lot"": true, ""Wheelchair accessible restroom"": true}}",
Larry Hamilton GOLF,Clubfitter,Club Fitting,False,(248) 605-2201,https://www.larryhamiltongolf.com/,232 South St,Rochester,Michigan,MI,48307,42.6756337,-83.1296789,America/Detroit,4.8,Top Rated,0,5,True,True,"https://www.google.com/maps/place/Larry+Hamilton+Golf/@42.6756337,-83.1296789,14z/data=!4m8!1m2!2m1!1sLarry+Hamilton+Golf!3m4!1s0x8824e9c9a656ee95:0xc8d092e8c82651ec!8m2!3d42.6756337!4d-83.1296789",Club Fitting | Launch Monitor | Retail / Pro Shop,3,True,Indoor,True,"{""Wednesday"": [""9AM-7PM""]}",False,OPERATIONAL,True,crawled,independent clubmaker Michigan,False,Larry Hamilton Golf,"{""Accessibility"": {""Wheelchair accessible entrance"": true, ""Wheelchair accessible parking lot"": true, ""Wheelchair accessible restroom"": true}}",
Mw GOLF,Retailer,Club Repair,False,(248) 709-2231,https://www.mwgolfclubs.com/,146 South St,Rochester,Michigan,MI,48307,42.6747867,-83.1313377,America/Detroit,5.0,Top Rated,0,1,True,True,"https://www.google.com/maps/place/MW+Golf/@42.6747867,-83.1313377,14z/data=!4m8!1m2!2m1!1sMW+Golf!3m4!1s0x8824e9c860f23d45:0x4e45dba7acb5a738!8m2!3d42.6747867!4d-83.1313377",Club Repair | Custom Club Building,2,False,Indoor,True,"{""Wednesday"": [""10AM-4PM""]}",False,OPERATIONAL,True,crawled,custom club fitting Michigan,False,MW Golf,"{""Accessibility"": {""Wheelchair accessible entrance"": true, ""Wheelchair accessible parking lot"": true}}",
Trevor Parkinson,Retailer,Golf Instruction,False,(248) 709-6417,https://www.trevorparkinson.com/,146 South St,Rochester,Michigan,MI,48307,42.6748402,-83.13134529999999,America/Detroit,5.0,Top Rated,0,0,False,False,"https://www.google.com/maps/place/Trevor+Parkinson/@42.6748402,-83.13134529999999,14z/data=!4m8!1m2!2m1!1sTrevor+Parkinson!3m4!1s0x8824e9736cda1aff:0xcfbe2f16d2957d45!8m2!3d42.6748402!4d-83.13134529999999",Custom Club Building | Golf Lessons | Retail / Pro Shop,3,False,Indoor,True,,False,OPERATIONAL,True,crawled,independent clubmaker Michigan,False,Trevor Parkinson,"{""Accessibility"": {""Wheelchair accessible entrance"": true, ""Wheelchair accessible parking lot"": true}}",
GOLF Emporium,Clubfitter,Club Fitting,False,(616) 754-2280,https://thegolfemporium.com/,10831 14 Mile Rd NE,Rockford,Michigan,MI,49341,43.1769991,-85.4011816,America/Detroit,4.7,Top Rated,0,19,True,True,"https://www.google.com/maps/place/Golf+Emporium/@43.176999099999996,-85.4011816,14z/data=!4m8!1m2!2m1!1sGolf+Emporium!3m4!1s0x8818f0de0d895255:0xa70c4f614ba2fb13!8m2!3d43.176999099999996!4d-85.4011816",Club Fitting | Club Repair | Golf Lessons | Launch Monitor | Club Rentals | Retail / Pro Shop,6,True,Indoor,True,"{""Wednesday"": [""9AM-6PM""]}",False,OPERATIONAL,True,crawled,independent clubmaker Michigan,False,Golf Emporium,"{""Accessibility"": {""Wheelchair accessible entrance"": true, ""Wheelchair accessible parking lot"": true}}",
D C GOLF Repair Studio,Retailer,Club Repair,False,(248) 549-2106,https://dcgolfrepairstudio.com/,3500 Edgar Ave,Royal Oak,Michigan,MI,48073,42.51939,-83.180994,America/Detroit,4.6,Highly Rated,0,20,True,True,"https://www.google.com/maps/place/D+C+Golf+Repair+Studio/@42.51939,-83.180994,14z/data=!4m8!1m2!2m1!1sD+C+Golf+Repair+Studio!3m4!1s0x8824c616ab33e053:0x60c0e857d054a7cb!8m2!3d42.51939!4d-83.180994",Club Repair | Retail / Pro Shop | Shaft & Grip Sales,3,False,Indoor,True,"{""Wednesday"": [""10AM-7PM""]}",False,OPERATIONAL,True,crawled,independent clubmaker Michigan,False,D C Golf Repair Studio,"{""Accessibility"": {""Wheelchair accessible entrance"": true, ""Wheelchair accessible parking lot"": true}}",
Discount GOLF,Retailer,Club Repair,False,(248) 544-1177,https://royaloakgolf.com/,29894 Woodward Ave,Royal Oak,Michigan,MI,48073,42.51012679999999,-83.1782846,America/Detroit,4.6,Highly Rated,0,61,True,True,"https://www.google.com/maps/place/Discount+Golf/@42.510126799999995,-83.1782846,14z/data=!4m8!1m2!2m1!1sDiscount+Golf!3m4!1s0x8824c61b7880f3c5:0xb1c2fadc303e7362!8m2!3d42.510126799999995!4d-83.1782846",Club Repair | Custom Club Building | Retail / Pro Shop | Shaft & Grip Sales,4,False,Indoor,True,"{""Wednesday"": [""10AM-6PM""]}",False,OPERATIONAL,True,crawled,independent clubmaker Michigan,False,Discount Golf,"{""Accessibility"": {""Wheelchair accessible entrance"": true, ""Wheelchair accessible parking lot"": true}}",
J P Lann GOLF,Retailer,Club Repair,False,(800) 332-7377,https://www.jplann.com/,4320 Delemere Ct,Royal Oak,Michigan,MI,48073,42.5276877,-83.1775536,America/Detroit,5.0,Top Rated,0,1,True,False,"https://www.google.com/maps/place/J+P+Lann+Golf/@42.5276877,-83.1775536,14z/data=!4m8!1m2!2m1!1sJ+P+Lann+Golf!3m4!1s0x8824c66db9ed0bfb:0xc1d27ab7c36ae183!8m2!3d42.5276877!4d-83.1775536",Club Repair | Shaft & Grip Sales | Retail / Pro Shop,3,False,Indoor,True,"{""Wednesday"": [""9AM-5PM""]}",False,OPERATIONAL,True,crawled,boutique golf shop Michigan,False,J P Lann Golf,"{""Accessibility"": {""Wheelchair accessible entrance"": true, ""Wheelchair accessible parking lot"": true}}",
The Tennis & GOLF Company,Retailer,Golf Retail,False,(248) 435-6800,https://tennisracquets.com/,30211 Woodward Ave,Royal Oak,Michigan,MI,48073,42.5112378,-83.18053309999999,America/Detroit,4.5,Highly Rated,0,128,True,True,"https://www.google.com/maps/place/The+Tennis+%26+Golf+Company/@42.511237799999996,-83.18053309999999,14z/data=!4m8!1m2!2m1!1sThe+Tennis+%26+Golf+Company!3m4!1s0x8824c61bdaf17b59:0x823b7eb83afc1bac!8m2!3d42.511237799999996!4d-83.18053309999999",Retail / Pro Shop,1,False,Indoor,True,"{""Wednesday"": [""10AM-7PM""]}",False,OPERATIONAL,True,crawled,independent clubmaker Michigan,False,The Tennis & Golf Company,"{""Accessibility"": {""Wheelchair accessible entrance"": true, ""Wheelchair accessible parking lot"": true}}",
Lock GOLF Academy,Simulator,Golf Simulator,False,(248) 274-6533,https://www.lockgolfacademy.com/,22805 Country Club Dr,South Lyon,Michigan,MI,48178,42.4551368,-83.5783232,America/Detroit,4.9,Top Rated,0,24,True,True,"https://www.google.com/maps/place/Lock+Golf+Academy/@42.4551368,-83.5783232,14z/data=!4m8!1m2!2m1!1sLock+Golf+Academy!3m4!1s0x882355dd1adf3e87:0x44cbed175a862100!8m2!3d42.4551368!4d-83.5783232",,0,False,Indoor,True,"{""Wednesday"": [""8AM-8PM""]}",False,OPERATIONAL,True,crawled,independent clubmaker Michigan,False,Lock Golf Academy,"{""Accessibility"": {""Wheelchair accessible entrance"": true, ""Wheelchair accessible parking lot"": true, ""Wheelchair accessible restroom"": true}}",unknown
Mike Fay GOLF Academy,Simulator,Golf Simulator,False,(231) 675-8863,https://www.mikefaygolf.com/,25501 Johns Rd,South Lyon,Michigan,MI,48178,42.4307931,-83.4843336,America/Detroit,5.0,Top Rated,0,9,True,True,"https://www.google.com/maps/place/Mike+Fay+Golf+Academy/@42.430793099999995,-83.4843336,14z/data=!4m8!1m2!2m1!1sMike+Fay+Golf+Academy!3m4!1s0x8824a9143f3608a7:0xdffae333cfbc4de8!8m2!3d42.430793099999995!4d-83.4843336",Golf Lessons | Golf Simulator | Launch Monitor | Retail / Pro Shop | Membership / Club Programs,5,False,Indoor,True,"{""Wednesday"": [""9AM-6PM""]}",False,OPERATIONAL,True,recrawled,custom club fitting Michigan,False,Mike Fay Golf Academy,"{""Accessibility"": {""Wheelchair accessible entrance"": true, ""Wheelchair accessible parking lot"": true}}",
Kowality GOLF,Retailer,Golf Instruction,False,(734) 788-7228,https://www.kowalitygolf.com/,3625 Napier Rd,Superior Township,Michigan,MI,48198,42.323718,-83.55131399999999,America/Detroit,5.0,Top Rated,0,1,True,True,"https://www.google.com/maps/place/Kowality+Golf/@42.323718,-83.55131399999999,14z/data=!4m8!1m2!2m1!1sKowality+Golf!3m4!1s0x883b5520e6a1dce9:0xfa7368c2997ec1e6!8m2!3d42.323718!4d-83.55131399999999",Golf Lessons | Retail / Pro Shop,2,False,Indoor,True,"{""Wednesday"": [""10AM-7PM""]}",False,OPERATIONAL,True,crawled,independent clubmaker Michigan,False,Kowality Golf,"{""Accessibility"": {""Wheelchair accessible entrance"": true, ""Wheelchair accessible parking lot"": true}, ""Other"": {""Identifies as women-owned"": true}}",
North Coast GOLF Shop,Retailer,Golf Retail,False,(810) 547-4900,https://www.northcoastgolfco.com/,144 Hall St Suite 105,Traverse City,Michigan,MI,49684,44.765313,-85.62696199999999,America/Detroit,5.0,Top Rated,0,26,True,True,"https://www.google.com/maps/place/North+Coast+Golf+Shop/@44.765313,-85.62696199999999,14z/data=!4m8!1m2!2m1!1sNorth+Coast+Golf+Shop!3m4!1s0x881e33fd16d7ccf1:0xbc026ef33d887e32!8m2!3d44.765313!4d-85.62696199999999",Retail / Pro Shop,1,False,Indoor,True,"{""Wednesday"": [""Closed""]}",False,OPERATIONAL,True,crawled,boutique golf shop Michigan,False,North Coast Golf Shop,"{""Accessibility"": {""Wheelchair accessible entrance"": true, ""Wheelchair accessible parking lot"": true}}",
Traverse City GOLF Performance Center,Retailer,Launch Monitor Analysis,False,(231) 947-1185,https://www.tcgolfperformance.com/,6270 Secor Rd,Traverse City,Michigan,MI,49685,44.7164035,-85.7023864,America/Detroit,4.7,Top Rated,0,84,True,True,"https://www.google.com/maps/place/Traverse+City+Golf+Performance+Center/@44.7164035,-85.7023864,14z/data=!4m8!1m2!2m1!1sTraverse+City+Golf+Performance+Center!3m4!1s0x881e316bcb121457:0xc65a0cf629631702!8m2!3d44.7164035!4d-85.7023864",Launch Monitor | Retail / Pro Shop,2,False,Indoor,True,"{""Wednesday"": [""9AM-8PM""]}",False,OPERATIONAL,True,crawled,independent clubmaker Michigan,False,Traverse City Golf Performance Center,"{""Accessibility"": {""Wheelchair accessible entrance"": true, ""Wheelchair accessible parking lot"": true, ""Wheelchair accessible restroom"": true, ""Wheelchair accessible seating"": true}}",
PXG Detroit,Clubfitter,Club Fitting,False,(248) 494-4794,https://www.pxg.com/pages/golf-stores/pxg-detroit,2830 W Maple Rd,Troy,Michigan,MI,48084,42.5486637,-83.1841172,America/Detroit,4.9,Top Rated,0,72,True,True,"https://www.google.com/maps/place/PXG+Detroit/@42.5486637,-83.1841172,14z/data=!4m8!1m2!2m1!1sPXG+Detroit!3m4!1s0x8824c7983771bba7:0xd2939aabae218cc7!8m2!3d42.5486637!4d-83.1841172",Club Fitting | Launch Monitor | Golf Simulator | Retail / Pro Shop,4,True,Indoor,True,"{""Wednesday"": [""9AM-5PM""]}",False,OPERATIONAL,True,crawled,independent clubmaker Michigan,False,PXG Detroit,"{""Accessibility"": {""Wheelchair accessible entrance"": true, ""Wheelchair accessible parking lot"": true}}",
Swingtek GOLF Academy,Instruction,Golf Instruction,False,(248) 817-2677,https://www.swingtekga.com/,1640 Stephenson Hwy,Troy,Michigan,MI,48083,42.5498626,-83.12152909999999,America/Detroit,4.7,Top Rated,0,4,True,True,"https://www.google.com/maps/place/Swingtek+Golf+Academy/@42.5498626,-83.12152909999999,14z/data=!4m8!1m2!2m1!1sSwingtek+Golf+Academy!3m4!1s0x8824c4250405ed17:0x669da86cf41f8fd6!8m2!3d42.5498626!4d-83.12152909999999",Golf Lessons,1,False,Unknown,True,"{""Wednesday"": [""Closed""]}",False,OPERATIONAL,True,crawled,independent clubmaker Michigan,False,Swingtek Golf Academy,"{""Accessibility"": {""Wheelchair accessible entrance"": true, ""Wheelchair accessible parking lot"": true, ""Wheelchair accessible restroom"": true}}",
Great GOLF Deals,Simulator,Golf Simulator,False,(248) 706-3032,https://www.greatgolfdeals.com/,4301 Orchard Lake Rd,West Bloomfield Township,Michigan,MI,48323,42.5751269,-83.3609962,America/Detroit,2.3,Standard,0,3,True,True,"https://www.google.com/maps/place/Great+Golf+Deals/@42.5751269,-83.3609962,14z/data=!4m8!1m2!2m1!1sGreat+Golf+Deals!3m4!1s0x8824bb959714984d:0xd8b406bcf39e9482!8m2!3d42.5751269!4d-83.3609962",Golf Lessons | Golf Simulator | Launch Monitor | Shaft & Grip Sales | Retail / Pro Shop | Trade-In / Used Clubs,6,False,Indoor,True,"{""Wednesday"": [""Open 24 hours""]}",False,OPERATIONAL,True,crawled,boutique golf shop Michigan,False,Great Golf Deals,"{""Accessibility"": {""Wheelchair accessible entrance"": true, ""Wheelchair accessible parking lot"": true}}",
Great Lakes GOLF,Retailer,Club Repair,False,(989) 726-5050,https://www.greatlakesgolfmi.com/,2990 Cook Rd #109,West Branch,Michigan,MI,48661,44.2486472,-84.2277561,America/Detroit,5.0,Top Rated,0,17,True,True,"https://www.google.com/maps/place/Great+Lakes+Golf+%28West+Branch%29/@44.2486472,-84.2277561,14z/data=!4m8!1m2!2m1!1sGreat+Lakes+Golf+%28West+Branch%29!3m4!1s0x882101751512e9c9:0xd33b525f03f17bdb!8m2!3d44.2486472!4d-84.2277561",Club Repair | Retail / Pro Shop,2,False,Indoor,True,"{""Wednesday"": [""10AM-8PM""]}",False,OPERATIONAL,True,crawled,custom club fitting Michigan,False,Great Lakes Golf,"{""Accessibility"": {""Wheelchair accessible entrance"": true, ""Wheelchair accessible parking lot"": true}}",
Ace Of Clubs GOLF Company,Retailer,Golf Retail,False,(800) 505-2904,https://www.aceofclubsgolfco.com/,2959 Biddle Ave Suite 100,Wyandotte,Michigan,MI,48192,42.2033136,-83.14873,America/Detroit,4.2,Well Reviewed,0,45,True,True,"https://www.google.com/maps/place/Ace+of+Clubs+Golf+Company/@42.2033136,-83.14873,14z/data=!4m8!1m2!2m1!1sAce+of+Clubs+Golf+Company!3m4!1s0x883b31c4a4900e37:0xc8c515941166d035!8m2!3d42.2033136!4d-83.14873",Retail / Pro Shop,1,False,Indoor,True,"{""Wednesday"": [""Closed""]}",False,OPERATIONAL,True,crawled,boutique golf shop Michigan,False,Ace of Clubs Golf Company,"{""Accessibility"": {""Wheelchair accessible entrance"": true, ""Wheelchair accessible parking lot"": true, ""Wheelchair accessible restroom"": false, ""Wheelchair accessible seating"": false}}",
Jordan Young GOLF,Retailer,Golf Instruction,False,(248) 561-0802,https://www.jordanyounggolf.com/,1201 S Huron St,Ypsilanti,Michigan,MI,48197,42.2238959,-83.6175039,America/Detroit,4.9,Top Rated,0,64,True,True,"https://www.google.com/maps/place/Jordan+Young+Golf/@42.223895899999995,-83.6175039,14z/data=!4m8!1m2!2m1!1sJordan+Young+Golf!3m4!1s0x883cabcc76b4b037:0xc9cb4f18a4253d1a!8m2!3d42.223895899999995!4d-83.6175039",Golf Lessons | Retail / Pro Shop | Golf Travel,3,False,Indoor,True,"{""Wednesday"": [""11AM-7PM""]}",False,OPERATIONAL,True,recrawled,custom club fitting Michigan,False,Jordan Young Golf,"{""Accessibility"": {""Wheelchair accessible entrance"": true, ""Wheelchair accessible parking lot"": true, ""Wheelchair accessible restroom"": true, ""Wheelchair accessible seating"": true}}",
Miles Of GOLF,Driving Range,Club Fitting,False,(734) 973-9004,https://www.milesofgolf.com/,3113 Carpenter Rd,Ypsilanti,Michigan,MI,48197,42.243873,-83.6794164,America/Detroit,4.6,Highly Rated,0,123,True,True,"https://www.google.com/maps/place/Miles+of+Golf/@42.243873,-83.6794164,14z/data=!4m8!1m2!2m1!1sMiles+of+Golf!3m4!1s0x883caf34795a13b5:0x27aa2f03674df2f4!8m2!3d42.243873!4d-83.6794164",Club Fitting | Custom Club Building | Golf Lessons | Launch Monitor | Golf Simulator | Retail / Pro Shop,6,True,Indoor,True,"{""Wednesday"": [""9AM-6PM""]}",False,OPERATIONAL,True,crawled,independent clubmaker Michigan,False,Miles of Golf,"{""Accessibility"": {""Wheelchair accessible entrance"": true, ""Wheelchair accessible parking lot"": true}}",
Chelsea Pacifica Boutique,Retailer,Golf Retail,False,,https://www.chelseapacifica.com/,104 Lake Ave N,Battle Lake,Minnesota,MN,56515,46.2823197,-95.7138412,America/Chicago,5.0,Top Rated,0,19,True,True,"https://www.google.com/maps/place/Chelsea+Pacifica+Boutique/@46.282319699999995,-95.71384119999999,14z/data=!4m8!1m2!2m1!1sChelsea+Pacifica+Boutique!3m4!1s0x52c993b37e4827d9:0x894f52595bb5e5f0!8m2!3d46.282319699999995!4d-95.71384119999999",Retail / Pro Shop,1,False,Indoor,True,,False,OPERATIONAL,True,crawled,boutique golf shop Minnesota,False,Chelsea Pacifica Boutique,"{""Accessibility"": {""Wheelchair accessible entrance"": true, ""Wheelchair accessible parking lot"": true}, ""Other"": {""Identifies as women-owned"": true}}",
Power Lodge Brainerd,Retailer,Golf Retail,False,(218) 316-3555,https://www.powerlodgebrainerd.com/,17821 MN-371,Brainerd,Minnesota,MN,56401,46.4097139,-94.2871108,America/Chicago,4.6,Highly Rated,0,207,True,True,"https://www.google.com/maps/place/Power+Lodge+Brainerd/@46.4097139,-94.2871108,14z/data=!4m8!1m2!2m1!1sPower+Lodge+Brainerd!3m4!1s0x52b6954bfa9d6bff:0x6c532ec89140ee5a!8m2!3d46.4097139!4d-94.2871108",Retail / Pro Shop | Trade-In / Used Clubs,2,False,Indoor,True,"{""Wednesday"": [""9AM-6PM""]}",False,OPERATIONAL,True,crawled,boutique golf shop Minnesota,False,Power Lodge Brainerd,"{""Accessibility"": {""Wheelchair accessible entrance"": true, ""Wheelchair accessible parking lot"": true}}",
Deacon's Lodge,Simulator,Golf Simulator,False,(218) 562-6262,https://www.breezypointresort.com/,9348 Arnold Palmer Dr,Breezy Point,Minnesota,MN,56472,46.6053546,-94.206957,America/Chicago,4.7,Top Rated,0,328,True,True,"https://www.google.com/maps/place/Deacon%27s+Lodge/@46.6053546,-94.206957,14z/data=!4m8!1m2!2m1!1sDeacon%27s+Lodge!3m4!1s0x52b6db47ba31694b:0x673d3d257e1f57b0!8m2!3d46.6053546!4d-94.206957",Golf Simulator,1,False,Indoor,True,,False,OPERATIONAL,True,crawled,boutique golf shop Minnesota,False,Deacon's Lodge,"{""Accessibility"": {""Wheelchair accessible entrance"": true, ""Wheelchair accessible parking lot"": true}}",
Ultimate Fit GOLF LLC,Clubfitter,Club Fitting,False,(763) 234-2223,https://www.ultimatefitgolf.com/,4457 2nd St NE,Columbia Heights,Minnesota,MN,55421,45.0498598,-93.2664562,America/Chicago,5.0,Top Rated,0,1,True,True,"https://www.google.com/maps/place/Ultimate+Fit+Golf+LLC/@45.0498598,-93.2664562,14z/data=!4m8!1m2!2m1!1sUltimate+Fit+Golf+LLC!3m4!1s0x52b32e211b00c007:0xcbdd251c548958e5!8m2!3d45.0498598!4d-93.2664562",Club Fitting | Custom Club Building | Retail / Pro Shop | Shaft & Grip Sales,4,True,Indoor,True,,False,OPERATIONAL,True,crawled,independent clubmaker Minnesota,False,Ultimate Fit Golf LLC,"{""Accessibility"": {""Wheelchair accessible entrance"": true, ""Wheelchair accessible parking lot"": true}}",
Mulligan's Indoor GOLF,Simulator,Golf Simulator,False,(651) 276-9602,https://mulligansindoor.com/,1020 Discovery Rd #145,Eagan,Minnesota,MN,55121,44.8341941,-93.1415699,America/Chicago,5.0,Top Rated,0,36,True,True,"https://www.google.com/maps/place/Mulligan%27s+Indoor+Golf/@44.8341941,-93.1415699,14z/data=!4m8!1m2!2m1!1sMulligan%27s+Indoor+Golf!3m4!1s0x87f62db0fee81503:0xf9b33f8c6a08485f!8m2!3d44.8341941!4d-93.1415699",Launch Monitor | Golf Simulator,2,False,Indoor,True,"{""Wednesday"": [""9AM-10PM""]}",False,OPERATIONAL,True,crawled,custom club fitting Minnesota,False,Mulligan's Indoor Golf,"{""Accessibility"": {""Wheelchair accessible entrance"": true, ""Wheelchair accessible parking lot"": true, ""Wheelchair accessible restroom"": true}}",
Chris Foley GOLF School,Clubfitter,Club Fitting,False,(218) 820-9426,https://chrisfoleygolf.com/,1664 Pine Beach Rd,East Gull Lake,Minnesota,MN,56401,46.3856961,-94.3738304,America/Chicago,4.9,Top Rated,0,6,True,True,"https://www.google.com/maps/place/Chris+Foley+Golf+School/@46.3856961,-94.3738304,14z/data=!4m8!1m2!2m1!1sChris+Foley+Golf+School!3m4!1s0x41aa092ccb04cf53:0x7e0efc13845019b9!8m2!3d46.3856961!4d-94.3738304",Club Fitting | Golf Lessons | Launch Monitor | Golf Simulator | Retail / Pro Shop,5,True,Indoor,True,"{""Wednesday"": [""7AM-6PM""]}",False,OPERATIONAL,True,crawled,custom club fitting Minnesota,False,Chris Foley Golf School,"{""Accessibility"": {""Wheelchair accessible entrance"": true, ""Wheelchair accessible parking lot"": true, ""Wheelchair accessible restroom"": true}}",
GOLF Stix Value Guide,Retailer,Golf Retail,False,(612) 216-5205,https://www.golfstixvalueguide.com/,6754 Shady Oak Rd,Eden Prairie,Minnesota,MN,55344,44.8794335,-93.4083594,America/Chicago,5.0,Top Rated,0,27,True,True,"https://www.google.com/maps/place/Golf+Stix+Value+Guide/@44.8794335,-93.4083594,14z/data=!4m8!1m2!2m1!1sGolf+Stix+Value+Guide!3m4!1s0x87f621f0ca43900d:0x610a307fb5989003!8m2!3d44.8794335!4d-93.4083594",Retail / Pro Shop,1,False,Indoor,True,"{""Wednesday"": [""9AM-5PM""]}",False,OPERATIONAL,True,crawled,independent clubmaker Minnesota,False,Golf Stix Value Guide,"{""Accessibility"": {""Wheelchair accessible entrance"": true, ""Wheelchair accessible parking lot"": true}}",
GOLF USA,Retailer,Golf Retail,False,(952) 941-7336,https://www.facebook.com/Golf.USA.Eden.Prairie.Minnesota/,8427 Joiner Way,Eden Prairie,Minnesota,MN,55344,44.8508026,-93.4304437,America/Chicago,4.9,Top Rated,0,29,True,True,"https://www.google.com/maps/place/Golf+USA/@44.8508026,-93.4304437,14z/data=!4m8!1m2!2m1!1sGolf+USA!3m4!1s0x87f61897399a2819:0xfe403af2745624a1!8m2!3d44.8508026!4d-93.4304437",Retail / Pro Shop,1,False,Indoor,True,"{""Wednesday"": [""9AM-6PM""]}",False,OPERATIONAL,True,crawled,independent clubmaker Minnesota,False,Golf USA,"{""Accessibility"": {""Wheelchair accessible entrance"": true, ""Wheelchair accessible parking lot"": true}, ""Other"": {""Identifies as women-owned"": true}}",enriched
Twincitiesgolf.com,Simulator,Golf Simulator,False,(952) 947-4001,https://www.twincitiesgolf.com/,574 Prairie Center Dr # 135,Eden Prairie,Minnesota,MN,55344,44.8521542,-93.4302883,America/Chicago,4.9,Top Rated,0,44,True,True,"https://www.google.com/maps/place/TwinCitiesGolf.com/@44.8521542,-93.4302883,14z/data=!4m8!1m2!2m1!1sTwinCitiesGolf.com!3m4!1s0x87f6228aa350166b:0x15382d6db23704d5!8m2!3d44.8521542!4d-93.4302883",Golf Simulator | Retail / Pro Shop,2,False,Indoor,True,"{""Wednesday"": [""7:30AM-7PM""]}",False,OPERATIONAL,True,crawled,boutique golf shop Minnesota,False,TwinCitiesGolf.com,"{""Accessibility"": {""Wheelchair accessible entrance"": true, ""Wheelchair accessible parking lot"": true}}",
PXG Minneapolis,Clubfitter,Club Fitting,False,(612) 248-8878,https://www.pxg.com/pages/golf-stores/pxg-minneapolis,10 Southdale Ctr Suite 2180-C,Edina,Minnesota,MN,55435,44.8815573,-93.3251756,America/Chicago,4.9,Top Rated,0,64,True,True,"https://www.google.com/maps/place/PXG+Minneapolis/@44.8815573,-93.3251756,14z/data=!4m8!1m2!2m1!1sPXG+Minneapolis!3m4!1s0x87f6273668287de9:0xaae0c9cf8174f81b!8m2!3d44.8815573!4d-93.3251756",Club Fitting | Launch Monitor | Golf Simulator | Retail / Pro Shop,4,True,Indoor,True,"{""Wednesday"": [""9AM-5PM""]}",False,OPERATIONAL,True,crawled,independent clubmaker Minnesota,False,PXG Minneapolis,"{""Accessibility"": {""Wheelchair accessible entrance"": true, ""Wheelchair accessible parking lot"": true}, ""Other"": {""LGBTQ+ friendly"": true, ""Identifies as veteran-owned"": true}}",
The North GOLF Clothing,Retailer,Custom Club Building,False,(612) 816-5299,https://www.thenorthgolf.com/contact,5837 Ashcroft Ave,Edina,Minnesota,MN,55424,44.8967098,-93.34265,America/Chicago,5.0,Top Rated,0,1,True,False,"https://www.google.com/maps/place/The+North+Golf+Clothing/@44.8967098,-93.34264999999999,14z/data=!4m8!1m2!2m1!1sThe+North+Golf+Clothing!3m4!1s0x87f62135b8aeaaab:0x83e955295bbc061c!8m2!3d44.8967098!4d-93.34264999999999",Custom Club Building,1,False,Indoor,True,,False,OPERATIONAL,True,crawled,boutique golf shop Minnesota,False,The North Golf Clothing,"{""Accessibility"": {""Wheelchair accessible entrance"": true, ""Wheelchair accessible parking lot"": true}}",
Golden Eagle GOLF Club,Simulator,Golf Simulator,False,(218) 763-4653,https://www.golfgoldeneagle.com/,16146 W Eagle Lake Rd,Fifty Lakes,Minnesota,MN,56448,46.759737,-94.065874,America/Chicago,4.7,Top Rated,0,228,True,True,"https://www.google.com/maps/place/Golden+Eagle+Golf+Club/@46.759737,-94.065874,14z/data=!4m8!1m2!2m1!1sGolden+Eagle+Golf+Club!3m4!1s0x52b72a0f4ac9e97f:0x93f1653866fce34e!8m2!3d46.759737!4d-94.065874",Golf Simulator | Retail / Pro Shop,2,False,Indoor,True,"{""Wednesday"": [""7AM-7PM""]}",False,OPERATIONAL,True,crawled,boutique golf shop Minnesota,False,Golden Eagle Golf Club,"{""Accessibility"": {""Wheelchair accessible parking lot"": true, ""Wheelchair accessible restroom"": true}}",
Pioneer GOLF Company,Simulator,Golf Simulator,False,(612) 488-3900,https://www.pioneergolfco.com/,512 63rd Ave NE,Fridley,Minnesota,MN,55432,45.0827312,-93.2575801,America/Chicago,5.0,Top Rated,0,64,True,True,"https://www.google.com/maps/place/Pioneer+Golf+Company/@45.0827312,-93.2575801,14z/data=!4m8!1m2!2m1!1sPioneer+Golf+Company!3m4!1s0x52b32ff14b813357:0xe214a52c29b1af33!8m2!3d45.0827312!4d-93.2575801",Custom Club Building | Launch Monitor | Golf Simulator | Retail / Pro Shop,4,False,Indoor,True,"{""Wednesday"": [""7AM-5PM""]}",False,OPERATIONAL,True,crawled,independent clubmaker Minnesota,False,Pioneer Golf Company,"{""Accessibility"": {""Wheelchair accessible entrance"": true, ""Wheelchair accessible parking lot"": true}}",
All Seasons GOLF,Simulator,Club Fitting,False,(651) 689-4653,https://allseasonsgolf.com/,6172 Olson Mem Hwy,Golden Valley,Minnesota,MN,55422,44.98765909999999,-93.3577214,America/Chicago,5.0,Top Rated,0,73,True,True,"https://www.google.com/maps/place/All+Seasons+Golf+%7C+Custom+Golf+Simulators/@44.987659099999995,-93.3577214,14z/data=!4m8!1m2!2m1!1sAll+Seasons+Golf+%7C+Custom+Golf+Simulators!3m4!1s0xe17b949e73dfa51:0xf56f197d7b60431f!8m2!3d44.987659099999995!4d-93.3577214",Club Fitting | Golf Simulator | Retail / Pro Shop,3,True,Indoor,True,"{""Wednesday"": [""8AM-3:30PM""]}",False,OPERATIONAL,True,crawled,custom club fitting Washington,False,All Seasons Golf | Custom Golf Simulators,"{""Accessibility"": {""Wheelchair accessible entrance"": true, ""Wheelchair accessible parking lot"": true}}",
Swing Lab Performance GOLF,Simulator,Club Fitting,False,(763) 453-5892,https://www.swinglabperformancegolf.com/,20721 Holyoke Ave,Lakeville,Minnesota,MN,55044,44.6491635,-93.243162,America/Chicago,4.9,Top Rated,0,25,True,True,"https://www.google.com/maps/place/Swing+Lab+Performance+Golf/@44.6491635,-93.243162,14z/data=!4m8!1m2!2m1!1sSwing+Lab+Performance+Golf!3m4!1s0x87f649b0a383582f:0x23a0724c96e2e8f3!8m2!3d44.6491635!4d-93.243162",Club Fitting | Club Repair | Custom Club Building | Launch Monitor | Golf Simulator | Retail / Pro Shop,6,True,Indoor,True,"{""Wednesday"": [""9AM-10PM""]}",False,OPERATIONAL,True,crawled,independent clubmaker Minnesota,False,Swing Lab Performance Golf,"{""Accessibility"": {""Wheelchair accessible entrance"": true, ""Wheelchair accessible parking lot"": true}}",
Minnesota GOLF & Outdoor,Retailer,Golf Retail,False,(507) 642-3100,https://www.mngolfandoutdoor.com/,84602 Olson Dr,Madelia,Minnesota,MN,56062,44.06220649999999,-94.3900771,America/Chicago,4.8,Top Rated,0,56,True,True,"https://www.google.com/maps/place/Minnesota+Golf+%26+Outdoor/@44.062206499999995,-94.3900771,14z/data=!4m8!1m2!2m1!1sMinnesota+Golf+%26+Outdoor!3m4!1s0x87f4f542ca83950b:0x952b0f08f92cf9b0!8m2!3d44.062206499999995!4d-94.3900771",Retail / Pro Shop,1,False,Indoor,True,"{""Wednesday"": [""8AM-4PM""]}",False,OPERATIONAL,True,crawled,boutique golf shop Minnesota,False,Minnesota Golf & Outdoor,"{""Accessibility"": {""Wheelchair accessible entrance"": true, ""Wheelchair accessible parking lot"": true, ""Wheelchair accessible restroom"": true}}",
Optimal Performance GOLF,Simulator,Golf Simulator,False,(763) 465-3674,https://optimalperformancegolf.com/,10401 93rd Ave N,Maple Grove,Minnesota,MN,55369,45.12289699999999,-93.413762,America/Chicago,4.9,Top Rated,0,56,True,True,"https://www.google.com/maps/place/Optimal+Performance+Golf/@45.122896999999995,-93.41376199999999,14z/data=!4m8!1m2!2m1!1sOptimal+Performance+Golf!3m4!1s0x52b339e9579c1a83:0xc1baa08bb837486c!8m2!3d45.122896999999995!4d-93.41376199999999",Golf Simulator | Retail / Pro Shop,2,False,Indoor,True,"{""Wednesday"": [""8AM-11PM""]}",False,OPERATIONAL,True,crawled,independent clubmaker Minnesota,False,Optimal Performance Golf,"{""Accessibility"": {""Wheelchair accessible entrance"": true, ""Wheelchair accessible parking lot"": true, ""Wheelchair accessible restroom"": true}}",
Noonan GOLF Co,Retailer,Golf Retail,False,(612) 799-6620,https://noonangolfco.com/,2521 27th Ave S,Minneapolis,Minnesota,MN,55406,44.95653249999999,-93.2325637,America/Chicago,0.0,Unrated,0,16,True,True,"https://www.google.com/maps/place/Noonan+Golf+Co/@44.956532499999994,-93.2325637,14z/data=!4m8!1m2!2m1!1sNoonan+Golf+Co!3m4!1s0x66dd84b37a77d60b:0x788a9546a68b3cfd!8m2!3d44.956532499999994!4d-93.2325637",Retail / Pro Shop,1,False,Indoor,True,"{""Wednesday"": [""Open 24 hours""]}",False,OPERATIONAL,True,crawled,boutique golf shop Minnesota,False,Noonan Golf Co,"{""Accessibility"": {""Wheelchair accessible parking lot"": true}}",
Tour Van - Minneapolis,Clubfitter,Club Fitting,False,(612) 331-9303,https://fitting.2ndswing.info/tour-van-fitting/,2410 E Hennepin Ave,Minneapolis,Minnesota,MN,55414,44.99142699999999,-93.218412,America/Chicago,4.8,Top Rated,0,29,True,True,"https://www.google.com/maps/place/Tour+Van+-+Minneapolis/@44.991426999999995,-93.218412,14z/data=!4m8!1m2!2m1!1sTour+Van+-+Minneapolis!3m4!1s0x52b32cff42960d13:0x6152efad2da53cb4!8m2!3d44.991426999999995!4d-93.218412",Club Fitting | Club Repair | Launch Monitor | Retail / Pro Shop | Shaft & Grip Sales,5,True,Indoor,True,"{""Wednesday"": [""10AM-6PM""]}",False,OPERATIONAL,True,crawled,custom club fitting Minnesota,False,Tour Van - Minneapolis,"{""Accessibility"": {""Wheelchair accessible entrance"": true, ""Wheelchair accessible parking lot"": true}}",
Discount GOLF Apparel Store By 2nd Swing,Clubfitter,Club Fitting,False,(952) 204-5097,https://www.2ndswing.com/discount-golf-apparel-shop/,11260 Wayzata Blvd,Minnetonka,Minnesota,MN,55305,44.973341,-93.4239055,America/Chicago,5.0,Top Rated,0,25,True,True,"https://www.google.com/maps/place/Discount+Golf+Apparel+Store+by+2nd+Swing/@44.973341,-93.42390549999999,14z/data=!4m8!1m2!2m1!1sDiscount+Golf+Apparel+Store+by+2nd+Swing!3m4!1s0x52b34b11a1978fdf:0x50b7dc8f8ccfdac7!8m2!3d44.973341!4d-93.42390549999999",Club Fitting | Retail / Pro Shop | Trade-In / Used Clubs,3,True,Indoor,True,"{""Wednesday"": [""11AM-8PM""]}",False,OPERATIONAL,True,crawled,boutique golf shop Minnesota,False,Discount Golf Apparel Store by 2nd Swing,"{""Accessibility"": {""Wheelchair accessible entrance"": true, ""Wheelchair accessible parking lot"": true}}",
Discount GOLF Apparel Store By 2nd Swing GOLF,Retailer,Golf Retail,False,(612) 491-7686,https://www.2ndswing.com/discount-golf-apparel-shop,13023 Ridgedale Dr,Minnetonka,Minnesota,MN,55305,44.96688109999999,-93.4454331,America/Chicago,5.0,Top Rated,0,10,True,True,"https://www.google.com/maps/place/Discount+Golf+Apparel+Store+by+2nd+Swing+Golf/@44.966881099999995,-93.4454331,14z/data=!4m8!1m2!2m1!1sDiscount+Golf+Apparel+Store+by+2nd+Swing+Golf!3m4!1s0x52b34bbaaf9aba8b:0xce86838b13bea90a!8m2!3d44.966881099999995!4d-93.4454331",Retail / Pro Shop | Shaft & Grip Sales,2,False,Indoor,True,"{""Wednesday"": [""11AM-7PM""]}",False,OPERATIONAL,True,crawled,custom club fitting Minnesota,False,Discount Golf Apparel Store by 2nd Swing Golf,"{""Accessibility"": {""Wheelchair accessible entrance"": true, ""Wheelchair accessible parking lot"": true, ""Wheelchair accessible restroom"": true, ""Wheelchair accessible seating"": true}}",
Tour Van Minnetonka,Clubfitter,Club Fitting,False,(952) 229-4145,https://fitting.2ndswing.info/tour-van-fitting/,13027 Ridgedale Dr Suite B,Minnetonka,Minnesota,MN,55305,44.96709,-93.445263,America/Chicago,4.9,Top Rated,0,24,True,True,"https://www.google.com/maps/place/Tour+Van+Minnetonka/@44.96709,-93.445263,14z/data=!4m8!1m2!2m1!1sTour+Van+Minnetonka!3m4!1s0x52b34aea77bb9b47:0x1334f99d5c7036f9!8m2!3d44.96709!4d-93.445263",Club Fitting | Club Repair | Launch Monitor | Retail / Pro Shop | Shaft & Grip Sales,5,True,Indoor,True,"{""Wednesday"": [""10AM-6PM""]}",False,OPERATIONAL,True,crawled,custom club fitting Minnesota,False,Tour Van Minnetonka,"{""Accessibility"": {""Wheelchair accessible entrance"": true, ""Wheelchair accessible parking lot"": true}}",
Jd's Clubs,Retailer,Club Repair,False,(763) 458-4318,https://jdsclubs.com/,9260 Kaiser Cir NE,Otsego,Minnesota,MN,55362,45.285916,-93.6773259,America/Chicago,4.9,Top Rated,0,18,True,True,"https://www.google.com/maps/place/JD%27s+Clubs/@45.285916,-93.6773259,14z/data=!4m8!1m2!2m1!1sJD%27s+Clubs!3m4!1s0x52b369b998b8e6dd:0xb55599a5a252add!8m2!3d45.285916!4d-93.6773259",Club Repair | Custom Club Building | Retail / Pro Shop | Shaft & Grip Sales,4,False,Indoor,True,"{""Wednesday"": [""Open 24 hours""]}",False,OPERATIONAL,True,crawled,independent clubmaker Minnesota,False,JD's Clubs,"{""Accessibility"": {""Wheelchair accessible parking lot"": true}}",
Patriot GOLF,Clubfitter,Club Fitting,False,(507) 456-1973,https://patriotgolf.us/,800 17th St SE,Owatonna,Minnesota,MN,55060,44.067284,-93.208433,America/Chicago,3.8,Well Reviewed,0,20,True,True,"https://www.google.com/maps/place/Patriot+Golf+-+Custom+Golf+Club+Online+Store+Fitting+and+Repair+Center/@44.067284,-93.208433,14z/data=!4m8!1m2!2m1!1sPatriot+Golf+-+Custom+Golf+Club+Online+Store+Fitting+and+Repair+Center!3m4!1s0x87f6e77270fce8b1:0xec337d00db7a5585!8m2!3d44.067284!4d-93.208433",Club Fitting | Club Repair | Custom Club Building | Shaft & Grip Sales | Retail / Pro Shop,5,True,Indoor,True,"{""Wednesday"": [""9AM-3:30PM""]}",False,OPERATIONAL,True,recrawled,custom club fitting Minnesota,False,Patriot Golf - Custom Golf Club Online Store Fitting and Repair Center,"{""Accessibility"": {""Wheelchair accessible entrance"": true, ""Wheelchair accessible parking lot"": true}}",
The Preserve At Grand View Lodge,Retailer,Golf Instruction,False,(218) 568-4944,https://www.grandviewlodge.com/courses/the-preserve,5505 Preserve Blvd,Pequot Lakes,Minnesota,MN,56472,46.5712672,-94.2868229,America/Chicago,4.2,Well Reviewed,0,60,True,True,"https://www.google.com/maps/place/The+Preserve+at+Grand+View+Lodge/@46.5712672,-94.28682289999999,14z/data=!4m8!1m2!2m1!1sThe+Preserve+at+Grand+View+Lodge!3m4!1s0x52b6c2e945a7b69b:0xe006e7f1d334cd27!8m2!3d46.5712672!4d-94.28682289999999",Golf Lessons | Retail / Pro Shop,2,False,Indoor,True,"{""Wednesday"": [""7AM-9PM""]}",False,OPERATIONAL,True,crawled,boutique golf shop Minnesota,False,The Preserve at Grand View Lodge,"{""Accessibility"": {""Wheelchair accessible entrance"": true, ""Wheelchair accessible parking lot"": true}}",
Go Low GOLF,Retailer,Golf Retail,False,(763) 567-0178,https://www.golfgolow.com/,3905 Annapolis Ln N #155,Plymouth,Minnesota,MN,55447,45.0272809,-93.4553531,America/Chicago,5.0,Top Rated,0,15,True,True,"https://www.google.com/maps/place/Go+Low+Golf/@45.0272809,-93.4553531,14z/data=!4m8!1m2!2m1!1sGo+Low+Golf!3m4!1s0x8fc92beacf8293eb:0x322a1ddf7123284b!8m2!3d45.0272809!4d-93.4553531",,0,False,Indoor,True,,False,OPERATIONAL,True,crawled,independent clubmaker Minnesota,False,Go Low Golf,"{""Accessibility"": {""Wheelchair accessible entrance"": true, ""Wheelchair accessible parking lot"": true}}",failed
Kraftygolf Studio,Simulator,Golf Simulator,False,,https://www.kraftygolf.com/,12700 Industrial Park Blvd,Plymouth,Minnesota,MN,55441,45.0034696,-93.4417007,America/Chicago,5.0,Top Rated,0,20,True,True,"https://www.google.com/maps/place/Kraftygolf+Studio/@45.003469599999995,-93.4417007,14z/data=!4m8!1m2!2m1!1sKraftygolf+Studio!3m4!1s0x52b34b26ee43fbe9:0x141ff71ef5e14b67!8m2!3d45.003469599999995!4d-93.4417007",Launch Monitor | Golf Simulator | Retail / Pro Shop,3,False,Indoor,True,"{""Wednesday"": [""Open 24 hours""]}",False,OPERATIONAL,True,crawled,independent clubmaker Minnesota,False,Kraftygolf Studio,"{""Accessibility"": {""Wheelchair accessible entrance"": true, ""Wheelchair accessible parking lot"": true, ""Wheelchair accessible restroom"": true}}",
Mulligan's Indoor GOLF,Simulator,Golf Simulator,False,(763) 205-3922,https://mulligansindoor.com/,3905 Annapolis Ln N #155,Plymouth,Minnesota,MN,55447,45.0272809,-93.4553531,America/Chicago,4.9,Top Rated,0,78,True,True,"https://www.google.com/maps/place/Mulligan%27s+Indoor+Golf/@45.0272809,-93.4553531,14z/data=!4m8!1m2!2m1!1sMulligan%27s+Indoor+Golf!3m4!1s0x52b349ed6f4867ef:0x5458d91a002c311!8m2!3d45.0272809!4d-93.4553531",Launch Monitor | Golf Simulator,2,False,Indoor,True,"{""Wednesday"": [""9AM-10PM""]}",False,OPERATIONAL,True,crawled,custom club fitting Minnesota,False,Mulligan's Indoor Golf,"{""Accessibility"": {""Wheelchair accessible entrance"": true, ""Wheelchair accessible parking lot"": true, ""Wheelchair accessible restroom"": true}, ""Other"": {""LGBTQ+ friendly"": true}}",
Rochester Indoor GOLF Center,Simulator,Club Fitting,False,(507) 529-0223,https://www.rochesterindoorgolfcenter.com/,1642 Hwy 52 N,Rochester,Minnesota,MN,55901,44.0398844,-92.4868443,America/Chicago,4.7,Top Rated,0,18,True,True,"https://www.google.com/maps/place/Rochester+Indoor+Golf+Center/@44.0398844,-92.4868443,14z/data=!4m8!1m2!2m1!1sRochester+Indoor+Golf+Center!3m4!1s0x87f75fa51d048e77:0x77ba9bcce02d448c!8m2!3d44.0398844!4d-92.4868443",Club Fitting | Club Repair | Golf Lessons | Golf Simulator | Retail / Pro Shop,5,True,Indoor,True,"{""Wednesday"": [""10AM-6PM""]}",False,OPERATIONAL,True,crawled,custom club fitting Minnesota,False,Rochester Indoor Golf Center,"{""Accessibility"": {""Wheelchair accessible entrance"": true, ""Wheelchair accessible parking lot"": true}}",
Sports Headquarters,Golf Course / Pro Shop,Club Fitting,False,(507) 282-3424,https://mysportshqs.com/,1201 Broadway Ave S Suite 20,Rochester,Minnesota,MN,55904,44.00481629999999,-92.466412,America/Chicago,4.6,Highly Rated,0,55,True,True,"https://www.google.com/maps/place/Sports+Headquarters/@44.004816299999995,-92.46641199999999,14z/data=!4m8!1m2!2m1!1sSports+Headquarters!3m4!1s0x87f75f552ee5a79d:0x4f262d4e1d7831cd!8m2!3d44.004816299999995!4d-92.46641199999999",Club Fitting | Club Repair | Retail / Pro Shop | Shaft & Grip Sales,4,True,Outdoor,True,"{""Wednesday"": [""10AM-7PM""]}",False,OPERATIONAL,True,crawled,custom club fitting Minnesota,False,Sports Headquarters,"{""Accessibility"": {""Wheelchair accessible entrance"": true, ""Wheelchair accessible parking lot"": true}}",
Austad's GOLF Saint Cloud,Clubfitter,Club Fitting,False,(320) 259-4653,https://austads.com/saint-cloud-store,3701 W Division St,St Cloud,Minnesota,MN,56303,45.5541604,-94.2025263,America/Chicago,4.7,Top Rated,0,45,True,True,"https://www.google.com/maps/place/Austad%27s+Golf+Saint+Cloud/@45.5541604,-94.2025263,14z/data=!4m8!1m2!2m1!1sAustad%27s+Golf+Saint+Cloud!3m4!1s0x52b45f07ba2487c3:0xe3861666b4cdd4ad!8m2!3d45.5541604!4d-94.2025263",Club Fitting | Club Repair | Custom Club Building | Golf Lessons | Launch Monitor | Golf Simulator | Retail / Pro Shop | Shaft & Grip Sales,8,True,Indoor,True,"{""Wednesday"": [""10AM-6PM""]}",False,OPERATIONAL,True,crawled,custom club fitting Minnesota,False,Austad's Golf Saint Cloud,"{""Accessibility"": {""Wheelchair accessible entrance"": true, ""Wheelchair accessible parking lot"": true}}",
Dan Simpson GOLF Shop INC,Retailer,Golf Retail,False,(952) 544-0021,https://www.minneapolisgolfclub.com/golf/dan-simpson-20c120.html,2001 Flag Ave S,St Louis Park,Minnesota,MN,55426,44.9641437,-93.395276,America/Chicago,5.0,Top Rated,0,0,False,False,"https://www.google.com/maps/place/Dan+Simpson+Golf+Shop+Inc/@44.9641437,-93.395276,14z/data=!4m8!1m2!2m1!1sDan+Simpson+Golf+Shop+Inc!3m4!1s0x52b3353b2a886763:0x29c3c50bd88af4c!8m2!3d44.9641437!4d-93.395276",Membership Programs,1,False,Indoor,True,,False,OPERATIONAL,True,crawled,boutique golf shop Minnesota,False,Dan Simpson Golf Shop Inc,"{""Accessibility"": {""Wheelchair accessible entrance"": true, ""Wheelchair accessible parking lot"": true}}",enriched
Wedgewood GOLF,Retailer,Golf Retail,False,(888) 833-7371,https://wedgewoodgolf.com/,Cambridge St,St Louis Park,Minnesota,MN,55436,44.9325339,-93.3585913,America/Chicago,4.4,Highly Rated,0,22,True,True,"https://www.google.com/maps/place/Wedgewood+Golf/@44.932533899999996,-93.3585913,14z/data=!4m8!1m2!2m1!1sWedgewood+Golf!3m4!1s0x87f620bfe3cd6dcd:0x781883983d101200!8m2!3d44.932533899999996!4d-93.3585913",Retail / Pro Shop,1,False,Indoor,True,"{""Wednesday"": [""Open 24 hours""]}",False,OPERATIONAL,True,crawled,boutique golf shop Minnesota,False,Wedgewood Golf,"{""Accessibility"": {""Wheelchair accessible parking lot"": true}}",
Glopro GOLF,Simulator,Golf Simulator,False,(651) 399-4485,https://gloprogolf.com/,768 Bradley St,St Paul,Minnesota,MN,55130,44.9643549,-93.078231,America/Chicago,5.0,Top Rated,0,12,True,True,"https://www.google.com/maps/place/GloPro+Golf/@44.9643549,-93.078231,14z/data=!4m8!1m2!2m1!1sGloPro+Golf!3m4!1s0x52b2d5f61f808f4d:0x1c40844e1c877052!8m2!3d44.9643549!4d-93.078231",Custom Club Building | Golf Lessons | Golf Simulator | Shaft & Grip Sales | Retail / Pro Shop,5,False,Indoor,True,"{""Wednesday"": [""7AM-2PM""]}",False,OPERATIONAL,True,crawled,boutique golf shop Minnesota,False,GloPro Golf,"{""Accessibility"": {""Wheelchair accessible parking lot"": true}}",
Thomas Campbell GOLF,Simulator,Club Fitting,False,(612) 245-5025,https://www.thomascampbellgolf.com/,2175 Larpenteur Ave W,St Paul,Minnesota,MN,55108,44.992088,-93.1920524,America/Chicago,5.0,Top Rated,0,9,True,True,"https://www.google.com/maps/place/Thomas+Campbell+Golf/@44.992087999999995,-93.1920524,14z/data=!4m8!1m2!2m1!1sThomas+Campbell+Golf!3m4!1s0x52b32ddd6d6a83cf:0xfe7cdfc8dba127!8m2!3d44.992087999999995!4d-93.1920524",Club Fitting | Golf Lessons | Launch Monitor | Golf Simulator,4,True,Indoor,True,"{""Wednesday"": [""9:30AM-5:30PM""]}",False,OPERATIONAL,True,crawled,custom club fitting Minnesota,False,Thomas Campbell Golf,"{""Accessibility"": {""Wheelchair accessible entrance"": true, ""Wheelchair accessible parking lot"": true, ""Wheelchair accessible restroom"": true}, ""Other"": {""LGBTQ+ friendly"": true}}",
Legendary GOLF Apparel,Retailer,Golf Retail,False,(952) 297-5612,https://lgndy.co/,2179 4th St Suite 2H,White Bear Lake,Minnesota,MN,55110,45.0855154,-93.0081734,America/Chicago,5.0,Top Rated,0,18,True,True,"https://www.google.com/maps/place/Legendary+Golf+Apparel/@45.0855154,-93.00817339999999,14z/data=!4m8!1m2!2m1!1sLegendary+Golf+Apparel!3m4!1s0x52b2d0e99eafffff:0xd314855494427b81!8m2!3d45.0855154!4d-93.00817339999999",Retail / Pro Shop,1,False,Indoor,True,"{""Wednesday"": [""10AM-4PM""]}",False,OPERATIONAL,True,crawled,boutique golf shop Minnesota,False,Legendary Golf Apparel,"{""Accessibility"": {""Wheelchair accessible parking lot"": true}}",
The Teehouse Complex,Driving Range,Club Fitting,False,(573) 332-0860,https://www.teehousecomplex.com/,2901 Hawthorne Rd,Cape Girardeau,Missouri,MO,63701,37.3171539,-89.5669174,America/Chicago,4.7,Top Rated,0,25,True,True,"https://www.google.com/maps/place/The+TeeHouse+Complex/@37.3171539,-89.5669174,14z/data=!4m8!1m2!2m1!1sThe+TeeHouse+Complex!3m4!1s0x8877897e206aa747:0x342c4c74c2e28903!8m2!3d37.3171539!4d-89.5669174",Club Fitting | Club Repair | Custom Club Building | Launch Monitor | Golf Simulator | Retail / Pro Shop,6,True,Indoor,True,"{""Wednesday"": [""9AM-9PM""]}",False,OPERATIONAL,True,crawled,custom club fitting Missouri,False,The TeeHouse Complex,"{""Accessibility"": {""Wheelchair accessible entrance"": true, ""Wheelchair accessible parking lot"": true}}",
Next Level GOLF,Simulator,Club Fitting,False,(636) 577-9124,https://golfacademyplus.com/,140 Long Rd Ste 110,Chesterfield,Missouri,MO,63005,38.6663557,-90.616863,America/Chicago,4.6,Highly Rated,0,17,True,True,"https://www.google.com/maps/place/Next+Level+Golf/@38.6663557,-90.616863,14z/data=!4m8!1m2!2m1!1sNext+Level+Golf!3m4!1s0x87ded5740be04d69:0xc1a54f9d16f8be64!8m2!3d38.6663557!4d-90.616863",Club Fitting | Club Repair | Custom Club Building | Golf Lessons | Launch Monitor | Golf Simulator | Retail / Pro Shop,7,True,Indoor,True,"{""Wednesday"": [""9AM-8PM""]}",False,OPERATIONAL,True,crawled,custom club fitting Missouri,False,Next Level Golf,"{""Accessibility"": {""Wheelchair accessible entrance"": true, ""Wheelchair accessible parking lot"": true, ""Wheelchair accessible restroom"": true}}",
Poe GOLF,Clubfitter,Club Fitting,False,(573) 445-7546,https://www.poegolf.com/,400 E Walnut St,Columbia,Missouri,MO,65201,38.9525158,-92.3326935,America/Chicago,4.5,Highly Rated,0,11,True,True,"https://www.google.com/maps/place/Poe+Golf/@38.9525158,-92.33269349999999,14z/data=!4m8!1m2!2m1!1sPoe+Golf!3m4!1s0x87dcca8694b562c3:0x2c5d62fa28026279!8m2!3d38.9525158!4d-92.33269349999999",Club Fitting | Club Repair | Retail / Pro Shop,3,True,Indoor,True,"{""Wednesday"": [""9AM-6PM""]}",False,OPERATIONAL,True,crawled,custom club fitting Missouri,False,Poe Golf,"{""Accessibility"": {""Wheelchair accessible parking lot"": true, ""Wheelchair accessible entrance"": false}}",
X-golf Ellisville,Simulator,Golf Simulator,False,(636) 220-2323,https://www.xgolfellisville.com/,15382 Manchester Rd,Ellisville,Missouri,MO,63011,38.5923641,-90.5618153,America/Chicago,4.6,Highly Rated,0,117,True,True,"https://www.google.com/maps/place/X-Golf+Ellisville/@38.5923641,-90.56181529999999,14z/data=!4m8!1m2!2m1!1sX-Golf+Ellisville!3m4!1s0x87d8d44b48e470e3:0x190a2ced0e115cb8!8m2!3d38.5923641!4d-90.56181529999999",Golf Lessons | Golf Simulator,2,False,Indoor,True,"{""Wednesday"": [""10AM-10PM""]}",False,OPERATIONAL,True,crawled,custom club fitting Missouri,False,X-Golf Ellisville,"{""Accessibility"": {""Wheelchair accessible entrance"": true, ""Wheelchair accessible parking lot"": true, ""Wheelchair accessible restroom"": true}, ""Other"": {""LGBTQ+ friendly"": true, ""Identifies as women-owned"": true}}",
Hurryville Driving Range & Par,Driving Range,Golf Retail,False,(573) 760-9182,https://hurryville.weebly.com/,4924 Hurryville Rd,Farmington,Missouri,MO,63640,37.8272514,-90.4486618,America/Chicago,4.8,Top Rated,0,20,True,False,"https://www.google.com/maps/place/Hurryville+Driving+Range+%26+Par/@37.8272514,-90.4486618,14z/data=!4m8!1m2!2m1!1sHurryville+Driving+Range+%26+Par!3m4!1s0x87d850707fd5c1bd:0x3411ba6bf7882968!8m2!3d37.8272514!4d-90.4486618",Retail / Pro Shop,1,False,Outdoor,True,"{""Wednesday"": [""9AM-5PM""]}",False,OPERATIONAL,True,crawled,custom club fitting Missouri,False,Hurryville Driving Range & Par,"{""Accessibility"": {""Wheelchair accessible entrance"": true}}",
Jess Hansen GOLF Academy,Simulator,Golf Simulator,False,(816) 405-4531,https://jesshansengolfacademy.com/,19310 E 50th Terrace Suite N,Independence,Missouri,MO,64055,39.0281549,-94.357637,America/Chicago,4.5,Highly Rated,0,41,True,True,"https://www.google.com/maps/place/Jess+Hansen+Golf+Academy/@39.0281549,-94.357637,14z/data=!4m8!1m2!2m1!1sJess+Hansen+Golf+Academy!3m4!1s0x87c11d441391b161:0x2b3a3a008d609c3e!8m2!3d39.0281549!4d-94.357637",Club Fitting | Golf Lessons | Golf Simulator | Launch Monitor | Retail / Pro Shop,5,False,Indoor,True,"{""Wednesday"": [""9AM-7PM""]}",False,OPERATIONAL,True,crawl_failed,custom club fitting Missouri,False,Jess Hansen Golf Academy,"{""Accessibility"": {""Wheelchair accessible entrance"": true, ""Wheelchair accessible parking lot"": true}}",enriched
Get-a-grip GOLF,Retailer,Club Repair,False,(816) 651-6331,https://app.jotform.com/get_a_grip/get-a-grip-golf-,8642 NE 91st Terrace,Kansas City,Missouri,MO,64157,39.2591373,-94.4778164,America/Chicago,5.0,Top Rated,0,129,True,True,"https://www.google.com/maps/place/Get-A-Grip+Golf/@39.2591373,-94.4778164,14z/data=!4m8!1m2!2m1!1sGet-A-Grip+Golf!3m4!1s0x23bd40bd69d8da9:0x4d50197f8b947a1a!8m2!3d39.2591373!4d-94.4778164",Club Repair | Shaft & Grip Sales,2,False,Indoor,True,"{""Wednesday"": [""Open 24 hours""]}",False,OPERATIONAL,True,crawled,custom club fitting Kansas,False,Get-A-Grip Golf,"{""Accessibility"": {""Wheelchair accessible parking lot"": true}}",
Imperial GOLF Of Parkville,Driving Range,Club Fitting,False,(929) 251-4653,https://www.imperialgolfkc.com/,6265 Lewis St,Kansas City,Missouri,MO,64152,39.2081826,-94.6842308,America/Chicago,5.0,Top Rated,0,12,True,False,"https://www.google.com/maps/place/Imperial+Golf+of+Parkville/@39.2081826,-94.6842308,14z/data=!4m8!1m2!2m1!1sImperial+Golf+of+Parkville!3m4!1s0x87c0f59fb9fdbe97:0x6a0d51d6feb4e9b!8m2!3d39.2081826!4d-94.6842308",Club Fitting | Custom Club Building | Golf Lessons | Retail / Pro Shop,4,True,Outdoor,True,"{""Wednesday"": [""10AM-9PM""]}",False,OPERATIONAL,True,crawled,custom club fitting Missouri,False,Imperial Golf of Parkville,"{""Accessibility"": {""Wheelchair accessible entrance"": true, ""Wheelchair accessible parking lot"": true, ""Wheelchair accessible restroom"": true}}",
The GOLF Doctor - Clubs & Repair,Clubfitter,Club Fitting,False,(816) 853-7821,https://golfdr-kc.com/,11716 E 72nd St,Kansas City,Missouri,MO,64133,38.9918949,-94.4443878,America/Chicago,3.2,Standard,0,1,True,True,"https://www.google.com/maps/place/The+Golf+Doctor+-+Clubs+%26+Repair/@38.9918949,-94.4443878,14z/data=!4m8!1m2!2m1!1sThe+Golf+Doctor+-+Clubs+%26+Repair!3m4!1s0x87c0e3d15333f325:0x26aa9011a9bba5ca!8m2!3d38.9918949!4d-94.4443878",Club Fitting | Club Repair | Golf Lessons,3,True,Indoor,True,"{""Wednesday"": [""9AM-9PM""]}",False,OPERATIONAL,True,crawled,custom club fitting Kansas,False,The Golf Doctor - Clubs & Repair,"{""Accessibility"": {""Wheelchair accessible parking lot"": true}}",
Oliver's Lessons & Club Repairs,Retailer,Club Repair,False,(660) 216-9270,https://m.facebook.com/OliversLessonsandClubRepairs,104 3rd St,Lancaster,Missouri,MO,63548,40.5226519,-92.5204315,America/Chicago,5.0,Top Rated,0,7,True,True,"https://www.google.com/maps/place/Oliver%27s+Lessons+%26+Club+Repairs/@40.5226519,-92.5204315,14z/data=!4m8!1m2!2m1!1sOliver%27s+Lessons+%26+Club+Repairs!3m4!1s0x87e87965913d32cd:0xb795615366884805!8m2!3d40.5226519!4d-92.5204315",Club Repair | Retail / Pro Shop,2,False,Indoor,True,,False,OPERATIONAL,True,crawled,custom club fitting Missouri,False,Oliver's Lessons & Club Repairs,"{""Accessibility"": {""Wheelchair accessible parking lot"": true}}",
24/7 GOLF Performance,Retailer,Golf Retail,False,(417) 597-2411,https://247golfperformance.com/,1864 North Commerce Drive,Nixa,Missouri,MO,65714,37.0826785,-93.2974558,America/Chicago,5.0,Top Rated,0,22,True,True,"https://www.google.com/maps/place/24%2F7+Golf+Performance/@37.0826785,-93.2974558,14z/data=!4m8!1m2!2m1!1s24%2F7+Golf+Performance!3m4!1s0x87cf65e41869023f:0xa4b82bb5d8bff855!8m2!3d37.0826785!4d-93.2974558",Retail / Pro Shop,1,False,Indoor,True,"{""Wednesday"": [""Open 24 hours""]}",False,OPERATIONAL,True,crawled,custom club fitting Missouri,False,24/7 Golf Performance,"{""Accessibility"": {""Wheelchair accessible entrance"": true, ""Wheelchair accessible parking lot"": true, ""Wheelchair accessible restroom"": true}}",
Sws GOLF Performance,Retailer,Golf Instruction,False,(417) 597-2411,https://www.swsgolf.com/,1864 North Commerce Drive,Nixa,Missouri,MO,65714,37.0826785,-93.2974558,America/Chicago,5.0,Top Rated,0,69,True,True,"https://www.google.com/maps/place/SWS+GOLF+PERFORMANCE/@37.0826785,-93.2974558,14z/data=!4m8!1m2!2m1!1sSWS+GOLF+PERFORMANCE!3m4!1s0x87cf605db77681f7:0xb670635a17e3ca24!8m2!3d37.0826785!4d-93.2974558",Golf Lessons | Retail / Pro Shop,2,False,Indoor,True,"{""Wednesday"": [""9AM-6PM""]}",False,OPERATIONAL,True,crawled,custom club fitting Missouri,False,SWS GOLF PERFORMANCE,"{""Accessibility"": {""Wheelchair accessible entrance"": true, ""Wheelchair accessible parking lot"": true, ""Wheelchair accessible restroom"": true}}",
Shoot For Par,Simulator,Golf Simulator,False,,https://shootforpar.com/,207 W Nodaway St,Oregon,Missouri,MO,64473,39.9876459,-95.1455115,America/Chicago,5.0,Top Rated,0,60,True,True,"https://www.google.com/maps/place/Shoot+For+Par/@39.9876459,-95.1455115,14z/data=!4m8!1m2!2m1!1sShoot+For+Par!3m4!1s0x8795516f0794440f:0xd5715717beb10ec2!8m2!3d39.9876459!4d-95.1455115",Club Repair | Golf Simulator | Retail / Pro Shop,3,False,Indoor,True,"{""Wednesday"": [""Closed""]}",False,OPERATIONAL,True,crawled,custom club fitting Missouri,False,Shoot For Par,"{""Accessibility"": {""Wheelchair accessible entrance"": true, ""Wheelchair accessible parking lot"": true}, ""Other"": {""Identifies as veteran-owned"": true}}",
Shooters GOLF Shop,Retailer,Golf Retail,False,(816) 694-7214,https://www.shootersgolfshop.com/,5 W Mill St,Parkville,Missouri,MO,64152,39.1890208,-94.6851675,America/Chicago,4.7,Top Rated,0,13,True,True,"https://www.google.com/maps/place/Shooters+Golf+Shop/@39.1890208,-94.68516749999999,14z/data=!4m8!1m2!2m1!1sShooters+Golf+Shop!3m4!1s0x87c0f79f9960bca1:0xf2fdea6987b23766!8m2!3d39.1890208!4d-94.68516749999999",,0,False,Indoor,True,,False,OPERATIONAL,True,crawl_failed,boutique golf shop Missouri,False,Shooters Golf Shop,"{""Accessibility"": {""Wheelchair accessible entrance"": true, ""Wheelchair accessible parking lot"": true}}",failed
Eagle Zone GOLF,Simulator,Golf Simulator,False,(573) 475-8311,https://eaglezonegolf.com/,813A Hunter Ave,Sikeston,Missouri,MO,63801,36.8836891,-89.579346,America/Chicago,5.0,Top Rated,0,5,True,True,"https://www.google.com/maps/place/Eagle+Zone+Golf/@36.8836891,-89.579346,14z/data=!4m8!1m2!2m1!1sEagle+Zone+Golf!3m4!1s0x8878470f5c0fc0cd:0x32f5cbf1f0071999!8m2!3d36.8836891!4d-89.579346",Golf Simulator,1,False,Indoor,True,"{""Wednesday"": [""7AM-5PM""]}",False,OPERATIONAL,True,crawled,boutique golf shop Missouri,False,Eagle Zone Golf,"{""Accessibility"": {""Wheelchair accessible parking lot"": true}}",
Grips GOLF & Club Repair LLC,Clubfitter,Club Fitting,False,(417) 831-7888,https://www.gripsgolf.com/,2945 E Chestnut Expressway,Springfield,Missouri,MO,65802,37.21034909999999,-93.2357114,America/Chicago,4.8,Top Rated,0,15,True,True,"https://www.google.com/maps/place/Grips+Golf+%26+Club+Repair+LLC/@37.210349099999995,-93.2357114,14z/data=!4m8!1m2!2m1!1sGrips+Golf+%26+Club+Repair+LLC!3m4!1s0x87cf7ce1dbc2063f:0xcd22c736fe56abd3!8m2!3d37.210349099999995!4d-93.2357114",Club Fitting | Club Repair | Custom Club Building | Retail / Pro Shop | Shaft & Grip Sales,5,True,Indoor,True,"{""Wednesday"": [""9AM-6PM""]}",False,OPERATIONAL,True,crawled,custom club fitting Arkansas,False,Grips Golf & Club Repair LLC,"{""Accessibility"": {""Wheelchair accessible entrance"": true, ""Wheelchair accessible parking lot"": true}}",
Bogey Hills GOLF Academy & Performance Institute,Instruction,Golf Instruction,False,(636) 946-6250,https://bhgapi.com/,1120 Country Club Rd,St Charles,Missouri,MO,63303,38.7847376,-90.5382641,America/Chicago,5.0,Top Rated,0,34,True,True,"https://www.google.com/maps/place/BOGEY+HILLS+GOLF+ACADEMY+%26+PERFORMANCE+INSTITUTE/@38.7847376,-90.53826409999999,14z/data=!4m8!1m2!2m1!1sBOGEY+HILLS+GOLF+ACADEMY+%26+PERFORMANCE+INSTITUTE!3m4!1s0x87df28dba5400001:0xd17cb8f6ae341e50!8m2!3d38.7847376!4d-90.53826409999999",Golf Lessons,1,False,Unknown,True,"{""Wednesday"": [""8AM-8PM""]}",False,OPERATIONAL,True,crawled,custom club fitting Missouri,False,BOGEY HILLS GOLF ACADEMY & PERFORMANCE INSTITUTE,"{""Accessibility"": {""Wheelchair accessible entrance"": true, ""Wheelchair accessible parking lot"": true, ""Wheelchair accessible restroom"": true}}",
Gimme GOLF Clubhouse,Simulator,Golf Simulator,False,(314) 784-5828,https://www.gimmegolfclub.com/,425 Clark St,St Charles,Missouri,MO,63301,38.7860769,-90.4841923,America/Chicago,5.0,Top Rated,0,22,True,False,"https://www.google.com/maps/place/Gimme+Golf+Clubhouse/@38.7860769,-90.48419229999999,14z/data=!4m8!1m2!2m1!1sGimme+Golf+Clubhouse!3m4!1s0x87df2f7393b6e671:0xaab11419dd965552!8m2!3d38.7860769!4d-90.48419229999999",Launch Monitor | Golf Simulator,2,False,Indoor,True,,False,OPERATIONAL,True,crawled,custom club fitting Missouri,False,Gimme Golf Clubhouse,"{""Accessibility"": {""Wheelchair accessible entrance"": true, ""Wheelchair accessible parking lot"": true, ""Wheelchair accessible restroom"": true}}",
PRO AM GOLF USA,Clubfitter,Club Fitting,False,(314) 647-8054,https://www.proamgolfusa.com/,3174 S Brentwood Blvd,St. Louis,Missouri,MO,63119,38.602958,-90.3514131,America/Chicago,4.5,Highly Rated,0,399,True,True,"https://www.google.com/maps/place/Pro+Am+Golf+USA/@38.602958,-90.3514131,14z/data=!4m8!1m2!2m1!1sPro+Am+Golf+USA!3m4!1s0x87d8cb9176abd105:0xdbe689d0d86367bc!8m2!3d38.602958!4d-90.3514131",Club Fitting | Club Repair | Custom Club Building | Golf Lessons | Launch Monitor | Retail / Pro Shop | Shaft & Grip Sales,7,True,Indoor,True,"{""Wednesday"": [""9AM-6PM""]}",False,OPERATIONAL,True,crawled,custom club fitting Missouri,False,Pro Am Golf USA,"{""Accessibility"": {""Wheelchair accessible entrance"": true, ""Wheelchair accessible parking lot"": true}}",
The First Tee Driving Range,Simulator,Golf Simulator,False,(314) 416-1661,https://thefirstteerange.com/,6286 Lemay Ferry Rd,St. Louis,Missouri,MO,63129,38.4610773,-90.3578827,America/Chicago,4.6,Highly Rated,0,101,True,True,"https://www.google.com/maps/place/The+First+Tee+Driving+Range/@38.4610773,-90.35788269999999,14z/data=!4m8!1m2!2m1!1sThe+First+Tee+Driving+Range!3m4!1s0x87d8c66a5492e895:0x17936303cbfb014!8m2!3d38.4610773!4d-90.35788269999999",Golf Lessons | Golf Simulator | Club Rentals,3,False,Indoor,True,"{""Wednesday"": [""8AM-9PM""]}",False,OPERATIONAL,True,crawled,custom club fitting Missouri,False,The First Tee Driving Range,"{""Accessibility"": {""Wheelchair accessible entrance"": true, ""Wheelchair accessible parking lot"": true}}",
1.50 GOLF - Precision Fitting & Instruction,Clubfitter,Club Fitting,False,(228) 539-4653,https://www.150golf.com/gulfport-ms,15244 Crossroads Pkwy A,Gulfport,Mississippi,MS,39503,30.439842,-89.095119,America/Chicago,4.7,Top Rated,0,28,True,True,"https://www.google.com/maps/place/1.50+Golf+-+Precision+Fitting+%26+Instruction/@30.439842,-89.095119,14z/data=!4m8!1m2!2m1!1s1.50+Golf+-+Precision+Fitting+%26+Instruction!3m4!1s0x889c3e01f04f5687:0xf10e399772f55250!8m2!3d30.439842!4d-89.095119",Club Fitting,1,True,Indoor,True,"{""Wednesday"": [""9AM-6PM""]}",False,OPERATIONAL,True,crawled,independent clubmaker Mississippi,False,1.50 Golf - Precision Fitting & Instruction,"{""Accessibility"": {""Wheelchair accessible entrance"": true, ""Wheelchair accessible parking lot"": true}}",
Dub's Clubs,Retailer,Golf Retail,False,(769) 567-1800,https://www.dubsclubs.com/,114 Dees Dr Suite B,Madison,Mississippi,MS,39110,32.5132983,-90.105098,America/Chicago,5.0,Top Rated,0,13,True,True,"https://www.google.com/maps/place/Dub%27s+Clubs/@32.513298299999995,-90.105098,14z/data=!4m8!1m2!2m1!1sDub%27s+Clubs!3m4!1s0x8629d16d8f9f378d:0xd4b2302d457aca90!8m2!3d32.513298299999995!4d-90.105098",,0,False,Indoor,True,"{""Wednesday"": [""9AM-8PM""]}",False,OPERATIONAL,True,crawled,independent clubmaker Mississippi,False,Dub's Clubs,"{""Accessibility"": {""Wheelchair accessible entrance"": true, ""Wheelchair accessible parking lot"": true}, ""Other"": {""Identifies as veteran-owned"": true}}",failed
Mississippi State University GOLF Course,Golf Course / Pro Shop,Club Fitting,False,(662) 325-3028,https://www.golf.msstate.edu/,14279 Mississippi Hwy 182,Starkville,Mississippi,MS,39759,33.477857,-88.732913,America/Chicago,4.6,Highly Rated,0,56,True,True,"https://www.google.com/maps/place/Mississippi+State+University+Golf+Course/@33.477857,-88.732913,14z/data=!4m8!1m2!2m1!1sMississippi+State+University+Golf+Course!3m4!1s0x8886cbb35caecf33:0xc9b5fb9d23b31eee!8m2!3d33.477857!4d-88.732913",Club Fitting,1,True,Outdoor,True,"{""Wednesday"": [""7:30AM-5PM""]}",False,OPERATIONAL,True,crawled,boutique golf shop Mississippi,False,Mississippi State University Golf Course,"{""Accessibility"": {""Wheelchair accessible entrance"": true, ""Wheelchair accessible parking lot"": true}}",
PRO GOLF Discount,Clubfitter,Club Fitting,False,(662) 844-9233,https://progolftupelo.com/,119 S Industrial Rd,Tupelo,Mississippi,MS,38801,34.2546059,-88.7195385,America/Chicago,4.9,Top Rated,0,6,True,True,"https://www.google.com/maps/place/Pro+Golf+Discount/@34.2546059,-88.7195385,14z/data=!4m8!1m2!2m1!1sPro+Golf+Discount!3m4!1s0x88874c181cc0b25f:0x5b7b35f96995531d!8m2!3d34.2546059!4d-88.7195385",Club Fitting | Club Repair | Launch Monitor | Golf Simulator | Retail / Pro Shop | Shaft & Grip Sales,6,True,Indoor,True,"{""Wednesday"": [""9AM-5PM""]}",False,OPERATIONAL,True,crawled,custom club fitting Mississippi,False,Pro Golf Discount,"{""Accessibility"": {""Wheelchair accessible entrance"": true, ""Wheelchair accessible parking lot"": true}}",
Mitchell GOLF,Clubfitter,Club Fitting,False,(406) 245-8691,https://www.mitchellgolfmt.com/,3007 Montana Ave,Billings,Montana,MT,59101,45.7800682,-108.5080264,America/Denver,4.7,Top Rated,0,12,True,True,"https://www.google.com/maps/place/Mitchell+Golf/@45.780068199999995,-108.50802639999999,14z/data=!4m8!1m2!2m1!1sMitchell+Golf!3m4!1s0x53487b36cd61bd13:0x887bf5600fb46509!8m2!3d45.780068199999995!4d-108.50802639999999",Club Fitting | Club Repair | Custom Club Building | Golf Lessons | Golf Simulator | Retail / Pro Shop,6,True,Indoor,True,"{""Wednesday"": [""9AM-6:30PM""]}",False,OPERATIONAL,True,crawled,custom club fitting Montana,False,Mitchell Golf,"{""Accessibility"": {""Wheelchair accessible entrance"": true, ""Wheelchair accessible parking lot"": true}}",
The Tee Box,Clubfitter,Club Fitting,False,(406) 256-8269,https://theteeboxmt.com/,2829 King Ave W Unit C,Billings,Montana,MT,59102,45.7569808,-108.5849075,America/Denver,4.3,Highly Rated,0,7,True,True,"https://www.google.com/maps/place/The+Tee+Box/@45.7569808,-108.5849075,14z/data=!4m8!1m2!2m1!1sThe+Tee+Box!3m4!1s0x534862d67fb105e1:0x956ea45a8f599119!8m2!3d45.7569808!4d-108.5849075",Club Fitting | Golf Lessons | Retail / Pro Shop | Shaft & Grip Sales,4,True,Indoor,True,"{""Wednesday"": [""9AM-6PM""]}",False,OPERATIONAL,True,crawled,custom club fitting Montana,False,The Tee Box,"{""Accessibility"": {""Wheelchair accessible entrance"": true, ""Wheelchair accessible parking lot"": true}}",
Pure Shot GOLF & Custom Fitting,Clubfitter,Club Fitting,False,(406) 577-2681,https://www.pureshotgolfmt.com/,80 Willow Peak Dr suite b,Bozeman,Montana,MT,59718,45.66958229999999,-111.1354141,America/Denver,4.3,Highly Rated,0,10,True,True,"https://www.google.com/maps/place/Pure+Shot+Golf+%26+Custom+Fitting/@45.669582299999995,-111.13541409999999,14z/data=!4m8!1m2!2m1!1sPure+Shot+Golf+%26+Custom+Fitting!3m4!1s0x53454fe2ff556eb1:0xa191e526d0cc05cb!8m2!3d45.669582299999995!4d-111.13541409999999",Club Fitting | Club Repair | Golf Simulator | Retail / Pro Shop,4,True,Indoor,True,"{""Wednesday"": [""10AM-7PM""]}",False,OPERATIONAL,True,crawled,independent clubmaker Montana,False,Pure Shot Golf & Custom Fitting,"{""Accessibility"": {""Wheelchair accessible entrance"": true, ""Wheelchair accessible parking lot"": true, ""Wheelchair accessible restroom"": true}}",
Rocky Mountain GOLF Company,Clubfitter,Club Fitting,False,(406) 924-6085,https://rockymountaingolfcompany.com/,96 Laura Louise Ln Unit#15,Bozeman,Montana,MT,59718,45.7013931,-111.1861952,America/Denver,5.0,Top Rated,0,89,True,True,"https://www.google.com/maps/place/Rocky+Mountain+Golf+Company/@45.7013931,-111.1861952,14z/data=!4m8!1m2!2m1!1sRocky+Mountain+Golf+Company!3m4!1s0x534549d880994ca5:0xa7b686cf1e0be03f!8m2!3d45.7013931!4d-111.1861952",Club Fitting | Launch Monitor | Golf Simulator | Retail / Pro Shop,4,True,Indoor,True,"{""Wednesday"": [""8AM-9PM""]}",False,OPERATIONAL,True,crawled,independent clubmaker Montana,False,Rocky Mountain Golf Company,"{""Accessibility"": {""Wheelchair accessible entrance"": true, ""Wheelchair accessible parking lot"": true}}",
Last Best GOLF Company,Clubfitter,Club Fitting,False,(406) 304-9892,https://www.lastbestgolfco.com/,517 S Orange St,Missoula,Montana,MT,59801,46.8665732,-114.0038523,America/Denver,5.0,Top Rated,0,5,True,True,"https://www.google.com/maps/place/Last+Best+Golf+Company/@46.8665732,-114.00385229999999,14z/data=!4m8!1m2!2m1!1sLast+Best+Golf+Company!3m4!1s0x535c2d512da597e3:0x9703afafbc5bd1bb!8m2!3d46.8665732!4d-114.00385229999999",Club Fitting | Club Repair | Retail / Pro Shop,3,True,Indoor,True,"{""Wednesday"": [""11AM-8PM""]}",False,OPERATIONAL,True,crawled,independent clubmaker Montana,False,Last Best Golf Company,"{""Accessibility"": {""Wheelchair accessible entrance"": true, ""Wheelchair accessible parking lot"": true}}",
Robert's GOLF Shop,Retailer,Club Repair,False,(910) 944-2757,https://robertsgolf.com/,1310 N Sandhills Blvd,Aberdeen,North Carolina,NC,28315,35.1503384,-79.4175601,America/New_York,4.7,Top Rated,0,14,True,True,"https://www.google.com/maps/place/Robert%27s+Golf+Shop/@35.150338399999995,-79.4175601,14z/data=!4m8!1m2!2m1!1sRobert%27s+Golf+Shop!3m4!1s0x8854b4fc7accff05:0x3581c10fcd147417!8m2!3d35.150338399999995!4d-79.4175601",Club Repair | Custom Club Building | Club Rentals | Retail / Pro Shop | Shaft & Grip Sales,5,False,Indoor,True,"{""Wednesday"": [""8:30AM-5PM""]}",False,OPERATIONAL,True,crawled,independent clubmaker North Carolina,False,Robert's Golf Shop,"{""Accessibility"": {""Wheelchair accessible entrance"": true, ""Wheelchair accessible parking lot"": true}}",
Knights Play GOLF Center,Retailer,Golf Retail,False,(919) 303-4653,https://www.knightsplay.com/,2512 Ten-Ten Rd,Apex,North Carolina,NC,27539,35.7128929,-78.8120809,America/New_York,4.3,Highly Rated,0,580,True,True,"https://www.google.com/maps/place/Knights+Play+Golf+Center/@35.7128929,-78.8120809,14z/data=!4m8!1m2!2m1!1sKnights+Play+Golf+Center!3m4!1s0x89ac8d1421a67b93:0x2acfbf778bafeb97!8m2!3d35.7128929!4d-78.8120809",Retail / Pro Shop,1,False,Indoor,True,"{""Wednesday"": [""8AM-9PM""]}",False,OPERATIONAL,True,crawled,custom club fitting North Carolina,False,Knights Play Golf Center,"{""Accessibility"": {""Wheelchair accessible entrance"": true, ""Wheelchair accessible parking lot"": true}}",
Beech Mountain GOLF Shop,Retailer,Golf Retail,False,(828) 387-2372,https://beechmtn.club/the-course/,112 Club House Rd,Beech Mountain,North Carolina,NC,28604,36.2156562,-81.88732139999999,America/New_York,4.7,Top Rated,0,90,True,False,"https://www.google.com/maps/place/Beech+Mountain+Golf+Shop/@36.2156562,-81.88732139999999,14z/data=!4m8!1m2!2m1!1sBeech+Mountain+Golf+Shop!3m4!1s0x88508cdd64c0dfbf:0xfccd605f6c2e5818!8m2!3d36.2156562!4d-81.88732139999999",Retail / Pro Shop,1,False,Indoor,True,"{""Wednesday"": [""7AM-5PM""]}",False,OPERATIONAL,True,crawled,boutique golf shop North Carolina,False,Beech Mountain Golf Shop,"{""Accessibility"": {""Wheelchair accessible entrance"": true, ""Wheelchair accessible parking lot"": true}}",
Club Shop Peanuts & GOLF,Retailer,Club Repair,False,(828) 963-5268,https://www.peanutsandgolf.com/,8931 NC-105 South,Boone,North Carolina,NC,28607,36.1578433,-81.7704321,America/New_York,4.3,Highly Rated,0,57,True,True,"https://www.google.com/maps/place/Club+Shop+Peanuts+%26+Golf/@36.157843299999996,-81.7704321,14z/data=!4m8!1m2!2m1!1sClub+Shop+Peanuts+%26+Golf!3m4!1s0x8850f1fc8861181b:0x47b9212bbba9e43e!8m2!3d36.157843299999996!4d-81.7704321",Club Repair | Shaft & Grip Sales | Retail / Pro Shop | Trade-In / Used Clubs,4,False,Indoor,True,"{""Wednesday"": [""9AM-4PM""]}",False,OPERATIONAL,True,crawled,boutique golf shop North Carolina,False,Club Shop Peanuts & Golf,"{""Accessibility"": {""Wheelchair accessible parking lot"": true}}",
Hunt GOLF,Clubfitter,Club Fitting,False,(336) 524-6686,https://sites.google.com/view/huntgolfshop,2452 Tribek Ct,Burlington,North Carolina,NC,27215,36.0795256,-79.4795214,America/New_York,4.7,Top Rated,0,6,True,True,"https://www.google.com/maps/place/Hunt+Golf/@36.0795256,-79.4795214,14z/data=!4m8!1m2!2m1!1sHunt+Golf!3m4!1s0x89acd4181285a56d:0x6695ec342a84df5!8m2!3d36.0795256!4d-79.4795214",Club Fitting | Club Repair | Retail / Pro Shop,3,True,Indoor,True,"{""Wednesday"": [""10AM-6PM""]}",False,OPERATIONAL,True,crawled,independent clubmaker North Carolina,False,Hunt Golf,"{""Accessibility"": {""Wheelchair accessible entrance"": true, ""Wheelchair accessible parking lot"": true}, ""Other"": {""LGBTQ+ friendly"": true}}",
Carl Beaman GOLF Shop,Clubfitter,Club Fitting,False,(252) 393-8111,https://starhillgolfclub.com/about/,202 Club House Dr,Cape Carteret,North Carolina,NC,28584,34.7020902,-77.0633462,America/New_York,0.0,Unrated,0,2,True,True,"https://www.google.com/maps/place/Carl+Beaman+Golf+Shop/@34.7020902,-77.0633462,14z/data=!4m8!1m2!2m1!1sCarl+Beaman+Golf+Shop!3m4!1s0x89a8e5533d745ff5:0x638e1d6a0bfcd826!8m2!3d34.7020902!4d-77.0633462",Club Fitting | Retail / Pro Shop,2,True,Indoor,True,"{""Wednesday"": [""8AM-6PM""]}",False,OPERATIONAL,True,crawled,independent clubmaker North Carolina,False,Carl Beaman Golf Shop,"{""Accessibility"": {""Wheelchair accessible parking lot"": true}}",
Club Guy GOLF,Clubfitter,Club Fitting,False,(919) 387-4888,https://www.clubguygolf.com/,11301 Penny Rd E,Cary,North Carolina,NC,27518,35.7139789,-78.80872629999999,America/New_York,4.9,Top Rated,0,33,True,True,"https://www.google.com/maps/place/Club+Guy+Golf/@35.7139789,-78.80872629999999,14z/data=!4m8!1m2!2m1!1sClub+Guy+Golf!3m4!1s0x89ac8d16c1a80835:0x210446bf7168d3b9!8m2!3d35.7139789!4d-78.80872629999999",Club Fitting | Club Repair | Golf Lessons | Launch Monitor | Retail / Pro Shop | Shaft & Grip Sales,6,True,Indoor,True,"{""Wednesday"": [""Closed""]}",False,OPERATIONAL,True,crawled,independent clubmaker North Carolina,False,Club Guy Golf,"{""Accessibility"": {""Wheelchair accessible entrance"": true, ""Wheelchair accessible parking lot"": true}}",
Carolina GOLF Manufacturing,Clubfitter,Club Fitting,False,(704) 563-0897,https://carolinagolfmanufacturing.com/,2917 Central Ave B,Charlotte,North Carolina,NC,28205,35.2184439,-80.79480099999999,America/New_York,4.9,Top Rated,0,8,True,False,"https://www.google.com/maps/place/Carolina+Golf+Manufacturing/@35.2184439,-80.79480099999999,14z/data=!4m8!1m2!2m1!1sCarolina+Golf+Manufacturing!3m4!1s0x88541ff68cddea2f:0xbea9cc8232446aea!8m2!3d35.2184439!4d-80.79480099999999",Club Fitting | Club Repair | Retail / Pro Shop | Shaft & Grip Sales,4,True,Indoor,True,"{""Wednesday"": [""9AM-5PM""]}",False,OPERATIONAL,True,crawled,independent clubmaker North Carolina,False,Carolina Golf Manufacturing,"{""Accessibility"": {""Wheelchair accessible entrance"": true, ""Wheelchair accessible parking lot"": false}}",
Leatherman GOLF Learning Center,Driving Range,Driving Range,False,(704) 527-1123,https://www.leathermangolf.com/,5845 S Tryon St,Charlotte,North Carolina,NC,28217,35.1681271,-80.9054017,America/New_York,4.6,Highly Rated,0,61,True,True,"https://www.google.com/maps/place/Leatherman+Golf+Learning+Center/@35.1681271,-80.9054017,14z/data=!4m8!1m2!2m1!1sLeatherman+Golf+Learning+Center!3m4!1s0x88569931e96abc33:0x6b1ef4e0aff43e82!8m2!3d35.1681271!4d-80.9054017",,0,False,Outdoor,True,"{""Wednesday"": [""10AM-8:30PM""]}",False,OPERATIONAL,True,crawled,custom club fitting North Carolina,False,Leatherman Golf Learning Center,"{""Accessibility"": {""Wheelchair accessible entrance"": true, ""Wheelchair accessible parking lot"": true}}",unknown
PXG Charlotte,Clubfitter,Club Fitting,False,(980) 308-9998,https://www.pxg.com/pages/golf-stores/pxg-charlotte,7101 MacFarlane Blvd Suite 103,Charlotte,North Carolina,NC,28262,35.2862207,-80.76941649999999,America/New_York,4.8,Top Rated,0,55,True,True,"https://www.google.com/maps/place/PXG+Charlotte/@35.2862207,-80.76941649999999,14z/data=!4m8!1m2!2m1!1sPXG+Charlotte!3m4!1s0x88541f347eedbbb1:0xf369be7df4e1966d!8m2!3d35.2862207!4d-80.76941649999999",Club Fitting | Launch Monitor | Golf Simulator | Retail / Pro Shop | Shaft & Grip Sales,5,True,Indoor,True,"{""Wednesday"": [""9AM-5PM""]}",False,OPERATIONAL,True,crawled,independent clubmaker North Carolina,False,PXG Charlotte,"{""Accessibility"": {""Wheelchair accessible entrance"": true, ""Wheelchair accessible parking lot"": true}, ""Other"": {""Identifies as veteran-owned"": true}}",
Elevate GOLF Performance Center,Clubfitter,Club Fitting,False,(704) 512-9284,https://www.elevategolfperformancecenter.com/,10421 Bailey Rd A,Cornelius,North Carolina,NC,28031,35.4570767,-80.8588147,America/New_York,4.8,Top Rated,0,6,True,True,"https://www.google.com/maps/place/Elevate+Golf+Performance+Center/@35.4570767,-80.8588147,14z/data=!4m8!1m2!2m1!1sElevate+Golf+Performance+Center!3m4!1s0x8856a98297bbefb7:0x142fe8cca24e7184!8m2!3d35.4570767!4d-80.8588147",Club Fitting | Custom Club Building | Launch Monitor | Retail / Pro Shop,4,True,Indoor,True,"{""Wednesday"": [""8AM-6PM""]}",False,OPERATIONAL,True,crawled,independent clubmaker North Carolina,False,Elevate Golf Performance Center,"{""Accessibility"": {""Wheelchair accessible entrance"": true, ""Wheelchair accessible parking lot"": true, ""Wheelchair accessible restroom"": true}}",
Brad Clayton's Puzzleduck GOLF,Instruction,Golf Instruction,False,(919) 691-2330,https://puzzleduckgolf.com/,253 Country Club Dr,Durham,North Carolina,NC,27712,36.0693012,-78.9685804,America/New_York,5.0,Top Rated,0,57,True,True,"https://www.google.com/maps/place/Brad+Clayton%27s+PuzzleDuck+Golf/@36.0693012,-78.9685804,14z/data=!4m8!1m2!2m1!1sBrad+Clayton%27s+PuzzleDuck+Golf!3m4!1s0x89ace1b2299f6fe7:0x15e5289b479d04ad!8m2!3d36.0693012!4d-78.9685804",Golf Lessons,1,False,Unknown,True,"{""Wednesday"": [""6AM-9PM""]}",False,OPERATIONAL,True,crawled,custom club fitting North Carolina,False,Brad Clayton's PuzzleDuck Golf,"{""Accessibility"": {""Wheelchair accessible entrance"": true, ""Wheelchair accessible parking lot"": true, ""Wheelchair accessible restroom"": true, ""Assistive hearing loop"": false}}",
Dick's House Of Sport,Clubfitter,Club Fitting,False,(919) 213-4774,https://stores.dickssportinggoods.com/nc/durham/1607/?seo=localpack,6930 Fayetteville Rd,Durham,North Carolina,NC,27713,35.9057237,-78.94138939999999,America/New_York,4.0,Well Reviewed,0,90,True,True,"https://www.google.com/maps/place/DICK%27S+House+of+Sport/@35.905723699999996,-78.94138939999999,14z/data=!4m8!1m2!2m1!1sDICK%27S+House+of+Sport!3m4!1s0x89ace90014e00745:0x1175a71fa858491!8m2!3d35.905723699999996!4d-78.94138939999999",Club Fitting | Club Repair | Golf Lessons | Golf Simulator | Launch Monitor | Shaft & Grip Sales | Retail / Pro Shop,7,True,Indoor,True,"{""Wednesday"": [""9AM-9PM""]}",False,OPERATIONAL,True,crawled,boutique golf shop North Carolina,False,DICK'S House of Sport,"{""Accessibility"": {""Wheelchair accessible entrance"": true, ""Wheelchair accessible parking lot"": true}}",
"Going, Going, Gone!",Retailer,Golf Retail,False,(919) 493-9884,https://stores.dickssportinggoods.com/nc/durham/4454/?seo=localpack,5422 New Hope Commons Dr,Durham,North Carolina,NC,27707,35.9567488,-78.9956898,America/New_York,3.9,Well Reviewed,0,152,True,True,"https://www.google.com/maps/place/Going%2C+Going%2C+Gone%21/@35.9567488,-78.9956898,14z/data=!4m8!1m2!2m1!1sGoing%2C+Going%2C+Gone%21!3m4!1s0x89ace7be4ae35a7d:0x51fd3b7196c38168!8m2!3d35.9567488!4d-78.9956898",Retail / Pro Shop,1,False,Indoor,True,"{""Wednesday"": [""10AM-9PM""]}",False,OPERATIONAL,True,crawled,boutique golf shop North Carolina,False,"Going, Going, Gone!","{""Accessibility"": {""Wheelchair accessible entrance"": true, ""Wheelchair accessible parking lot"": true}}",enriched
Operation 36 Hq GOLF Academy - King's Grant,Instruction,Golf Instruction,False,(318) 381-3605,https://igrowgolf.com/,347 Shawcroft Rd,Fayetteville,North Carolina,NC,28311,35.1449874,-78.88165339999999,America/New_York,5.0,Top Rated,0,3,True,False,"https://www.google.com/maps/place/Operation+36+HQ+Golf+Academy+-+King%27s+Grant/@35.1449874,-78.88165339999999,14z/data=!4m8!1m2!2m1!1sOperation+36+HQ+Golf+Academy+-+King%27s+Grant!3m4!1s0x89ab6fb7f6c7abb3:0x62166359d73f7b6c!8m2!3d35.1449874!4d-78.88165339999999",Golf Lessons | Launch Monitor,2,False,Unknown,True,"{""Wednesday"": [""9AM-7PM""]}",False,OPERATIONAL,True,crawled,independent clubmaker North Carolina,False,Operation 36 HQ Golf Academy - King's Grant,"{""Accessibility"": {""Wheelchair accessible entrance"": true, ""Wheelchair accessible parking lot"": true}}",
Flat Rock GOLF,Clubfitter,Club Fitting,False,(864) 607-4252,https://www.flatrockgolf.com/,660 Ballenger Rd,Flat Rock,North Carolina,NC,28731,35.3047365,-82.4020323,America/New_York,0.0,Unrated,0,5,True,True,"https://www.google.com/maps/place/Flat+Rock+Golf+%28Formerly+Pro-Fit+Golf%29/@35.3047365,-82.4020323,14z/data=!4m8!1m2!2m1!1sFlat+Rock+Golf+%28Formerly+Pro-Fit+Golf%29!3m4!1s0x8859c2c783eb9993:0x80af19f08620680d!8m2!3d35.3047365!4d-82.4020323",Club Fitting | Club Repair | Custom Club Building | Launch Monitor | Retail / Pro Shop | Shaft & Grip Sales,6,True,Indoor,True,"{""Wednesday"": [""10AM-4PM""]}",False,OPERATIONAL,True,crawled,independent clubmaker North Carolina,False,Flat Rock Golf,"{""Accessibility"": {""Wheelchair accessible entrance"": true, ""Wheelchair accessible parking lot"": true}}",
Mike Sullivan GOLF School,Instruction,Golf Instruction,False,(919) 389-8786,https://www.sullivangolf.net/,2311 Timber Dr,Garner,North Carolina,NC,27529,35.701698,-78.64119339999999,America/New_York,5.0,Top Rated,0,57,True,True,"https://www.google.com/maps/place/Mike+Sullivan+Golf+School/@35.701698,-78.64119339999999,14z/data=!4m8!1m2!2m1!1sMike+Sullivan+Golf+School!3m4!1s0x89ac8a99f0b1ac2f:0xb17fe16cb37027d1!8m2!3d35.701698!4d-78.64119339999999",Golf Lessons,1,False,Unknown,True,"{""Wednesday"": [""8AM-10PM""]}",False,OPERATIONAL,True,crawled,custom club fitting North Carolina,False,Mike Sullivan Golf School,"{""Accessibility"": {""Wheelchair accessible entrance"": true, ""Wheelchair accessible parking lot"": true, ""Wheelchair accessible restroom"": true}}",
First Tee GOLF Shop,Golf Course / Pro Shop,Club Fitting,False,(919) 778-7963,https://www.firstteegolfshop.com/,508 N Spence Ave C,Goldsboro,North Carolina,NC,27534,35.3777571,-77.9468933,America/New_York,4.9,Top Rated,0,29,True,True,"https://www.google.com/maps/place/First+Tee+Golf+Shop/@35.3777571,-77.9468933,14z/data=!4m8!1m2!2m1!1sFirst+Tee+Golf+Shop!3m4!1s0x89ac01ea48d8050d:0x4ade0057b6e69e24!8m2!3d35.3777571!4d-77.9468933",Club Fitting | Launch Monitor | Retail / Pro Shop,3,True,Outdoor,True,"{""Wednesday"": [""9AM-6PM""]}",False,OPERATIONAL,True,crawled,independent clubmaker North Carolina,False,First Tee Golf Shop,"{""Accessibility"": {""Wheelchair accessible entrance"": true, ""Wheelchair accessible parking lot"": true}}",
GOLF Gem,Clubfitter,Club Fitting,False,(336) 303-0005,https://www.golfgemz.com/,4600 Forest Oaks Dr,Greensboro,North Carolina,NC,27406,35.992269,-79.7073096,America/New_York,5.0,Top Rated,0,44,True,True,"https://www.google.com/maps/place/Golf+Gem/@35.992269,-79.7073096,14z/data=!4m8!1m2!2m1!1sGolf+Gem!3m4!1s0x88533d6f0d7f6c15:0xb72acd57297df669!8m2!3d35.992269!4d-79.7073096",Club Fitting | Golf Lessons | Retail / Pro Shop,3,True,Indoor,True,"{""Wednesday"": [""8AM-7PM""]}",False,OPERATIONAL,True,crawled,custom club fitting North Carolina,False,Golf Gem,"{""Accessibility"": {""Wheelchair accessible entrance"": true, ""Wheelchair accessible parking lot"": true}}",
Kelly's GOLF,Clubfitter,Club Fitting,False,(336) 540-1452,https://www.kellysgolf.com/,2616 Lawndale Dr,Greensboro,North Carolina,NC,27408,36.1043663,-79.8186721,America/New_York,4.8,Top Rated,0,9,True,True,"https://www.google.com/maps/place/KELLY%27S+GOLF/@36.104366299999995,-79.8186721,14z/data=!4m8!1m2!2m1!1sKELLY%27S+GOLF!3m4!1s0x88531ea4b27a0b85:0x94248895c8055308!8m2!3d36.104366299999995!4d-79.8186721",Club Fitting | Club Repair | Custom Club Building | Retail / Pro Shop | Shaft & Grip Sales,5,True,Indoor,True,"{""Wednesday"": [""10AM-3PM""]}",False,OPERATIONAL,True,crawled,independent clubmaker North Carolina,False,KELLY'S GOLF,"{""Accessibility"": {""Wheelchair accessible entrance"": true, ""Wheelchair accessible parking lot"": true}}",
Nc GOLF Panel,Retailer,Golf Retail,False,(336) 509-8886,https://www.ncgolfpanel.com/,10 Hastings Cir,Greensboro,North Carolina,NC,27406,35.9903375,-79.71118539999999,America/New_York,5.0,Top Rated,0,1,True,False,"https://www.google.com/maps/place/NC+Golf+Panel/@35.990337499999995,-79.71118539999999,14z/data=!4m8!1m2!2m1!1sNC+Golf+Panel!3m4!1s0x88533d339009aaab:0x7e010b506f24a779!8m2!3d35.990337499999995!4d-79.71118539999999",Shaft & Grip Sales | Retail / Pro Shop,2,False,Indoor,True,,False,OPERATIONAL,True,recrawled,independent clubmaker North Carolina,False,NC Golf Panel,"{""Accessibility"": {""Wheelchair accessible entrance"": true, ""Wheelchair accessible parking lot"": true}}",
Carolina Coastal GOLF Instruction,Instruction,Golf Instruction,False,(910) 270-1978,https://www.carolinacoastalgolfinstruction.com/location,107 Links Ct,Hampstead,North Carolina,NC,28443,34.4044573,-77.7055468,America/New_York,0.0,Unrated,0,1,True,False,"https://www.google.com/maps/place/Carolina+Coastal+Golf+Instruction/@34.4044573,-77.7055468,14z/data=!4m8!1m2!2m1!1sCarolina+Coastal+Golf+Instruction!3m4!1s0x89a99064a3f00001:0x35d862f63656072b!8m2!3d34.4044573!4d-77.7055468",Golf Lessons,1,False,Unknown,True,,False,OPERATIONAL,True,recrawled,custom club fitting North Carolina,False,Carolina Coastal Golf Instruction,"{""Accessibility"": {""Wheelchair accessible entrance"": true, ""Wheelchair accessible parking lot"": true}}",
Tour Truck GOLF,Clubfitter,Club Fitting,False,(828) 855-2993,https://tourtruck.golf/,2716 N Center St,Hickory,North Carolina,NC,28601,35.7671767,-81.3312614,America/New_York,5.0,Top Rated,0,16,True,True,"https://www.google.com/maps/place/Tour+Truck+Golf/@35.7671767,-81.3312614,14z/data=!4m8!1m2!2m1!1sTour+Truck+Golf!3m4!1s0x88513194ea084b5b:0x378377fa3d60af20!8m2!3d35.7671767!4d-81.3312614",Club Fitting | Club Repair | Golf Lessons | Launch Monitor | Golf Simulator | Retail / Pro Shop | Shaft & Grip Sales,7,True,Indoor,True,"{""Wednesday"": [""9AM-6PM""]}",False,OPERATIONAL,True,crawled,independent clubmaker North Carolina,False,Tour Truck Golf,"{""Accessibility"": {""Wheelchair accessible entrance"": true, ""Wheelchair accessible parking lot"": true}}",
Elena's - Womens GOLF And Activewear,Retailer,Golf Retail,False,(828) 533-9954,https://elenagolf.com/,381 Main St,Highlands,North Carolina,NC,28741,35.0545434,-83.19622609999999,America/New_York,0.0,Unrated,0,1,True,False,"https://www.google.com/maps/place/Elena%27s+-+Womens+Golf+and+Activewear/@35.0545434,-83.19622609999999,14z/data=!4m8!1m2!2m1!1sElena%27s+-+Womens+Golf+and+Activewear!3m4!1s0x88591e459d9aaaab:0xb0c22462d45e6bf4!8m2!3d35.0545434!4d-83.19622609999999",Retail / Pro Shop,1,False,Indoor,True,"{""Wednesday"": [""10AM-5PM""]}",False,OPERATIONAL,True,crawled,boutique golf shop North Carolina,False,Elena's - Womens Golf and Activewear,"{""Accessibility"": {""Wheelchair accessible entrance"": true, ""Wheelchair accessible parking lot"": true}}",
Andrew Kiger GOLF,Instruction,Golf Instruction,False,(919) 449-4274,https://www.andrewkiger.com/,2004 Green Oaks Pkwy,Holly Springs,North Carolina,NC,27540,35.6722833,-78.8772281,America/New_York,5.0,Top Rated,0,11,True,True,"https://www.google.com/maps/place/Andrew+Kiger+Golf/@35.6722833,-78.8772281,14z/data=!4m8!1m2!2m1!1sAndrew+Kiger+Golf!3m4!1s0x89ac93f369c72711:0x883cb7d5e4ed093e!8m2!3d35.6722833!4d-78.8772281",,0,False,Unknown,True,"{""Wednesday"": [""8AM-7PM""]}",False,OPERATIONAL,True,crawled,custom club fitting North Carolina,False,Andrew Kiger Golf,"{""Accessibility"": {""Wheelchair accessible entrance"": true, ""Wheelchair accessible parking lot"": true, ""Wheelchair accessible restroom"": true}}",failed
Red Rooster GOLF USA,Retailer,Golf Retail,False,(984) 305-3939,https://redroostergolf.com/,1309 New Hill Rd Unit 105,Holly Springs,North Carolina,NC,27540,35.6608278,-78.8544623,America/New_York,4.9,Top Rated,0,480,True,True,"https://www.google.com/maps/place/Red+Rooster+Golf+USA/@35.6608278,-78.8544623,14z/data=!4m8!1m2!2m1!1sRed+Rooster+Golf+USA!3m4!1s0x6129007a52f03947:0x1ce76cf4bc5b5b33!8m2!3d35.6608278!4d-78.8544623",Retail / Pro Shop,1,False,Indoor,True,,False,OPERATIONAL,True,crawled,boutique golf shop North Carolina,False,Red Rooster Golf USA,"{""Accessibility"": {""Wheelchair accessible entrance"": true, ""Wheelchair accessible parking lot"": true}}",
Tee Time GOLF Shop,Retailer,Golf Retail,False,(336) 835-1107,https://www.teetimegs.com/,557 Winston Rd,Jonesville,North Carolina,NC,28642,36.2405222,-80.83271239999999,America/New_York,4.8,Top Rated,0,13,True,True,"https://www.google.com/maps/place/Tee+Time+Golf+Shop/@36.2405222,-80.83271239999999,14z/data=!4m8!1m2!2m1!1sTee+Time+Golf+Shop!3m4!1s0x88517feb52de1a01:0x3761fc7ac062f793!8m2!3d36.2405222!4d-80.83271239999999",Retail / Pro Shop,1,False,Indoor,True,"{""Wednesday"": [""9AM-6PM""]}",False,OPERATIONAL,True,crawled,custom club fitting North Carolina,False,Tee Time Golf Shop,"{""Accessibility"": {""Wheelchair accessible entrance"": true, ""Wheelchair accessible parking lot"": true}}",
Remarcable GOLF,Clubfitter,Club Fitting,False,(336) 690-8944,https://remarcablegolf.wordpress.com/,218 Berry Garden Rd,Kernersville,North Carolina,NC,27284,36.1168392,-80.0534242,America/New_York,5.0,Top Rated,0,35,True,True,"https://www.google.com/maps/place/Remarcable+Golf/@36.1168392,-80.0534242,14z/data=!4m8!1m2!2m1!1sRemarcable+Golf!3m4!1s0x88530112ce71ba7b:0xe08ea67cefb1ab91!8m2!3d36.1168392!4d-80.0534242",Club Fitting | Golf Lessons | Launch Monitor | Golf Simulator,4,True,Indoor,True,"{""Wednesday"": [""12-8PM""]}",False,OPERATIONAL,True,crawled,custom club fitting North Carolina,False,Remarcable Golf,"{""Accessibility"": {""Wheelchair accessible entrance"": true, ""Wheelchair accessible parking lot"": true, ""Wheelchair accessible restroom"": true}}",
Chisdaddy GOLF,Retailer,Golf Instruction,False,(336) 870-2647,https://www.chisdaddygolf1.com/,107 Mayfair Rd,Lexington,North Carolina,NC,27292,35.7757186,-80.257103,America/New_York,5.0,Top Rated,0,8,True,True,"https://www.google.com/maps/place/Chisdaddy+Golf/@35.7757186,-80.257103,14z/data=!4m8!1m2!2m1!1sChisdaddy+Golf!3m4!1s0x88539b56e2fab16f:0xac8fe4371fceb411!8m2!3d35.7757186!4d-80.257103",Club Repair | Custom Club Building | Golf Lessons | Retail / Pro Shop,4,False,Indoor,True,,False,OPERATIONAL,True,crawled,independent clubmaker North Carolina,False,Chisdaddy Golf,{},
Operation 36 Hq GOLF Academy - Keith Hills,Instruction,Golf Instruction,False,(218) 849-5529,https://igrowgolf.com/,216 Country Club Dr,Lillington,North Carolina,NC,27546,35.3983902,-78.7515616,America/New_York,0.0,Unrated,0,1,True,False,"https://www.google.com/maps/place/Operation+36+HQ+Golf+Academy+-+Keith+Hills/@35.3983902,-78.7515616,14z/data=!4m8!1m2!2m1!1sOperation+36+HQ+Golf+Academy+-+Keith+Hills!3m4!1s0x89ac830821865281:0x652e17feeb2169e5!8m2!3d35.3983902!4d-78.7515616",Golf Lessons | Launch Monitor,2,False,Unknown,True,"{""Wednesday"": [""9AM-7PM""]}",False,OPERATIONAL,True,cached,custom club fitting North Carolina,False,Operation 36 HQ Golf Academy - Keith Hills,"{""Accessibility"": {""Wheelchair accessible entrance"": true, ""Wheelchair accessible parking lot"": true}}",
David Bass GOLF,Clubfitter,Club Fitting,False,(919) 418-2767,https://www.davidbassgolf.com/,1622 Saddle Clb Rd,Mebane,North Carolina,NC,27302,36.1118432,-79.25087119999999,America/New_York,5.0,Top Rated,0,11,True,True,"https://www.google.com/maps/place/David+Bass+Golf/@36.111843199999996,-79.25087119999999,14z/data=!4m8!1m2!2m1!1sDavid+Bass+Golf!3m4!1s0x89adab386c60673f:0xd42c14a6ea8838ce!8m2!3d36.111843199999996!4d-79.25087119999999",Club Fitting | Club Repair | Custom Club Building | Golf Lessons | Retail / Pro Shop | Shaft & Grip Sales,6,True,Indoor,True,"{""Wednesday"": [""9AM-6PM""]}",False,OPERATIONAL,True,crawled,independent clubmaker North Carolina,False,David Bass Golf,"{""Accessibility"": {""Wheelchair accessible entrance"": true, ""Wheelchair accessible parking lot"": true, ""Wheelchair accessible restroom"": true}}",
Birdie & Blades,Clubfitter,Club Fitting,False,(704) 283-0022,https://www.birdieandblades.com/,1736 Dickerson Blvd E,Monroe,North Carolina,NC,28110,35.0036512,-80.56443999999999,America/New_York,4.9,Top Rated,0,3,True,True,"https://www.google.com/maps/place/Birdie+%26+Blades/@35.0036512,-80.56443999999999,14z/data=!4m8!1m2!2m1!1sBirdie+%26+Blades!3m4!1s0x885430bff0f656fd:0x492f5d73c7d5fafd!8m2!3d35.0036512!4d-80.56443999999999",Club Fitting | Retail / Pro Shop,2,True,Indoor,True,"{""Wednesday"": [""9AM-5PM""]}",False,OPERATIONAL,True,crawled,independent clubmaker North Carolina,False,Birdie & Blades,"{""Accessibility"": {""Wheelchair accessible entrance"": true, ""Wheelchair accessible parking lot"": true, ""Wheelchair accessible restroom"": true}, ""Other"": {""LGBTQ+ friendly"": true}}",
All Star GOLF,Golf Course / Pro Shop,Club Fitting,False,(704) 875-8822,https://www.mooresvillegolfrange.com/all-star-golf-shop,174 W Plaza Dr,Mooresville,North Carolina,NC,28117,35.5908555,-80.8428121,America/New_York,4.5,Highly Rated,0,43,True,True,"https://www.google.com/maps/place/All+Star+Golf/@35.590855499999996,-80.8428121,14z/data=!4m8!1m2!2m1!1sAll+Star+Golf!3m4!1s0x8856a867cd7d27bf:0xe718a5844940621c!8m2!3d35.590855499999996!4d-80.8428121",Club Fitting | Club Repair | Custom Club Building | Launch Monitor | Shaft & Grip Sales | Retail / Pro Shop,6,True,Outdoor,True,"{""Wednesday"": [""10AM-6PM""]}",False,OPERATIONAL,True,crawled,boutique golf shop North Carolina,False,All Star Golf,"{""Accessibility"": {""Wheelchair accessible entrance"": true, ""Wheelchair accessible parking lot"": true}}",
GOLF Shop,Clubfitter,Club Fitting,False,(704) 799-0797,https://www.golfshopnc.com/,584 Brawley School Rd,Mooresville,North Carolina,NC,28117,35.5848094,-80.87279889999999,America/New_York,5.0,Top Rated,0,3,True,False,"https://www.google.com/maps/place/Golf+Shop/@35.5848094,-80.87279889999999,14z/data=!4m8!1m2!2m1!1sGolf+Shop!3m4!1s0x8853ffd4cb831a11:0x644eaa166c2d821a!8m2!3d35.5848094!4d-80.87279889999999",Club Fitting | Club Repair | Custom Club Building | Retail / Pro Shop,4,True,Indoor,True,"{""Wednesday"": [""9AM-5PM""]}",False,OPERATIONAL,True,crawled,independent clubmaker North Carolina,False,Golf Shop,"{""Accessibility"": {""Wheelchair accessible entrance"": true, ""Wheelchair accessible parking lot"": true}}",
GOLF Pride,Retailer,Club Repair,False,(833) 890-4039,https://www.golfpride.com/,15 Centennial Blvd,Pinehurst,North Carolina,NC,28374,35.2182638,-79.4772297,America/New_York,5.0,Top Rated,0,70,True,True,"https://www.google.com/maps/place/Golf+Pride/@35.218263799999995,-79.4772297,14z/data=!4m8!1m2!2m1!1sGolf+Pride!3m4!1s0x8854b15f4d1433a7:0xe98b467a8d07cc65!8m2!3d35.218263799999995!4d-79.4772297",Club Repair | Retail / Pro Shop | Shaft & Grip Sales,3,False,Indoor,True,"{""Wednesday"": [""8:30AM-4PM""]}",False,OPERATIONAL,True,crawled,independent clubmaker North Carolina,False,Golf Pride,"{""Accessibility"": {""Wheelchair accessible entrance"": true, ""Wheelchair accessible parking lot"": true}}",
Old GOLF Shop,Retailer,Golf Retail,False,(910) 528-2323,https://oldgolfshop.com/,100 Magnolia Rd,Pinehurst,North Carolina,NC,28374,35.1954031,-79.46982109999999,America/New_York,4.9,Top Rated,0,8,True,True,"https://www.google.com/maps/place/Old+Golf+Shop/@35.1954031,-79.46982109999999,14z/data=!4m8!1m2!2m1!1sOld+Golf+Shop!3m4!1s0x8854b3ffdb71cc89:0x70814154250a8253!8m2!3d35.1954031!4d-79.46982109999999",Retail / Pro Shop,1,False,Indoor,True,"{""Wednesday"": [""9AM-5PM""]}",False,OPERATIONAL,True,crawled,independent clubmaker North Carolina,False,Old Golf Shop,"{""Accessibility"": {""Wheelchair accessible parking lot"": true}}",
Pinehurst GOLF Academy,Clubfitter,Club Fitting,False,(855) 240-6570,https://www.pinehurst.com/pinehurst-golf-academy/,1 Carolina Vista Dr,Pinehurst,North Carolina,NC,28374,35.1887288,-79.46657689999999,America/New_York,4.3,Highly Rated,0,15,True,True,"https://www.google.com/maps/place/Pinehurst+Golf+Academy/@35.1887288,-79.46657689999999,14z/data=!4m8!1m2!2m1!1sPinehurst+Golf+Academy!3m4!1s0x8854b5f7e6dc63d7:0x922060c96c24c36a!8m2!3d35.1887288!4d-79.46657689999999",Club Fitting | Golf Lessons | Launch Monitor | Retail / Pro Shop,4,True,Indoor,True,,False,OPERATIONAL,True,crawled,custom club fitting North Carolina,False,Pinehurst Golf Academy,"{""Accessibility"": {""Wheelchair accessible entrance"": true, ""Wheelchair accessible parking lot"": true, ""Wheelchair accessible restroom"": true}}",
Pinehurst GOLF Course Proshop,Golf Course / Pro Shop,Club Fitting,False,(855) 235-8507,https://pinehurst.com/,80 Carolina Vista Dr,Pinehurst,North Carolina,NC,28374,35.195671,-79.473734,America/New_York,4.9,Top Rated,0,100,True,False,"https://www.google.com/maps/place/Pinehurst+Golf+Course+proshop/@35.195671,-79.473734,14z/data=!4m8!1m2!2m1!1sPinehurst+Golf+Course+proshop!3m4!1s0x8854b154e67e7547:0x2b43fd3fa897b2cc!8m2!3d35.195671!4d-79.473734",Club Fitting | Retail / Pro Shop,2,True,Outdoor,True,,False,OPERATIONAL,True,crawled,custom club fitting North Carolina,False,Pinehurst Golf Course proshop,"{""Accessibility"": {""Wheelchair accessible entrance"": true, ""Wheelchair accessible parking lot"": true}}",
Titleist Shop At Padgett Center,Clubfitter,Club Fitting,False,(910) 235-8284,https://www.pinehurst.com/titleist-shop/,1 Carolina Vista Dr,Pinehurst,North Carolina,NC,28374,35.1895764,-79.46785349999999,America/New_York,0.0,Unrated,0,7,True,True,"https://www.google.com/maps/place/Titleist+Shop+at+Padgett+Center/@35.1895764,-79.46785349999999,14z/data=!4m8!1m2!2m1!1sTitleist+Shop+at+Padgett+Center!3m4!1s0x8854b5a4387e7833:0x342b3fe44992f525!8m2!3d35.1895764!4d-79.46785349999999",Club Fitting | Custom Club Building | Launch Monitor | Retail / Pro Shop | Shaft & Grip Sales,5,True,Indoor,True,"{""Wednesday"": [""6:30AM-8PM""]}",False,OPERATIONAL,True,crawled,custom club fitting North Carolina,False,Titleist Shop at Padgett Center,"{""Accessibility"": {""Wheelchair accessible entrance"": true, ""Wheelchair accessible parking lot"": true}}",
Greater GOLF Express,Retailer,Golf Retail,False,(704) 544-5018,https://www.greatergolfexpress.com/,10400 Centrum Pkwy,Pineville,North Carolina,NC,28134,35.09263,-80.8775773,America/New_York,4.3,Highly Rated,0,14,True,True,"https://www.google.com/maps/place/Greater+Golf+Express/@35.09263,-80.8775773,14z/data=!4m8!1m2!2m1!1sGreater+Golf+Express!3m4!1s0x88569c6068aa4e43:0xabce04cbf8806fde!8m2!3d35.09263!4d-80.8775773",Retail / Pro Shop | Shaft & Grip Sales,2,False,Indoor,True,"{""Wednesday"": [""10AM-6PM""]}",False,OPERATIONAL,True,crawled,custom club fitting North Carolina,False,Greater Golf Express,"{""Accessibility"": {""Wheelchair accessible entrance"": true, ""Wheelchair accessible parking lot"": true}}",
The Pointe GOLF Club,Retailer,Golf Instruction,False,(252) 491-8388,https://www.thepointegolfclub.com/,308 Pointe Golf Club Dr,Powells Point,North Carolina,NC,27966,36.11672799999999,-75.81848,America/New_York,4.7,Top Rated,0,227,True,True,"https://www.google.com/maps/place/The+Pointe+Golf+Club/@36.116727999999995,-75.81848,14z/data=!4m8!1m2!2m1!1sThe+Pointe+Golf+Club!3m4!1s0x89a5220ff357a31b:0xc3715a831dbf1141!8m2!3d36.116727999999995!4d-75.81848",Golf Lessons | Shaft & Grip Sales | Retail / Pro Shop,3,False,Indoor,True,"{""Wednesday"": [""8AM-5PM""]}",False,OPERATIONAL,True,crawled,boutique golf shop North Carolina,False,The Pointe Golf Club,"{""Accessibility"": {""Wheelchair accessible entrance"": true, ""Wheelchair accessible parking lot"": true, ""Wheelchair accessible restroom"": true}}",
Continental GOLF,Clubfitter,Club Fitting,False,(919) 833-8887,https://www.continentalgolf.net/,1401 Capital Blvd,Raleigh,North Carolina,NC,27603,35.800729,-78.634365,America/New_York,4.9,Top Rated,0,6,True,True,"https://www.google.com/maps/place/Continental+Golf/@35.800729,-78.634365,14z/data=!4m8!1m2!2m1!1sContinental+Golf!3m4!1s0x89ac5f36e4af7c61:0x2142c8627d948a01!8m2!3d35.800729!4d-78.634365",Club Fitting | Custom Club Building | Retail / Pro Shop | Shaft & Grip Sales,4,True,Indoor,True,"{""Wednesday"": [""8AM-4PM""]}",False,OPERATIONAL,True,crawled,independent clubmaker North Carolina,False,Continental Golf,"{""Accessibility"": {""Wheelchair accessible entrance"": true, ""Wheelchair accessible parking lot"": true}}",
Dogwood Country Club,Simulator,Golf Simulator,False,(919) 327-9707,https://dogwoodcountryclub.com/,2431 Crabtree Blvd #101,Raleigh,North Carolina,NC,27604,35.8052062,-78.61447629999999,America/New_York,5.0,Top Rated,0,82,True,True,"https://www.google.com/maps/place/Dogwood+Country+Club/@35.8052062,-78.61447629999999,14z/data=!4m8!1m2!2m1!1sDogwood+Country+Club!3m4!1s0x89ac5f89f203cdb7:0x51a7b73e3ebc065b!8m2!3d35.8052062!4d-78.61447629999999",Launch Monitor | Golf Simulator | Retail / Pro Shop,3,False,Indoor,False,"{""Wednesday"": [""10AM-9PM""]}",False,OPERATIONAL,True,crawled,custom club fitting North Carolina,False,Dogwood Country Club,"{""Accessibility"": {""Wheelchair accessible entrance"": true, ""Wheelchair accessible parking lot"": true, ""Wheelchair accessible restroom"": true, ""Wheelchair accessible seating"": true}, ""Other"": {""LGBTQ+ friendly"": true, ""Identifies as women-owned"": true}}",
Globalgolf.com,Clubfitter,Club Fitting,False,(919) 719-7959,https://www.globalgolf.com/about/locations/,7320 ACC Blvd,Raleigh,North Carolina,NC,27617,35.9128562,-78.75963229999999,America/New_York,3.4,Standard,0,22,True,True,"https://www.google.com/maps/place/GlobalGolf.com/@35.9128562,-78.75963229999999,14z/data=!4m8!1m2!2m1!1sGlobalGolf.com!3m4!1s0x89acfa08b15189f1:0x947088cb8c258695!8m2!3d35.9128562!4d-78.75963229999999",Club Fitting | Club Repair | Custom Club Building | Golf Lessons | Launch Monitor | Golf Simulator | Retail / Pro Shop | Shaft & Grip Sales,8,True,Indoor,True,"{""Wednesday"": [""10AM-6PM""]}",False,OPERATIONAL,True,crawled,custom club fitting North Carolina,False,GlobalGolf.com,"{""Accessibility"": {""Wheelchair accessible entrance"": true, ""Wheelchair accessible parking lot"": true}}",
Lonnie Poole GOLF Course,Golf Course / Pro Shop,Club Fitting,False,(919) 515-6527,https://www.lonniepoolegolfcourse.com/,1509 Main Campus Dr,Raleigh,North Carolina,NC,27606,35.7601472,-78.6772333,America/New_York,4.5,Highly Rated,0,653,True,False,"https://www.google.com/maps/place/Lonnie+Poole+Golf+Course/@35.7601472,-78.6772333,14z/data=!4m8!1m2!2m1!1sLonnie+Poole+Golf+Course!3m4!1s0x89acf56d2c0f299d:0xee6e083fa7b6208b!8m2!3d35.7601472!4d-78.6772333",Club Fitting | Retail / Pro Shop,2,True,Outdoor,True,"{""Wednesday"": [""7AM-7PM""]}",False,OPERATIONAL,True,crawled,custom club fitting North Carolina,False,Lonnie Poole Golf Course,"{""Accessibility"": {""Wheelchair accessible entrance"": true, ""Wheelchair accessible parking lot"": true}}",
Red And White Shop,Retailer,Golf Retail,False,(919) 803-3268,https://www.redandwhiteshop.com/,3526 Wade Ave,Raleigh,North Carolina,NC,27607,35.8024281,-78.68563809999999,America/New_York,4.7,Top Rated,0,76,True,True,"https://www.google.com/maps/place/Red+and+White+Shop/@35.8024281,-78.68563809999999,14z/data=!4m8!1m2!2m1!1sRed+and+White+Shop!3m4!1s0x89acf5c37905d2d1:0x1722f2adaa1e60ce!8m2!3d35.8024281!4d-78.68563809999999",Club Fitting | Retail / Pro Shop,2,False,Indoor,True,"{""Wednesday"": [""10AM-7PM""]}",False,OPERATIONAL,True,crawled,boutique golf shop North Carolina,False,Red and White Shop,"{""Accessibility"": {""Wheelchair accessible entrance"": true, ""Wheelchair accessible parking lot"": true}, ""Other"": {""LGBTQ+ friendly"": true}}",enriched
Carolina GOLF Mart & Practice,Clubfitter,Club Fitting,False,(704) 639-0011,https://carolinagolfmart.com/,890 W Ritchie Rd,Salisbury,North Carolina,NC,28147,35.6267053,-80.50053869999999,America/New_York,4.7,Top Rated,0,41,True,False,"https://www.google.com/maps/place/Carolina+Golf+Mart+%26+Practice/@35.6267053,-80.50053869999999,14z/data=!4m8!1m2!2m1!1sCarolina+Golf+Mart+%26+Practice!3m4!1s0x8853f38010c23453:0x9efc5f1a1ee483f5!8m2!3d35.6267053!4d-80.50053869999999",Club Fitting | Club Repair | Golf Lessons | Launch Monitor | Retail / Pro Shop,5,True,Indoor,True,"{""Wednesday"": [""9AM-8PM""]}",False,OPERATIONAL,True,crawled,independent clubmaker North Carolina,False,Carolina Golf Mart & Practice,"{""Accessibility"": {""Wheelchair accessible entrance"": true, ""Wheelchair accessible parking lot"": true}}",
"Divots, Inc.",Retailer,Golf Retail,False,(919) 775-9732,https://divotssand.com/index.php/about-us/,42 Indian Trail,Sanford,North Carolina,NC,27332,35.4121446,-79.11248839999999,America/New_York,5.0,Top Rated,0,0,False,True,"https://www.google.com/maps/place/Divots%2C+Inc./@35.4121446,-79.11248839999999,14z/data=!4m8!1m2!2m1!1sDivots%2C+Inc.!3m4!1s0x89ab58ad77dd232d:0xa4b6ecb679f54f66!8m2!3d35.4121446!4d-79.11248839999999",Retail / Pro Shop,1,False,Indoor,True,"{""Wednesday"": [""7AM-2PM""]}",False,OPERATIONAL,True,crawled,boutique golf shop North Carolina,False,"Divots, Inc.","{""Accessibility"": {""Wheelchair accessible parking lot"": true}}",
GOLF Augusta,Simulator,Club Fitting,False,(910) 692-6266,https://golfaugustanc.com/,1545 US-1,Southern Pines,North Carolina,NC,28387,35.16137,-79.410005,America/New_York,4.7,Top Rated,0,5,True,True,"https://www.google.com/maps/place/Golf+Augusta/@35.16137,-79.410005,14z/data=!4m8!1m2!2m1!1sGolf+Augusta!3m4!1s0x8854b49570f69fb1:0x8c3d6724afe59451!8m2!3d35.16137!4d-79.410005",Club Fitting | Club Repair | Launch Monitor | Retail / Pro Shop | Shaft & Grip Sales,5,True,Indoor,True,"{""Wednesday"": [""9AM-5PM""]}",False,OPERATIONAL,True,crawled,custom club fitting North Carolina,False,Golf Augusta,"{""Accessibility"": {""Wheelchair accessible entrance"": true, ""Wheelchair accessible parking lot"": true}, ""Other"": {""LGBTQ+ friendly"": true}}",
Purestrike GOLF - Wake Forest,Simulator,Club Fitting,False,(919) 274-6880,https://purestrikegolf.co/,2429 Circle Dr,Wake Forest,North Carolina,NC,27587,35.9177277,-78.5484767,America/New_York,5.0,Top Rated,0,14,True,True,"https://www.google.com/maps/place/PureStrike+Golf+-+Wake+Forest/@35.9177277,-78.5484767,14z/data=!4m8!1m2!2m1!1sPureStrike+Golf+-+Wake+Forest!3m4!1s0x89ac517bb4c908c3:0x97ab1407b89792e5!8m2!3d35.9177277!4d-78.5484767",Club Fitting | Club Repair | Golf Lessons | Launch Monitor | Golf Simulator | Retail / Pro Shop,6,True,Indoor,True,"{""Wednesday"": [""Open 24 hours""]}",False,OPERATIONAL,True,crawled,custom club fitting North Carolina,False,PureStrike Golf - Wake Forest,"{""Accessibility"": {""Wheelchair accessible parking lot"": true}}",
Loggerhead GOLF Co.,Clubfitter,Club Fitting,False,(910) 794-8223,https://www.loggerheadgolf.com/,323 Eastwood Rd C,Wilmington,North Carolina,NC,28403,34.2435883,-77.85968559999999,America/New_York,4.9,Top Rated,0,27,True,True,"https://www.google.com/maps/place/Loggerhead+Golf+Co./@34.2435883,-77.85968559999999,14z/data=!4m8!1m2!2m1!1sLoggerhead+Golf+Co.!3m4!1s0x89a9f4c780c535f9:0x61ea2e1102493e06!8m2!3d34.2435883!4d-77.85968559999999",Club Fitting | Club Repair | Custom Club Building | Golf Lessons | Launch Monitor | Retail / Pro Shop | Shaft & Grip Sales,7,True,Indoor,True,"{""Wednesday"": [""8:30AM-5:30PM""]}",False,OPERATIONAL,True,crawled,independent clubmaker North Carolina,False,Loggerhead Golf Co.,"{""Accessibility"": {""Wheelchair accessible entrance"": true, ""Wheelchair accessible parking lot"": true}}",
GOLF Etc. Bismarck,Clubfitter,Club Fitting,False,(701) 751-7070,https://golfetcbismarck.com/,511 Airport Rd,Bismarck,North Dakota,ND,58504,46.8008792,-100.7620541,America/Chicago,4.9,Top Rated,0,72,True,True,"https://www.google.com/maps/place/Golf+Etc.+Bismarck/@46.8008792,-100.7620541,14z/data=!4m8!1m2!2m1!1sGolf+Etc.+Bismarck!3m4!1s0x52d7836babc919e7:0x14d69f78acbb8e91!8m2!3d46.8008792!4d-100.7620541",Club Fitting | Custom Club Building | Golf Lessons | Golf Simulator | Retail / Pro Shop,5,True,Indoor,True,"{""Wednesday"": [""10AM-10PM""]}",False,OPERATIONAL,True,crawled,independent clubmaker North Dakota,False,Golf Etc. Bismarck,"{""Accessibility"": {""Wheelchair accessible entrance"": true, ""Wheelchair accessible parking lot"": true}}",
Austad's GOLF - Fargo,Clubfitter,Club Fitting,False,(701) 297-3551,https://austads.com/pages/fargo-store,4474 23rd Ave S,Fargo,North Dakota,ND,58104,46.8431757,-96.8596007,America/Chicago,4.8,Top Rated,0,48,True,True,"https://www.google.com/maps/place/Austad%27s+Golf+-+Fargo/@46.843175699999996,-96.8596007,14z/data=!4m8!1m2!2m1!1sAustad%27s+Golf+-+Fargo!3m4!1s0x52c8ccbcb5721b5f:0x1b9941e41c713d63!8m2!3d46.843175699999996!4d-96.8596007",Club Fitting | Club Repair | Custom Club Building | Golf Lessons | Launch Monitor | Golf Simulator | Retail / Pro Shop | Shaft & Grip Sales,8,True,Indoor,True,"{""Wednesday"": [""10AM-6PM""]}",False,OPERATIONAL,True,crawled,independent clubmaker North Dakota,False,Austad's Golf - Fargo,"{""Accessibility"": {""Wheelchair accessible entrance"": true, ""Wheelchair accessible parking lot"": true}}",
Dogleg North,Simulator,Golf Simulator,False,(701) 353-5675,https://www.doglegnorth.com/,2700 Broadway N,Fargo,North Dakota,ND,58102,46.91166279999999,-96.7888521,America/Chicago,4.8,Top Rated,0,13,True,True,"https://www.google.com/maps/place/Dogleg+North/@46.911662799999995,-96.7888521,14z/data=!4m8!1m2!2m1!1sDogleg+North!3m4!1s0x52c8c99b3bf97c17:0x787bbc99cb68d2b3!8m2!3d46.911662799999995!4d-96.7888521",Golf Lessons | Golf Simulator,2,False,Indoor,True,"{""Wednesday"": [""5:30-11PM""]}",False,OPERATIONAL,True,crawled,boutique golf shop North Dakota,False,Dogleg North,"{""Accessibility"": {""Wheelchair accessible entrance"": true, ""Wheelchair accessible parking lot"": true, ""Wheelchair accessible restroom"": true}}",
GOLF Addiction,Simulator,Golf Simulator,False,(701) 566-5448,https://www.golfaddiction.biz/,4474 23rd Ave S,Fargo,North Dakota,ND,58104,46.843448,-96.8595546,America/Chicago,4.3,Highly Rated,0,52,True,True,"https://www.google.com/maps/place/Golf+Addiction/@46.843447999999995,-96.8595546,14z/data=!4m8!1m2!2m1!1sGolf+Addiction!3m4!1s0x52c8ccbcb5721b5f:0x75ae95488792220f!8m2!3d46.843447999999995!4d-96.8595546",Golf Simulator,1,False,Indoor,True,"{""Wednesday"": [""8AM-10PM""]}",False,OPERATIONAL,True,crawled,boutique golf shop North Dakota,False,Golf Addiction,"{""Accessibility"": {""Wheelchair accessible entrance"": true, ""Wheelchair accessible parking lot"": true, ""Wheelchair accessible restroom"": true}}",
Golfnxt,Simulator,Golf Simulator,False,(701) 368-3789,https://www.golfnxt.club/,5221 Veterans Blvd S,Fargo,North Dakota,ND,58104,46.802328,-96.882744,America/Chicago,5.0,Top Rated,0,16,True,True,"https://www.google.com/maps/place/GolfNXT/@46.802327999999996,-96.882744,14z/data=!4m8!1m2!2m1!1sGolfNXT!3m4!1s0x52cf3311267e4cb7:0xc4f932856765bd15!8m2!3d46.802327999999996!4d-96.882744",Golf Simulator,1,False,Indoor,True,"{""Wednesday"": [""8AM-8PM""]}",False,OPERATIONAL,True,recrawled,custom club fitting North Dakota,False,GolfNXT,"{""Accessibility"": {""Wheelchair accessible entrance"": true, ""Wheelchair accessible parking lot"": true, ""Wheelchair accessible restroom"": true}}",
Suite Shots,Driving Range,Club Fitting,False,(701) 532-4653,https://suiteshotsfargo.com/,3400 James Wy S,Fargo,North Dakota,ND,58104,46.807175,-96.8355044,America/Chicago,4.5,Highly Rated,0,274,True,True,"https://www.google.com/maps/place/Suite+Shots/@46.807175,-96.83550439999999,14z/data=!4m8!1m2!2m1!1sSuite+Shots!3m4!1s0x52c8cd775d7c8cfd:0x20594939cfd7508!8m2!3d46.807175!4d-96.83550439999999",Club Fitting | Golf Lessons | Golf Simulator,3,True,Indoor,True,"{""Wednesday"": [""11AM-10PM""]}",False,OPERATIONAL,True,crawled,boutique golf shop North Dakota,False,Suite Shots,"{""Accessibility"": {""Wheelchair accessible entrance"": true, ""Wheelchair accessible parking lot"": true, ""Wheelchair accessible restroom"": true, ""Wheelchair accessible seating"": true}}",
Albatross Indoor GOLF Club,Simulator,Golf Simulator,False,(701) 757-3220,https://albatrossgf.com/,2800 S Columbia Rd Space 232,Grand Forks,North Dakota,ND,58201,47.8933827,-97.0716369,America/Chicago,4.8,Top Rated,0,36,True,True,"https://www.google.com/maps/place/Albatross+Indoor+Golf+Club/@47.8933827,-97.0716369,14z/data=!4m8!1m2!2m1!1sAlbatross+Indoor+Golf+Club!3m4!1s0x52c6814397ec61c9:0xfd41a19ef3957826!8m2!3d47.8933827!4d-97.0716369",Golf Simulator,1,False,Indoor,True,"{""Wednesday"": [""Open 24 hours""]}",False,OPERATIONAL,True,crawled,custom club fitting North Dakota,False,Albatross Indoor Golf Club,"{""Accessibility"": {""Wheelchair accessible entrance"": true, ""Wheelchair accessible parking lot"": true, ""Wheelchair accessible restroom"": true}}",
GOLF Center,Clubfitter,Club Fitting,False,(701) 775-0019,https://www.thegolfcenter.net/,3700 S Washington St,Grand Forks,North Dakota,ND,58201,47.8846765,-97.0459509,America/Chicago,4.9,Top Rated,0,63,True,True,"https://www.google.com/maps/place/Golf+Center/@47.8846765,-97.0459509,14z/data=!4m8!1m2!2m1!1sGolf+Center!3m4!1s0x52c680e82f5bae41:0xea4b03d6517fbf49!8m2!3d47.8846765!4d-97.0459509",Club Fitting | Club Repair | Custom Club Building | Launch Monitor | Retail / Pro Shop,5,True,Indoor,True,"{""Wednesday"": [""10AM-7PM""]}",False,OPERATIONAL,True,crawled,independent clubmaker North Dakota,False,Golf Center,"{""Accessibility"": {""Wheelchair accessible entrance"": true, ""Wheelchair accessible parking lot"": true}}",
Grand Forks PRO Shop,Instruction,Golf Instruction,False,(701) 772-3912,https://www.gfcountryclub.com/,794 S 12th St NE,Grand Forks,North Dakota,ND,58201,47.8483998,-97.0035746,America/Chicago,0.0,Unrated,0,1,True,False,"https://www.google.com/maps/place/Grand+Forks+Pro+Shop/@47.848399799999996,-97.0035746,14z/data=!4m8!1m2!2m1!1sGrand+Forks+Pro+Shop!3m4!1s0x52c686d27813fd2b:0x579413b9dd640b37!8m2!3d47.848399799999996!4d-97.0035746",Golf Lessons,1,False,Unknown,True,"{""Wednesday"": [""10AM-8PM""]}",False,OPERATIONAL,True,crawled,custom club fitting North Dakota,False,Grand Forks Pro Shop,"{""Accessibility"": {""Wheelchair accessible parking lot"": true}}",
Ace Of Clubs LLC,Clubfitter,Club Fitting,False,(847) 648-1314,https://aceofclubsllc.square.site/,3412 15th St SE,Minot,North Dakota,ND,58701,48.1992369,-101.2719873,America/Chicago,0.0,Unrated,0,8,True,True,"https://www.google.com/maps/place/Ace+of+Clubs+LLC/@48.199236899999995,-101.27198729999999,14z/data=!4m8!1m2!2m1!1sAce+of+Clubs+LLC!3m4!1s0x52df2bb07043f3f7:0x6377e9d3a5061d91!8m2!3d48.199236899999995!4d-101.27198729999999",Club Fitting | Custom Club Building | Retail / Pro Shop,3,True,Indoor,True,"{""Wednesday"": [""1-9PM""]}",False,OPERATIONAL,True,crawled,independent clubmaker North Dakota,False,Ace of Clubs LLC,"{""Accessibility"": {""Wheelchair accessible parking lot"": true}}",
GOLF Fit USA,Clubfitter,Club Fitting,False,(308) 455-3371,https://www.facebook.com/GolfFitUSA/,5012 3rd Ave Ste 180,Kearney,Nebraska,NE,68845,40.7237667,-99.0865694,America/Chicago,4.9,Top Rated,0,8,True,True,"https://www.google.com/maps/place/Golf+Fit+USA/@40.7237667,-99.0865694,14z/data=!4m8!1m2!2m1!1sGolf+Fit+USA!3m4!1s0x879937fb35e35a37:0xc4ca91e076f16371!8m2!3d40.7237667!4d-99.0865694",Club Fitting | Club Repair | Retail / Pro Shop,3,True,Indoor,True,"{""Wednesday"": [""10AM-6PM""]}",False,OPERATIONAL,True,crawled,independent clubmaker Nebraska,False,Golf Fit USA,"{""Accessibility"": {""Wheelchair accessible entrance"": true, ""Wheelchair accessible parking lot"": true}}",
Austad's GOLF - Lincoln South,Clubfitter,Club Fitting,False,(531) 289-1394,https://austads.com/pages/lincoln-south-store,2801 Pine Lake Rd,Lincoln,Nebraska,NE,68516,40.73867569999999,-96.6804497,America/Chicago,4.9,Top Rated,0,41,True,True,"https://www.google.com/maps/place/Austad%27s+Golf+-+Lincoln+South/@40.738675699999995,-96.6804497,14z/data=!4m8!1m2!2m1!1sAustad%27s+Golf+-+Lincoln+South!3m4!1s0x879695c698b5631d:0x89db7a008318d558!8m2!3d40.738675699999995!4d-96.6804497",Club Fitting | Club Repair | Golf Lessons | Launch Monitor | Golf Simulator | Retail / Pro Shop | Shaft & Grip Sales,7,True,Indoor,True,"{""Wednesday"": [""10AM-6PM""]}",False,OPERATIONAL,True,crawled,custom club fitting Nebraska,False,Austad's Golf - Lincoln South,"{""Accessibility"": {""Wheelchair accessible entrance"": true, ""Wheelchair accessible parking lot"": true}}",
Pro-fit Pxiii Performance Club Fitting,Clubfitter,Club Fitting,False,(402) 730-4951,https://pxthree.com/,375 Fletcher Ave,Lincoln,Nebraska,NE,68521,40.869663,-96.717125,America/Chicago,5.0,Top Rated,0,25,True,True,"https://www.google.com/maps/place/PRO-FIT+PXIII+Performance+Club+Fitting/@40.869662999999996,-96.717125,14z/data=!4m8!1m2!2m1!1sPRO-FIT+PXIII+Performance+Club+Fitting!3m4!1s0x8796b957778d07eb:0xf6a88b2952abda6d!8m2!3d40.869662999999996!4d-96.717125",Club Fitting | Retail / Pro Shop,2,True,Indoor,True,"{""Wednesday"": [""7:30AM-9PM""]}",False,OPERATIONAL,True,recrawled,independent clubmaker Nebraska,False,PRO-FIT PXIII Performance Club Fitting,"{""Accessibility"": {""Wheelchair accessible entrance"": true, ""Wheelchair accessible parking lot"": true}}",
Under Par GOLF Studio,Clubfitter,Club Fitting,False,(402) 261-6775,https://www.underpargolfstudio.com/,4333 S 70th St # 9,Lincoln,Nebraska,NE,68516,40.7690928,-96.6263574,America/Chicago,4.9,Top Rated,0,13,True,True,"https://www.google.com/maps/place/Under+Par+Golf+Studio/@40.769092799999996,-96.62635739999999,14z/data=!4m8!1m2!2m1!1sUnder+Par+Golf+Studio!3m4!1s0x8796bdc35031308f:0xa4794f1bc04044aa!8m2!3d40.769092799999996!4d-96.62635739999999",Club Fitting | Club Repair | Golf Lessons | Golf Simulator | Retail / Pro Shop | Shaft & Grip Sales,6,True,Indoor,True,"{""Wednesday"": [""8AM-10PM""]}",False,OPERATIONAL,True,crawled,independent clubmaker Nebraska,False,Under Par Golf Studio,"{""Accessibility"": {""Wheelchair accessible entrance"": true, ""Wheelchair accessible parking lot"": true, ""Wheelchair accessible restroom"": true}}",
Austad's GOLF - West Maple,Golf Course / Pro Shop,Club Fitting,False,(402) 614-4040,https://austads.com/pages/omaha-west-maple-store,16016 Evans St,Omaha,Nebraska,NE,68116,41.2915579,-96.1635264,America/Chicago,4.9,Top Rated,0,66,True,True,"https://www.google.com/maps/place/Austad%27s+Golf+-+West+Maple/@41.2915579,-96.1635264,14z/data=!4m8!1m2!2m1!1sAustad%27s+Golf+-+West+Maple!3m4!1s0x8793ee11fe4b3db5:0xdf34a9828321c5df!8m2!3d41.2915579!4d-96.1635264",Club Fitting | Club Repair | Custom Club Building | Golf Lessons | Launch Monitor | Golf Simulator | Retail / Pro Shop | Shaft & Grip Sales,8,True,Indoor,True,"{""Thursday"": [""10AM-6PM""]}",False,OPERATIONAL,True,crawled,custom club fitting Nebraska,False,Austad's Golf - West Maple,"{""Accessibility"": {""Wheelchair accessible entrance"": true, ""Wheelchair accessible parking lot"": true}}",
Austad's GOLF Omaha Westwood,Clubfitter,Club Fitting,False,(402) 758-7000,https://austads.com/pages/omaha-westwood-store,12155 W Center Rd,Omaha,Nebraska,NE,68144,41.232413,-96.10312,America/Chicago,4.9,Top Rated,0,109,True,True,"https://www.google.com/maps/place/Austad%27s+Golf+Omaha+Westwood/@41.232413,-96.10311999999999,14z/data=!4m8!1m2!2m1!1sAustad%27s+Golf+Omaha+Westwood!3m4!1s0x8793f3046d168db9:0xf36d4f2b46f62cba!8m2!3d41.232413!4d-96.10311999999999",Club Fitting | Club Repair | Custom Club Building | Golf Lessons | Launch Monitor | Golf Simulator | Retail / Pro Shop | Shaft & Grip Sales,8,True,Indoor,True,"{""Thursday"": [""10AM-6PM""]}",False,OPERATIONAL,True,crawled,custom club fitting Nebraska,False,Austad's Golf Omaha Westwood,"{""Accessibility"": {""Wheelchair accessible entrance"": true, ""Wheelchair accessible parking lot"": true}}",
GOLF USA,Clubfitter,Club Fitting,False,(402) 334-9303,https://www.golfusaomaha.com/,4207 S 120th St,Omaha,Nebraska,NE,68137,41.2183296,-96.0994782,America/Chicago,4.9,Top Rated,0,7,True,True,"https://www.google.com/maps/place/Golf+USA/@41.2183296,-96.0994782,14z/data=!4m8!1m2!2m1!1sGolf+USA!3m4!1s0x8793f3726c6464f9:0xec2b46a078075ec6!8m2!3d41.2183296!4d-96.0994782",Club Fitting | Club Repair | Custom Club Building | Golf Lessons,4,True,Indoor,True,"{""Wednesday"": [""9AM-6PM""]}",False,OPERATIONAL,True,crawled,independent clubmaker Nebraska,False,Golf USA,"{""Accessibility"": {""Wheelchair accessible entrance"": true, ""Wheelchair accessible parking lot"": true}}",
Mcintyre GOLF,Retailer,Golf Retail,False,(402) 305-1773,https://www.mcintyregolf.com/contact,16711 Elm Cir,Omaha,Nebraska,NE,68130,41.2303235,-96.1760048,America/Chicago,5.0,Top Rated,0,1,True,False,"https://www.google.com/maps/place/McIntyre+Golf/@41.2303235,-96.1760048,14z/data=!4m8!1m2!2m1!1sMcIntyre+Golf!3m4!1s0x8793f184334df183:0x5ece392340287d18!8m2!3d41.2303235!4d-96.1760048",Retail / Pro Shop,1,False,Indoor,True,,False,OPERATIONAL,True,recrawled,independent clubmaker Nebraska,False,McIntyre Golf,"{""Accessibility"": {""Wheelchair accessible parking lot"": true}}",
New Hampshire GOLF,Retailer,Golf Instruction,False,(603) 219-0371,https://www.nhgolf.com/,56 S State St,Concord,New Hampshire,NH,03301,43.1994765,-71.5348812,America/New_York,4.0,Well Reviewed,0,2,True,True,"https://www.google.com/maps/place/New+Hampshire+Golf/@43.199476499999996,-71.5348812,14z/data=!4m8!1m2!2m1!1sNew+Hampshire+Golf!3m4!1s0x89e26a8e4b31715f:0xdd5e8e739df0781b!8m2!3d43.199476499999996!4d-71.5348812",Golf Lessons | Retail / Pro Shop,2,False,Indoor,True,"{""Wednesday"": [""8AM-5PM""]}",False,OPERATIONAL,True,crawled,independent clubmaker New Hampshire,False,New Hampshire Golf,"{""Accessibility"": {""Wheelchair accessible entrance"": true, ""Wheelchair accessible parking lot"": true}}",
Monkeysports Superstore - Derry,Clubfitter,Club Fitting,False,(603) 505-4004,https://www.monkeysports.com/derry/,30 Manchester Rd Suite 2,Derry,New Hampshire,NH,03038,42.89692549999999,-71.33526549999999,America/New_York,4.6,Highly Rated,0,129,True,True,"https://www.google.com/maps/place/MonkeySports+Superstore+-+Derry/@42.896925499999995,-71.33526549999999,14z/data=!4m8!1m2!2m1!1sMonkeySports+Superstore+-+Derry!3m4!1s0x89e2525351da345b:0xa7353f780e39dde8!8m2!3d42.896925499999995!4d-71.33526549999999",Club Fitting | Custom Club Building | Golf Lessons | Retail / Pro Shop,4,True,Indoor,True,"{""Wednesday"": [""11AM-7PM""]}",False,OPERATIONAL,True,crawled,boutique golf shop New Hampshire,False,MonkeySports Superstore - Derry,"{""Accessibility"": {""Wheelchair accessible entrance"": true, ""Wheelchair accessible parking lot"": true}}",
Twin Pines Driving Range And Fitting Center,Driving Range,Club Fitting,False,(603) 679-9911,https://www.twinpinesgolf.com/,526 Calef Hwy,Epping,New Hampshire,NH,03042,43.0695007,-71.0443227,America/New_York,4.7,Top Rated,0,130,True,True,"https://www.google.com/maps/place/Twin+Pines+Driving+Range+and+Fitting+Center/@43.0695007,-71.0443227,14z/data=!4m8!1m2!2m1!1sTwin+Pines+Driving+Range+and+Fitting+Center!3m4!1s0x89e2f2f8d4fa3d0b:0x11f107cfe9359d11!8m2!3d43.0695007!4d-71.0443227",Club Fitting | Club Repair | Golf Lessons | Retail / Pro Shop | Membership / Club Programs,5,True,Outdoor,True,"{""Wednesday"": [""6:30AM-4:30PM""]}",False,OPERATIONAL,True,recrawled,custom club fitting New Hampshire,False,Twin Pines Driving Range and Fitting Center,"{""Accessibility"": {""Wheelchair accessible entrance"": true, ""Wheelchair accessible parking lot"": true}}",
GOLF & Ski Warehouse,Clubfitter,Club Fitting,False,(603) 433-8585,https://stores.worldwidegolfshops.com/nh/greenland/golf-ski-warehouse-gre.html,1680 Greenland Rd,Greenland,New Hampshire,NH,03840,43.0381156,-70.8388588,America/New_York,4.5,Highly Rated,0,28,True,True,"https://www.google.com/maps/place/Golf+%26+Ski+Warehouse/@43.0381156,-70.8388588,14z/data=!4m8!1m2!2m1!1sGolf+%26+Ski+Warehouse!3m4!1s0x89e2ea8d6d5ae0b3:0x12a12c7b9004477a!8m2!3d43.0381156!4d-70.8388588",Club Fitting | Club Repair | Retail / Pro Shop | Shaft & Grip Sales,4,True,Indoor,True,"{""Wednesday"": [""9AM-6PM""]}",False,OPERATIONAL,True,crawled,independent clubmaker New Hampshire,False,Golf & Ski Warehouse,"{""Accessibility"": {""Wheelchair accessible entrance"": true, ""Wheelchair accessible parking lot"": true}}",
GOLF & Ski Warehouse,Clubfitter,Club Fitting,False,(603) 595-8484,https://stores.worldwidegolfshops.com/nh/hudson/golf-ski-warehouse-hud.html,2 Friel Golf Rd,Hudson,New Hampshire,NH,03051,42.716826,-71.4211412,America/New_York,4.4,Highly Rated,0,44,True,True,"https://www.google.com/maps/place/Golf+%26+Ski+Warehouse/@42.716826,-71.4211412,14z/data=!4m8!1m2!2m1!1sGolf+%26+Ski+Warehouse!3m4!1s0x89e3b0780a7af5ab:0xe8ca7f55bc18104!8m2!3d42.716826!4d-71.4211412",Club Fitting | Club Repair | Golf Lessons | Launch Monitor | Retail / Pro Shop | Shaft & Grip Sales,6,True,Indoor,True,"{""Wednesday"": [""9AM-6PM""]}",False,OPERATIONAL,True,crawled,independent clubmaker New Hampshire,False,Golf & Ski Warehouse,"{""Accessibility"": {""Wheelchair accessible entrance"": true, ""Wheelchair accessible parking lot"": true}}",
Golfclubtec,Clubfitter,Club Fitting,False,(339) 221-0361,https://www.golfclubtec.com/,28 Lowell Rd,Hudson,New Hampshire,NH,03051,42.7598405,-71.4310033,America/New_York,5.0,Top Rated,0,1,True,True,"https://www.google.com/maps/place/GolfClubTec/@42.759840499999996,-71.4310033,14z/data=!4m8!1m2!2m1!1sGolfClubTec!3m4!1s0x89e3b75f63bf0203:0xed590ca49d2f58b7!8m2!3d42.759840499999996!4d-71.4310033",Club Fitting | Club Repair | Custom Club Building | Golf Lessons | Launch Monitor | Retail / Pro Shop | Shaft & Grip Sales,7,True,Indoor,True,"{""Wednesday"": [""9AM-5PM""]}",False,OPERATIONAL,True,crawled,independent clubmaker New Hampshire,False,GolfClubTec,"{""Accessibility"": {""Wheelchair accessible parking lot"": true}}",
Seth Dichard GOLF Centers,Simulator,Club Fitting,False,(603) 860-9893,https://www.sethdichardgolf.com/,28 Lowell Rd,Hudson,New Hampshire,NH,03051,42.75984039999999,-71.43100319999999,America/New_York,5.0,Top Rated,0,36,True,True,"https://www.google.com/maps/place/Seth+Dichard+Golf+Centers/@42.759840399999995,-71.43100319999999,14z/data=!4m8!1m2!2m1!1sSeth+Dichard+Golf+Centers!3m4!1s0x89e3ba82a1116119:0x7ffee57486582480!8m2!3d42.759840399999995!4d-71.43100319999999",Club Fitting | Custom Club Building | Golf Lessons | Golf Simulator,4,True,Indoor,True,"{""Wednesday"": [""9AM-9:30PM""]}",False,OPERATIONAL,True,crawled,independent clubmaker New Hampshire,False,Seth Dichard Golf Centers,"{""Accessibility"": {""Wheelchair accessible entrance"": true, ""Wheelchair accessible parking lot"": true, ""Wheelchair accessible restroom"": true}}",
Five Star GOLF Cars,Retailer,Used Clubs / Trade-In,False,(603) 527-8095,https://www.fivestargolfcars.com/,1165 Union Ave,Laconia,New Hampshire,NH,03246,43.55710029999999,-71.45474,America/New_York,4.8,Top Rated,0,163,True,True,"https://www.google.com/maps/place/Five+Star+Golf+Cars/@43.557100299999995,-71.45474,14z/data=!4m8!1m2!2m1!1sFive+Star+Golf+Cars!3m4!1s0x4cb336974030aca3:0xd55b0343ce151678!8m2!3d43.557100299999995!4d-71.45474",Trade-In / Used Clubs,1,False,Indoor,True,"{""Wednesday"": [""8AM-4:30PM""]}",False,OPERATIONAL,True,recrawled,independent clubmaker New Hampshire,False,Five Star Golf Cars,"{""Accessibility"": {""Wheelchair accessible parking lot"": true}}",
Ready GOLF Teaching And Club Fitting Center,Simulator,Club Fitting,False,(603) 524-2929,https://readygolfcenter.com/,131 Lake St unit 12,Laconia,New Hampshire,NH,03246,43.5673783,-71.4471817,America/New_York,5.0,Top Rated,0,16,True,True,"https://www.google.com/maps/place/Ready+Golf+Teaching+and+Club+Fitting+Center/@43.5673783,-71.4471817,14z/data=!4m8!1m2!2m1!1sReady+Golf+Teaching+and+Club+Fitting+Center!3m4!1s0x4cb337e44ec5682b:0x6df582c7e34a4c5a!8m2!3d43.5673783!4d-71.4471817",Club Fitting | Launch Monitor | Golf Simulator | Retail / Pro Shop,4,True,Indoor,True,,False,OPERATIONAL,True,crawled,independent clubmaker New Hampshire,False,Ready Golf Teaching and Club Fitting Center,"{""Accessibility"": {""Wheelchair accessible parking lot"": true}}",
GOLF Garage Nh,Clubfitter,Club Fitting,False,(603) 696-5551,https://golfgaragevt.com/,85 Mechanic St h1 1,Lebanon,New Hampshire,NH,03766,43.6386933,-72.2568652,America/New_York,5.0,Top Rated,0,12,True,True,"https://www.google.com/maps/place/Golf+Garage+NH/@43.6386933,-72.2568652,14z/data=!4m8!1m2!2m1!1sGolf+Garage+NH!3m4!1s0x4cb4b5727abd57af:0x8b661b64f8c5d24a!8m2!3d43.6386933!4d-72.2568652",Club Fitting | Launch Monitor | Golf Simulator | Retail / Pro Shop,4,True,Indoor,True,"{""Wednesday"": [""9AM-4PM""]}",False,OPERATIONAL,True,crawled,independent clubmaker New Hampshire,False,Golf Garage NH,"{""Accessibility"": {""Wheelchair accessible entrance"": true, ""Wheelchair accessible parking lot"": true}}",
Live Free & GOLF,Retailer,Golf Retail,False,,https://livefreeandgolf.com/,6 Horizon Dr,Litchfield,New Hampshire,NH,03052,42.8117109,-71.4355606,America/New_York,0.0,Unrated,0,1,True,True,"https://www.google.com/maps/place/Live+Free+%26+Golf/@42.8117109,-71.4355606,14z/data=!4m8!1m2!2m1!1sLive+Free+%26+Golf!3m4!1s0x89e3b367d57efa79:0xfa7aec5d827fd4a7!8m2!3d42.8117109!4d-71.4355606",Retail / Pro Shop,1,False,Indoor,True,,False,OPERATIONAL,True,crawled,independent clubmaker New Hampshire,False,Live Free & Golf,"{""Accessibility"": {""Wheelchair accessible parking lot"": true}}",
GOLF 360,Clubfitter,Club Fitting,False,(603) 289-0715,https://www.golf360academy.com/,893 Hanover St,Manchester,New Hampshire,NH,03104,42.986117,-71.4265686,America/New_York,5.0,Top Rated,0,22,True,True,"https://www.google.com/maps/place/Golf+360/@42.986117,-71.4265686,14z/data=!4m8!1m2!2m1!1sGolf+360!3m4!1s0x89e24c412bb449e1:0xb279f2581a40cbbf!8m2!3d42.986117!4d-71.4265686",Club Fitting | Golf Lessons | Retail / Pro Shop,3,True,Indoor,True,"{""Wednesday"": [""8AM-10PM""]}",False,OPERATIONAL,True,crawled,independent clubmaker New Hampshire,False,Golf 360,"{""Accessibility"": {""Wheelchair accessible entrance"": true, ""Wheelchair accessible parking lot"": true, ""Wheelchair accessible restroom"": true}}",
Kustom Clubs Fitting Center,Clubfitter,Club Fitting,False,(603) 623-7876,https://www.kustomclubs.com/,726 E Industrial Park Dr UNIT 6,Manchester,New Hampshire,NH,03109,42.9821003,-71.40878909999999,America/New_York,4.8,Top Rated,0,3,True,True,"https://www.google.com/maps/place/Kustom+Clubs+Fitting+Center/@42.9821003,-71.40878909999999,14z/data=!4m8!1m2!2m1!1sKustom+Clubs+Fitting+Center!3m4!1s0x89e24fb44b0e0d23:0xafe422d41655f165!8m2!3d42.9821003!4d-71.40878909999999",,0,True,Indoor,True,"{""Wednesday"": [""10AM-6PM""]}",False,OPERATIONAL,True,crawl_failed,independent clubmaker New Hampshire,False,Kustom Clubs Fitting Center,"{""Accessibility"": {""Wheelchair accessible entrance"": true, ""Wheelchair accessible parking lot"": true}}",failed
Poffs PRO Shop,Golf Course / Pro Shop,Club Fitting,False,(603) 320-0726,https://www.merrimacktenpin.com/pro-shop,698 Daniel Webster Hwy,Merrimack,New Hampshire,NH,03054,42.89829539999999,-71.46611299999999,America/New_York,3.0,Standard,0,2,True,True,"https://www.google.com/maps/place/Poff%E2%80%99s+Pro+Shop/@42.898295399999995,-71.46611299999999,14z/data=!4m8!1m2!2m1!1sPoff%E2%80%99s+Pro+Shop!3m4!1s0x89e24d261bd3e6db:0xa5de0f1f1f6d5eef!8m2!3d42.898295399999995!4d-71.46611299999999",Club Fitting | Retail / Pro Shop,2,True,Outdoor,True,"{""Wednesday"": [""6-9PM""]}",False,OPERATIONAL,True,crawled,boutique golf shop New Hampshire,False,Poff’s Pro Shop,"{""Accessibility"": {""Wheelchair accessible parking lot"": true}}",
On Course GOLF Academy,Retailer,Golf Instruction,False,(772) 324-9293,https://oncourse.golf/,"Lake Winnipesaukee Golf Club, 1 Lake Winnipesaukee Drive",New Durham,New Hampshire,NH,03855,43.5489586,-71.1420349,America/New_York,5.0,Top Rated,0,5,True,True,"https://www.google.com/maps/place/On+Course+Golf+Academy/@43.5489586,-71.1420349,14z/data=!4m8!1m2!2m1!1sOn+Course+Golf+Academy!3m4!1s0x4cb32841984f9bb9:0x136a1465f5806e3d!8m2!3d43.5489586!4d-71.1420349",Golf Lessons | Retail / Pro Shop,2,False,Indoor,True,"{""Wednesday"": [""Open 24 hours""]}",False,OPERATIONAL,True,crawled,independent clubmaker New Hampshire,False,On Course Golf Academy,"{""Accessibility"": {""Wheelchair accessible entrance"": true, ""Wheelchair accessible parking lot"": true}}",
Mountainside GOLF Outfitters,Clubfitter,Club Fitting,False,(603) 763-2727,https://www.mountainsidegolf.com/,4 NH-103A,Newbury,New Hampshire,NH,03255,43.32160289999999,-72.0363416,America/New_York,5.0,Top Rated,0,3,True,True,"https://www.google.com/maps/place/Mountainside+Golf+Outfitters/@43.321602899999995,-72.0363416,14z/data=!4m8!1m2!2m1!1sMountainside+Golf+Outfitters!3m4!1s0x89e1f500b40b468b:0x5ca116bc09f973c9!8m2!3d43.321602899999995!4d-72.0363416",Club Fitting | Club Repair | Custom Club Building | Golf Simulator | Retail / Pro Shop,5,True,Indoor,True,"{""Wednesday"": [""10AM-5PM""]}",False,OPERATIONAL,True,crawled,independent clubmaker New Hampshire,False,Mountainside Golf Outfitters,"{""Accessibility"": {""Wheelchair accessible parking lot"": true}}",
Coach Club,Retailer,Launch Monitor Analysis,False,(603) 964-0913,https://coachclubnh.com/,69 Lafayette Rd,North Hampton,New Hampshire,NH,03862,42.973097,-70.8343857,America/New_York,5.0,Top Rated,0,5,True,True,"https://www.google.com/maps/place/Coach+Club/@42.973096999999996,-70.8343857,14z/data=!4m8!1m2!2m1!1sCoach+Club!3m4!1s0x89e2e936e0a7b0ad:0x3852bd864560d958!8m2!3d42.973096999999996!4d-70.8343857",Launch Monitor | Retail / Pro Shop,2,False,Indoor,True,"{""Wednesday"": [""8AM-8PM""]}",False,OPERATIONAL,True,crawled,independent clubmaker New Hampshire,False,Coach Club,"{""Accessibility"": {""Wheelchair accessible entrance"": true, ""Wheelchair accessible parking lot"": true, ""Wheelchair accessible restroom"": true}}",
GOLF Shop At Abenaqui,Retailer,Golf Instruction,False,(603) 964-5335,https://www.abenaquicc.com/golf,731 Central Rd,Rye Beach,New Hampshire,NH,03871,42.9805966,-70.7733901,America/New_York,5.0,Top Rated,0,1,True,False,"https://www.google.com/maps/place/Golf+Shop+At+Abenaqui/@42.9805966,-70.7733901,14z/data=!4m8!1m2!2m1!1sGolf+Shop+At+Abenaqui!3m4!1s0x89e2c229c3ccb663:0x12ef8b8f70e1bbcf!8m2!3d42.9805966!4d-70.7733901",Golf Lessons | Retail / Pro Shop,2,False,Indoor,True,"{""Wednesday"": [""7AM-7PM""]}",False,OPERATIONAL,True,crawled,independent clubmaker New Hampshire,False,Golf Shop At Abenaqui,"{""Accessibility"": {""Wheelchair accessible entrance"": true, ""Wheelchair accessible parking lot"": true}}",
GOLF & Ski Warehouse,Clubfitter,Club Fitting,False,(603) 298-8282,https://stores.worldwidegolfshops.com/nh/westlebanon/golf-ski-warehouse-wle.html,290 N Plainfield Rd,West Lebanon,New Hampshire,NH,03784,43.623764,-72.32772059999999,America/New_York,4.7,Top Rated,0,16,True,True,"https://www.google.com/maps/place/Golf+%26+Ski+Warehouse/@43.623764,-72.32772059999999,14z/data=!4m8!1m2!2m1!1sGolf+%26+Ski+Warehouse!3m4!1s0x4cb4b557d665a04b:0x94cfc4334c44b132!8m2!3d43.623764!4d-72.32772059999999",Club Fitting | Club Repair | Retail / Pro Shop | Shaft & Grip Sales,4,True,Indoor,True,"{""Wednesday"": [""9AM-6PM""]}",False,OPERATIONAL,True,crawled,independent clubmaker New Hampshire,False,Golf & Ski Warehouse,"{""Accessibility"": {""Wheelchair accessible entrance"": true, ""Wheelchair accessible parking lot"": true}}",
Go GOLF,Retailer,Golf Instruction,False,(856) 751-7194,https://gogolfsj.com/,2091 Springdale Rd STE 18,Cherry Hill Township,New Jersey,NJ,08003,39.9173796,-74.9641654,America/New_York,4.9,Top Rated,0,36,True,True,"https://www.google.com/maps/place/Go+Golf/@39.9173796,-74.9641654,14z/data=!4m8!1m2!2m1!1sGo+Golf!3m4!1s0x89c134cc7c30ad61:0xc8e30baff2847ea0!8m2!3d39.9173796!4d-74.9641654",Golf Lessons | Retail / Pro Shop,2,False,Indoor,True,"{""Wednesday"": [""8AM-8PM""]}",False,OPERATIONAL,True,crawled,custom club fitting Pennsylvania,False,Go Golf,"{""Accessibility"": {""Wheelchair accessible entrance"": true, ""Wheelchair accessible parking lot"": true, ""Wheelchair accessible restroom"": true}}",
GOLF Performance Academy,Clubfitter,Club Fitting,False,(917) 763-0307,https://bettergolfperformance.com/,1300 Raritan Rd,Clark,New Jersey,NJ,07066,40.631839,-74.3079963,America/New_York,5.0,Top Rated,0,9,True,True,"https://www.google.com/maps/place/Golf+Performance+Academy/@40.631839,-74.3079963,14z/data=!4m8!1m2!2m1!1sGolf+Performance+Academy!3m4!1s0x89c3b3d7984d528d:0xaf0e5d9db77c11c4!8m2!3d40.631839!4d-74.3079963",Club Fitting | Golf Lessons | Retail / Pro Shop | Shaft & Grip Sales,4,True,Indoor,True,"{""Wednesday"": [""9AM-5PM""]}",False,OPERATIONAL,True,crawled,independent clubmaker New Jersey,False,Golf Performance Academy,"{""Accessibility"": {""Wheelchair accessible entrance"": true, ""Wheelchair accessible parking lot"": true}}",
Hyatt Hills GOLF Complex,Retailer,Golf Instruction,False,(732) 669-9100,https://www.hyatthills.com/,1300 Raritan Rd,Clark,New Jersey,NJ,07066,40.6339014,-74.30948029999999,America/New_York,4.3,Highly Rated,0,362,True,True,"https://www.google.com/maps/place/Hyatt+Hills+Golf+Complex/@40.6339014,-74.30948029999999,14z/data=!4m8!1m2!2m1!1sHyatt+Hills+Golf+Complex!3m4!1s0x89c3b3d9fd5e33c9:0x4cb5f9866bd4a9e!8m2!3d40.6339014!4d-74.30948029999999",Golf Lessons | Retail / Pro Shop,2,False,Indoor,True,"{""Wednesday"": [""7AM-6PM""]}",False,OPERATIONAL,True,crawled,boutique golf shop Kansas,False,Hyatt Hills Golf Complex,"{""Accessibility"": {""Wheelchair accessible entrance"": true, ""Wheelchair accessible parking lot"": true}}",
GOLF Mission Association,Retailer,Golf Retail,False,(973) 896-8031,https://www.golfmission.com/,658 Allwood Rd,Clifton,New Jersey,NJ,07012,40.846201,-74.16353149999999,America/New_York,5.0,Top Rated,0,2,True,True,"https://www.google.com/maps/place/Golf+Mission+Association/@40.846201,-74.16353149999999,14z/data=!4m8!1m2!2m1!1sGolf+Mission+Association!3m4!1s0x89c2ff0f84aba729:0x8daa2449e5039635!8m2!3d40.846201!4d-74.16353149999999",,0,False,Indoor,True,"{""Wednesday"": [""9AM-5PM""]}",False,OPERATIONAL,True,crawled,boutique golf shop Pennsylvania,False,Golf Mission Association,"{""Accessibility"": {""Wheelchair accessible parking lot"": true}}",failed
Tim Mosel's Custom GOLF And Repair,Clubfitter,Club Fitting,False,(973) 586-1700,https://www.timmosel.com/,5 E Main St,Denville,New Jersey,NJ,07834,40.892072,-74.47889889999999,America/New_York,4.9,Top Rated,0,3,True,True,"https://www.google.com/maps/place/Tim+Mosel%27s+Custom+Golf+and+Repair/@40.892072,-74.47889889999999,14z/data=!4m8!1m2!2m1!1sTim+Mosel%27s+Custom+Golf+and+Repair!3m4!1s0x89c30997a09072e1:0x42ec81c7a9662f36!8m2!3d40.892072!4d-74.47889889999999",Club Fitting | Club Repair | Custom Club Building | Launch Monitor | Club Rentals | Retail / Pro Shop | Shaft & Grip Sales,7,True,Indoor,True,"{""Wednesday"": [""11AM-1PM""]}",False,OPERATIONAL,True,crawled,independent clubmaker Delaware,False,Tim Mosel's Custom Golf and Repair,"{""Accessibility"": {""Wheelchair accessible entrance"": true, ""Wheelchair accessible parking lot"": true}}",
Edge GOLF,Simulator,Club Fitting,False,(201) 499-1660,https://www.edgegolf.com/,"US, 18 Edgewater Town Center",Edgewater,New Jersey,NJ,07020,40.8254458,-73.9739886,America/New_York,4.7,Top Rated,0,57,True,True,"https://www.google.com/maps/place/Edge+Golf/@40.8254458,-73.9739886,14z/data=!4m8!1m2!2m1!1sEdge+Golf!3m4!1s0x89c2f75f634af7a5:0x4efca9d1236fb5b6!8m2!3d40.8254458!4d-73.9739886",Club Fitting | Golf Lessons | Golf Simulator,3,True,Indoor,True,"{""Wednesday"": [""8AM-10PM""]}",False,OPERATIONAL,True,crawled,boutique golf shop Connecticut,False,Edge Golf,"{""Accessibility"": {""Wheelchair accessible entrance"": true, ""Wheelchair accessible parking lot"": true, ""Wheelchair accessible restroom"": true}, ""Other"": {""LGBTQ+ friendly"": true}}",
Birdies & Lattes,Simulator,Golf Simulator,False,(732) 354-3015,https://birdieslattes.com/,"1781 Lincoln Hwy 201, Second Floor",Edison,New Jersey,NJ,08817,40.5125308,-74.406579,America/New_York,4.7,Top Rated,0,76,True,True,"https://www.google.com/maps/place/Birdies+%26+Lattes/@40.5125308,-74.406579,14z/data=!4m8!1m2!2m1!1sBirdies+%26+Lattes!3m4!1s0x89c3c74f3447cba1:0x9fc07014ddeafbd8!8m2!3d40.5125308!4d-74.406579",Golf Simulator | Retail / Pro Shop,2,False,Indoor,True,"{""Wednesday"": [""8AM-11PM""]}",False,OPERATIONAL,True,crawled,boutique golf shop Florida,False,Birdies & Lattes,"{""Accessibility"": {""Wheelchair accessible entrance"": true, ""Wheelchair accessible parking lot"": true, ""Wheelchair accessible restroom"": true}, ""Other"": {""LGBTQ+ friendly"": true, ""Identifies as women-owned"": true, ""Identifies as Asian-owned"": true}}",
D1 GOLF Academy,Retailer,Golf Instruction,False,(201) 285-4653,https://www.thegolfnation.com/,142 S Van Brunt St,Englewood,New Jersey,NJ,07631,40.8903541,-73.9798702,America/New_York,5.0,Top Rated,0,7,True,True,"https://www.google.com/maps/place/D1+Golf+Academy/@40.890354099999996,-73.9798702,14z/data=!4m8!1m2!2m1!1sD1+Golf+Academy!3m4!1s0x89c2e7a2a165e5d3:0x7324062bad13c11a!8m2!3d40.890354099999996!4d-73.9798702",Golf Lessons | Launch Monitor | Retail / Pro Shop,3,False,Indoor,True,"{""Wednesday"": [""9AM-10PM""]}",False,OPERATIONAL,True,crawled,custom club fitting New Jersey,False,D1 Golf Academy,"{""Accessibility"": {""Wheelchair accessible entrance"": true, ""Wheelchair accessible parking lot"": true}}",
The GOLF Zone Club Fitting,Simulator,Club Fitting,False,(973) 252-1266,https://www.thegolfzonenj.com/,239 US-206,Flanders,New Jersey,NJ,07836,40.8399302,-74.7055362,America/New_York,3.6,Standard,0,166,True,True,"https://www.google.com/maps/place/The+Golf+Zone+Club+Fitting/@40.8399302,-74.7055362,14z/data=!4m8!1m2!2m1!1sThe+Golf+Zone+Club+Fitting!3m4!1s0x89c39c154f22369f:0x151474dd8fe8b854!8m2!3d40.8399302!4d-74.7055362",Club Fitting | Golf Lessons | Golf Simulator | Club Rentals | Retail / Pro Shop,5,True,Indoor,True,"{""Wednesday"": [""8AM-8PM""]}",False,OPERATIONAL,True,crawled,custom club fitting Pennsylvania,False,The Golf Zone Club Fitting,"{""Accessibility"": {""Wheelchair accessible entrance"": true, ""Wheelchair accessible parking lot"": true, ""Wheelchair accessible restroom"": true}}",
J GOLF,Retailer,Club Repair,False,(201) 492-3434,https://sites.google.com/view/jgolfinfo,1550 Lemoine Ave #103,Fort Lee,New Jersey,NJ,07024,40.8476401,-73.97042379999999,America/New_York,4.5,Highly Rated,0,33,True,True,"https://www.google.com/maps/place/J+Golf/@40.8476401,-73.97042379999999,14z/data=!4m8!1m2!2m1!1sJ+Golf!3m4!1s0x89c2f6e8b039e01d:0xcaac019d5ec1f9db!8m2!3d40.8476401!4d-73.97042379999999",Club Repair | Shaft & Grip Sales,2,False,Indoor,True,"{""Wednesday"": [""10AM-7PM""]}",False,OPERATIONAL,True,crawled,independent clubmaker New Jersey,False,J Golf,"{""Accessibility"": {""Wheelchair accessible entrance"": true, ""Wheelchair accessible parking lot"": true}}",
Xfit GOLF Lab,Clubfitter,Golf Instruction,False,(201) 503-5638,https://calendar.app.google/sLw2hQ312eMYoc6G6,1224 Anderson Ave #9,Fort Lee,New Jersey,NJ,07024,40.8400126,-73.9810423,America/New_York,5.0,Top Rated,0,17,True,True,"https://www.google.com/maps/place/Xfit+Golf+Lab/@40.8400126,-73.9810423,14z/data=!4m8!1m2!2m1!1sXfit+Golf+Lab!3m4!1s0x89c2f7177c3824e5:0x1a80a26a0b916149!8m2!3d40.8400126!4d-73.9810423",Golf Lessons,1,True,Indoor,True,"{""Wednesday"": [""9AM-8PM""]}",False,OPERATIONAL,True,recrawled,independent clubmaker New Jersey,False,Xfit Golf Lab,"{""Accessibility"": {""Wheelchair accessible parking lot"": true, ""Wheelchair accessible restroom"": true}}",
Core GOLF Performance Lab,Simulator,Golf Instruction,False,(973) 464-7775,https://coregolfperformance.com/,808 High Mountain Rd,Franklin Lakes,New Jersey,NJ,07417,40.9939963,-74.2129853,America/New_York,4.9,Top Rated,0,33,True,True,"https://www.google.com/maps/place/Core+Golf+Performance+Lab/@40.9939963,-74.2129853,14z/data=!4m8!1m2!2m1!1sCore+Golf+Performance+Lab!3m4!1s0x89c31d3e8bfc7547:0xec0ee8187dfba08c!8m2!3d40.9939963!4d-74.2129853",Golf Lessons | Retail / Pro Shop,2,False,Indoor,True,"{""Wednesday"": [""6AM-7PM""]}",False,OPERATIONAL,True,crawled,independent clubmaker New Jersey,False,Core Golf Performance Lab,"{""Accessibility"": {""Wheelchair accessible entrance"": true, ""Wheelchair accessible parking lot"": true, ""Wheelchair accessible restroom"": true}}",
Maxs GOLF World,Retailer,Golf Retail,False,(856) 571-4754,https://www.instagram.com/maxs_golfworld?igsh=MTllbTF5ODN2OWllYg==,703 N Black Horse Pike,Glendora,New Jersey,NJ,08029,39.8396579,-75.0696462,America/New_York,5.0,Top Rated,0,1,True,True,"https://www.google.com/maps/place/Maxs+Golf+World/@39.8396579,-75.0696462,14z/data=!4m8!1m2!2m1!1sMaxs+Golf+World!3m4!1s0x89c6cff9e2bd8f6f:0xfcd6972bf0a2641a!8m2!3d39.8396579!4d-75.0696462",,0,False,Indoor,True,"{""Wednesday"": [""12-7PM""]}",False,OPERATIONAL,True,crawled,boutique golf shop New Jersey,False,Maxs Golf World,"{""Accessibility"": {""Wheelchair accessible entrance"": true, ""Wheelchair accessible parking lot"": true}}",unknown
Cart Path Only GOLF & Sport Club,Simulator,Golf Simulator,False,(973) 287-8009,https://www.cartpathonlygc.com/,1100 Frank E Rodgers Blvd S,Harrison,New Jersey,NJ,07029,40.7367155,-74.155248,America/New_York,4.7,Top Rated,0,14,True,True,"https://www.google.com/maps/place/Cart+Path+Only+Golf+%26+Sport+Club/@40.736715499999995,-74.155248,14z/data=!4m8!1m2!2m1!1sCart+Path+Only+Golf+%26+Sport+Club!3m4!1s0x89c2536e9763a1c3:0x221c5ce80f3bc877!8m2!3d40.736715499999995!4d-74.155248",Golf Simulator | Retail / Pro Shop,2,False,Indoor,True,"{""Wednesday"": [""2-9PM""]}",False,OPERATIONAL,True,crawled,boutique golf shop New Jersey,False,Cart Path Only Golf & Sport Club,{},
Hudson GOLF,Simulator,Golf Simulator,False,(201) 253-0030,https://hudsongolf.com/,16 Hudson Pl,Hoboken,New Jersey,NJ,07030,40.7360494,-74.02862139999999,America/New_York,4.9,Top Rated,0,129,True,True,"https://www.google.com/maps/place/Hudson+Golf/@40.7360494,-74.02862139999999,14z/data=!4m8!1m2!2m1!1sHudson+Golf!3m4!1s0x89c2591aafa16dc3:0x6fba89a4f63fb534!8m2!3d40.7360494!4d-74.02862139999999",Launch Monitor | Golf Simulator | Retail / Pro Shop | Shaft & Grip Sales,4,False,Indoor,True,"{""Wednesday"": [""6:30AM-10:30PM""]}",False,OPERATIONAL,True,crawled,independent clubmaker New Jersey,False,Hudson Golf,"{""Accessibility"": {""Wheelchair accessible entrance"": true, ""Wheelchair accessible restroom"": true}}",
Nike Hoboken,Retailer,Golf Retail,False,(201) 484-7667,https://www.nike.com/retail/s/nike-well-collective-hoboken?cp=84620811901_seo_&y_source=1_NTExNjE4MzgtNzE1LWxvY2F0aW9uLndlYnNpdGU=,222 Washington St,Hoboken,New Jersey,NJ,07030,40.7396178,-74.0306995,America/New_York,4.2,Well Reviewed,0,16,True,True,"https://www.google.com/maps/place/Nike+Hoboken/@40.7396178,-74.0306995,14z/data=!4m8!1m2!2m1!1sNike+Hoboken!3m4!1s0x89c257e9ea4f893f:0x89094b08d271c3fb!8m2!3d40.7396178!4d-74.0306995",Retail / Pro Shop | Membership Programs,2,False,Indoor,True,"{""Wednesday"": [""10AM-7PM""]}",False,OPERATIONAL,True,crawled,boutique golf shop Colorado,False,Nike Hoboken,"{""Accessibility"": {""Wheelchair accessible entrance"": true}}",enriched
Play! Hoboken,Simulator,Golf Simulator,False,(201) 876-9666,https://www.playhoboken.com/,"1012 Grand Street FL3 FL2, 1012 Grand St",Hoboken,New Jersey,NJ,07030,40.7502593,-74.0331064,America/New_York,3.9,Well Reviewed,0,50,True,True,"https://www.google.com/maps/place/Play%21+Hoboken/@40.750259299999996,-74.0331064,14z/data=!4m8!1m2!2m1!1sPlay%21+Hoboken!3m4!1s0x89c2575c20241a63:0x4dedd0c56a31b80c!8m2!3d40.750259299999996!4d-74.0331064",Golf Simulator | Retail / Pro Shop,2,False,Indoor,True,"{""Wednesday"": [""9AM-12AM""]}",False,OPERATIONAL,True,crawled,boutique golf shop Delaware,False,Play! Hoboken,"{""Accessibility"": {""Wheelchair accessible entrance"": true, ""Wheelchair accessible restroom"": true, ""Wheelchair accessible seating"": true, ""Wheelchair accessible parking lot"": false}, ""Other"": {""LGBTQ+ friendly"": true}}",
Dick's House Of Sport,Clubfitter,Club Fitting,False,(201) 360-6311,https://stores.dickssportinggoods.com/nj/jersey-city/1567/?seo=localpack,50 Mall Dr W,Jersey City,New Jersey,NJ,07310,40.7285332,-74.03777219999999,America/New_York,3.8,Well Reviewed,0,59,True,True,"https://www.google.com/maps/place/DICK%27S+House+of+Sport/@40.7285332,-74.03777219999999,14z/data=!4m8!1m2!2m1!1sDICK%27S+House+of+Sport!3m4!1s0x89c2577150df0617:0xfdfb3bc1dc7cbe85!8m2!3d40.7285332!4d-74.03777219999999",Club Fitting | Club Repair | Golf Lessons | Launch Monitor | Golf Simulator | Retail / Pro Shop | Shaft & Grip Sales,7,True,Indoor,True,"{""Wednesday"": [""9AM-9PM""]}",False,OPERATIONAL,True,crawled,custom club fitting Mississippi,False,DICK'S House of Sport,"{""Accessibility"": {""Wheelchair accessible entrance"": true, ""Wheelchair accessible parking lot"": true}}",
Fitness Factory Health Club,Simulator,Golf Simulator,False,(201) 451-1911,https://www.fitnessfactorygym.com/jersey-city,525 Washington Blvd,Jersey City,New Jersey,NJ,07310,40.726926,-74.035658,America/New_York,4.1,Well Reviewed,0,173,True,True,"https://www.google.com/maps/place/Fitness+Factory+Health+Club/@40.726926,-74.035658,14z/data=!4m8!1m2!2m1!1sFitness+Factory+Health+Club!3m4!1s0x89c250ac6c706931:0x1447163b8ef28fbf!8m2!3d40.726926!4d-74.035658",Golf Simulator | Retail / Pro Shop,2,False,Indoor,True,"{""Wednesday"": [""5AM-10PM""]}",False,OPERATIONAL,True,crawled,custom club fitting New Jersey,False,Fitness Factory Health Club,"{""Accessibility"": {""Wheelchair accessible entrance"": true, ""Wheelchair accessible restroom"": true, ""Wheelchair accessible seating"": true}, ""Other"": {""LGBTQ+ friendly"": true}}",
Powerhouse GOLF Club,Simulator,Golf Simulator,False,,https://powerhousegolfclub.com/,161 2nd St,Jersey City,New Jersey,NJ,07302,40.7220044,-74.03944059999999,America/New_York,5.0,Top Rated,0,19,True,True,"https://www.google.com/maps/place/Powerhouse+Golf+Club/@40.722004399999996,-74.03944059999999,14z/data=!4m8!1m2!2m1!1sPowerhouse+Golf+Club!3m4!1s0x89c2514e91d9df4d:0xe1b33e40d94c471a!8m2!3d40.722004399999996!4d-74.03944059999999",Launch Monitor | Golf Simulator,2,False,Indoor,True,"{""Wednesday"": [""Open 24 hours""]}",False,OPERATIONAL,True,crawled,independent clubmaker New Jersey,False,Powerhouse Golf Club,"{""Accessibility"": {""Wheelchair accessible restroom"": true}}",
Skyway GOLF Course,Instruction,Golf Instruction,False,(201) 763-7520,https://www.skywaygolfcourse.com/,515 Duncan Ave,Jersey City,New Jersey,NJ,07306,40.7332591,-74.091819,America/New_York,4.5,Highly Rated,0,683,True,True,"https://www.google.com/maps/place/Skyway+Golf+Course/@40.7332591,-74.091819,14z/data=!4m8!1m2!2m1!1sSkyway+Golf+Course!3m4!1s0x89c256ccffc4a3b9:0xef0ee9eb69f6c3ba!8m2!3d40.7332591!4d-74.091819",Golf Lessons,1,False,Unknown,True,"{""Wednesday"": [""6AM-9PM""]}",False,OPERATIONAL,True,crawled,boutique golf shop Oklahoma,False,Skyway Golf Course,"{""Accessibility"": {""Wheelchair accessible entrance"": true, ""Wheelchair accessible parking lot"": true}}",
Galloping Hill GOLF Course,Retailer,Golf Retail,False,(908) 241-8700,https://www.gallopinghillgolfcourse.com/,3 Golf Dr,Kenilworth,New Jersey,NJ,07033,40.6844356,-74.2763416,America/New_York,4.4,Highly Rated,0,2272,True,True,"https://www.google.com/maps/place/Galloping+Hill+Golf+Course/@40.6844356,-74.2763416,14z/data=!4m8!1m2!2m1!1sGalloping+Hill+Golf+Course!3m4!1s0x89c3ad8e8436731b:0x9c79503feaa1c8b5!8m2!3d40.6844356!4d-74.2763416",Retail / Pro Shop,1,False,Indoor,True,"{""Wednesday"": [""7AM-6PM""]}",False,OPERATIONAL,True,crawled,custom club fitting Illinois,False,Galloping Hill Golf Course,"{""Accessibility"": {""Wheelchair accessible entrance"": true, ""Wheelchair accessible parking lot"": true}}",
New Jersey State GOLF Association,Simulator,Golf Simulator,False,(908) 241-4653,https://www.njsga.org/,3 Golf Dr Suite 206,Kenilworth,New Jersey,NJ,07033,40.6844259,-74.2763409,America/New_York,5.0,Top Rated,0,1,True,True,"https://www.google.com/maps/place/New+Jersey+State+Golf+Association/@40.6844259,-74.2763409,14z/data=!4m8!1m2!2m1!1sNew+Jersey+State+Golf+Association!3m4!1s0x4065fa5df13d3627:0x390d1fa1f96792aa!8m2!3d40.6844259!4d-74.2763409",Golf Lessons | Golf Simulator,2,False,Indoor,True,"{""Wednesday"": [""8:30AM-5PM""]}",False,OPERATIONAL,True,crawled,boutique golf shop New Jersey,False,New Jersey State Golf Association,"{""Accessibility"": {""Wheelchair accessible entrance"": true, ""Wheelchair accessible parking lot"": true}}",
Morris GOLF Shop,Clubfitter,Club Fitting,False,(973) 775-2242,https://www.morrisgolfshop.com/,96 N Beverwyck Rd Suite 101A,Lake Hiawatha,New Jersey,NJ,07034,40.8823248,-74.38188509999999,America/New_York,4.9,Top Rated,0,5,True,True,"https://www.google.com/maps/place/Morris+Golf+Shop/@40.8823248,-74.38188509999999,14z/data=!4m8!1m2!2m1!1sMorris+Golf+Shop!3m4!1s0x89c307dbfd43876b:0x879275e530206ef6!8m2!3d40.8823248!4d-74.38188509999999",Club Fitting | Club Repair | Custom Club Building | Golf Lessons | Launch Monitor | Retail / Pro Shop | Shaft & Grip Sales,7,True,Indoor,True,"{""Wednesday"": [""9AM-6PM""]}",False,OPERATIONAL,True,crawled,independent clubmaker New Jersey,False,Morris Golf Shop,"{""Accessibility"": {""Wheelchair accessible entrance"": true, ""Wheelchair accessible parking lot"": true}}",
Golfzon Range By Leadbetter,Simulator,Golf Simulator,False,(201) 983-0215,https://www.golfzonrange.com/,260 Bergen Turnpike Unit I,Little Ferry,New Jersey,NJ,07643,40.8558385,-74.0331092,America/New_York,4.8,Top Rated,0,27,True,True,"https://www.google.com/maps/place/GOLFZON+Range+by+Leadbetter/@40.8558385,-74.0331092,14z/data=!4m8!1m2!2m1!1sGOLFZON+Range+by+Leadbetter!3m4!1s0x89c2f91e93ab2d3d:0x1075c28588ec9480!8m2!3d40.8558385!4d-74.0331092",Golf Lessons | Golf Simulator | Retail / Pro Shop,3,False,Indoor,True,"{""Wednesday"": [""9AM-10PM""]}",False,OPERATIONAL,True,crawled,custom club fitting Connecticut,False,GOLFZON Range by Leadbetter,"{""Accessibility"": {""Wheelchair accessible entrance"": true, ""Wheelchair accessible parking lot"": true}}",
Louis Castel Nj,Retailer,Golf Retail,False,(201) 814-1700,https://louiscastelusa.myshopify.com/,260 Bergen Turnpike SITE 2,Little Ferry,New Jersey,NJ,07643,40.8549302,-74.0342983,America/New_York,3.5,Standard,0,32,True,True,"https://www.google.com/maps/place/LOUIS+CASTEL+NJ/@40.8549302,-74.0342983,14z/data=!4m8!1m2!2m1!1sLOUIS+CASTEL+NJ!3m4!1s0x89c2f9d6da5eff2f:0xf59df8abc49e8f9e!8m2!3d40.8549302!4d-74.0342983",Retail / Pro Shop,1,False,Indoor,True,"{""Wednesday"": [""10:30AM-7PM""]}",False,OPERATIONAL,True,crawled,boutique golf shop New Jersey,False,LOUIS CASTEL NJ,{},
The GOLF Center At Athletic Republic Escape,Simulator,Golf Simulator,False,(856) 581-9120,https://www.golfmtl.com/,2036 Briggs Rd #300,Mt Laurel Township,New Jersey,NJ,08054,39.9654035,-74.89740119999999,America/New_York,5.0,Top Rated,0,45,True,True,"https://www.google.com/maps/place/The+Golf+Center+at+Athletic+Republic+Escape/@39.9654035,-74.89740119999999,14z/data=!4m8!1m2!2m1!1sThe+Golf+Center+at+Athletic+Republic+Escape!3m4!1s0x89c14b47ce775855:0xc92e5e22f2eac479!8m2!3d39.9654035!4d-74.89740119999999",Golf Lessons | Launch Monitor | Golf Simulator | Retail / Pro Shop,4,False,Indoor,True,"{""Wednesday"": [""8AM-8PM""]}",False,OPERATIONAL,True,crawled,custom club fitting Montana,False,The Golf Center at Athletic Republic Escape,"{""Accessibility"": {""Wheelchair accessible entrance"": true, ""Wheelchair accessible parking lot"": true, ""Wheelchair accessible restroom"": true}}",
GOLF & More,Clubfitter,Club Fitting,False,(201) 367-9552,https://www.golfnmoreusa.com/,156 Paris Ave,Northvale,New Jersey,NJ,07647,41.0061058,-73.9482432,America/New_York,4.7,Top Rated,0,5,True,True,"https://www.google.com/maps/place/Golf+%26+More/@41.0061058,-73.9482432,14z/data=!4m8!1m2!2m1!1sGolf+%26+More!3m4!1s0x89c2ef9c3149fb89:0xa65e68ada0ade81a!8m2!3d41.0061058!4d-73.9482432",Club Fitting | Club Repair | Golf Lessons | Launch Monitor | Golf Simulator | Retail / Pro Shop | Shaft & Grip Sales,7,True,Indoor,True,"{""Wednesday"": [""10AM-7PM""]}",False,OPERATIONAL,True,crawled,independent clubmaker New Jersey,False,Golf & More,"{""Accessibility"": {""Wheelchair accessible parking lot"": true}}",
Js Screen GOLF,Simulator,Golf Instruction,False,(201) 787-5737,https://www.jsgolfnj.com/,283 Livingston St,Northvale,New Jersey,NJ,07647,41.0167896,-73.94625479999999,America/New_York,4.9,Top Rated,0,2,True,False,"https://www.google.com/maps/place/JS+Screen+Golf+%7C+Indoor+Golf+Lesson+%7C+%EC%8A%A4%ED%81%AC%EB%A6%B0%EA%B3%A8%ED%94%84+%EB%89%B4%EC%A0%80%EC%A7%80+%7C+Trackman+Indoor+Golf/@41.016789599999996,-73.94625479999999,14z/data=!4m8!1m2!2m1!1sJS+Screen+Golf+%7C+Indoor+Golf+Lesson+%7C+%EC%8A%A4%ED%81%AC%EB%A6%B0%EA%B3%A8%ED%94%84+%EB%89%B4%EC%A0%80%EC%A7%80+%7C+Trackman+Indoor+Golf!3m4!1s0x89c2ef479ef7dff1:0x9a1633c25e16de3a!8m2!3d41.016789599999996!4d-73.94625479999999",Golf Lessons | Retail / Pro Shop,2,False,Indoor,True,"{""Wednesday"": [""9AM-9PM""]}",False,OPERATIONAL,True,crawled,independent clubmaker New Jersey,False,JS Screen Golf | Indoor Golf Lesson | 스크린골프 뉴저지 | Trackman Indoor Golf,"{""Accessibility"": {""Wheelchair accessible entrance"": true, ""Wheelchair accessible parking lot"": true, ""Wheelchair accessible restroom"": true}}",
21 GOLF Range Powered By Toptracer,Simulator,Golf Simulator,False,(201) 941-4455,https://www.21golfrange.com/,1 US-46 W,Palisades Park,New Jersey,NJ,07650,40.8453978,-74.0074777,America/New_York,4.5,Highly Rated,0,375,True,True,"https://www.google.com/maps/place/21+Golf+Range+Powered+by+Toptracer/@40.8453978,-74.0074777,14z/data=!4m8!1m2!2m1!1s21+Golf+Range+Powered+by+Toptracer!3m4!1s0x89c2f77325c5d3e9:0x24b481c1fe0c0e93!8m2!3d40.8453978!4d-74.0074777",Launch Monitor | Golf Simulator | Retail / Pro Shop,3,False,Indoor,True,"{""Wednesday"": [""7AM-11PM""]}",False,OPERATIONAL,True,cached,custom club fitting Massachusetts,False,21 Golf Range Powered by Toptracer,"{""Accessibility"": {""Wheelchair accessible entrance"": true, ""Wheelchair accessible parking lot"": true, ""Wheelchair accessible restroom"": true, ""Wheelchair accessible seating"": true}, ""Other"": {""Identifies as women-owned"": true, ""Identifies as Asian-owned"": true}}",
Azuzon GOLF,Simulator,Golf Simulator,False,(201) 941-6625,https://www.21golfrange.com/,1 US-46,Palisades Park,New Jersey,NJ,07650,40.8455349,-74.007369,America/New_York,4.8,Top Rated,0,17,True,True,"https://www.google.com/maps/place/Azuzon+Golf/@40.8455349,-74.007369,14z/data=!4m8!1m2!2m1!1sAzuzon+Golf!3m4!1s0x89c2f7051381afa7:0x4ddc53fa23f518d6!8m2!3d40.8455349!4d-74.007369",Launch Monitor | Golf Simulator | Retail / Pro Shop,3,False,Indoor,True,"{""Wednesday"": [""10AM-8PM""]}",False,OPERATIONAL,True,crawled,independent clubmaker New Jersey,False,Azuzon Golf,"{""Accessibility"": {""Wheelchair accessible entrance"": true, ""Wheelchair accessible parking lot"": true}}",
Grand GOLF PRO Shops INC,Simulator,Golf Simulator,False,(201) 944-4938,https://playgolfnearme.com/grand-golf-pro-shops-inc,425 Grand Ave #4,Palisades Park,New Jersey,NJ,07650,40.853056,-74.0001599,America/New_York,4.0,Well Reviewed,0,26,True,True,"https://www.google.com/maps/place/Grand+Golf+Pro+Shops+Inc/@40.853055999999995,-74.0001599,14z/data=!4m8!1m2!2m1!1sGrand+Golf+Pro+Shops+Inc!3m4!1s0x89c2f7168579fd79:0xb5861cd06e4f6b1a!8m2!3d40.853055999999995!4d-74.0001599",Golf Simulator | Retail / Pro Shop | Shaft & Grip Sales,3,False,Indoor,True,"{""Wednesday"": [""10AM-7:30PM""]}",False,OPERATIONAL,True,crawled,independent clubmaker New Jersey,False,Grand Golf Pro Shops Inc,"{""Accessibility"": {""Wheelchair accessible entrance"": true, ""Wheelchair accessible parking lot"": true}}",
PXG Paramus,Clubfitter,Club Fitting,False,(862) 307-8794,https://www.pxg.com/pages/golf-stores/pxg-paramus,65 Rte 4 Unit 11,Paramus,New Jersey,NJ,07652,40.9199602,-74.0655833,America/New_York,4.6,Highly Rated,0,168,True,True,"https://www.google.com/maps/place/PXG+Paramus/@40.9199602,-74.0655833,14z/data=!4m8!1m2!2m1!1sPXG+Paramus!3m4!1s0x89c2fb41f7a1fbe7:0xb07a0565c5f596da!8m2!3d40.9199602!4d-74.0655833",Club Fitting | Launch Monitor | Golf Simulator | Retail / Pro Shop,4,True,Indoor,True,"{""Wednesday"": [""9AM-5PM""]}",False,OPERATIONAL,True,crawled,independent clubmaker New Jersey,False,PXG Paramus,"{""Accessibility"": {""Wheelchair accessible entrance"": true, ""Wheelchair accessible parking lot"": true}}",
Pennington GOLF Center,Driving Range,Club Fitting,False,(609) 737-2244,https://www.penningtongolfcenter.com/,29 NJ-31,Pennington,New Jersey,NJ,08534,40.3233462,-74.7987386,America/New_York,4.6,Highly Rated,0,73,True,True,"https://www.google.com/maps/place/Pennington+Golf+Center/@40.323346199999996,-74.7987386,14z/data=!4m8!1m2!2m1!1sPennington+Golf+Center!3m4!1s0x89c3fcc35863596f:0xc6f12443ff45a4d8!8m2!3d40.323346199999996!4d-74.7987386",Club Fitting | Club Repair | Launch Monitor | Club Rentals | Retail / Pro Shop | Shaft & Grip Sales,6,True,Outdoor,True,"{""Wednesday"": [""10AM-5PM""]}",False,OPERATIONAL,True,crawled,custom club fitting Hawaii,False,Pennington Golf Center,"{""Accessibility"": {""Wheelchair accessible entrance"": true, ""Wheelchair accessible parking lot"": true}}",
Mt Freedom GOLF,Retailer,Golf Instruction,False,(973) 895-9898,https://www.mtfreedomgolf.com/,1275 Sussex Turnpike,Randolph,New Jersey,NJ,07869,40.828289,-74.5836334,America/New_York,4.0,Well Reviewed,0,56,True,False,"https://www.google.com/maps/place/Mt+Freedom+Golf/@40.828289,-74.5836334,14z/data=!4m8!1m2!2m1!1sMt+Freedom+Golf!3m4!1s0x89c3a1d0f396e297:0x1a09b3a88923214c!8m2!3d40.828289!4d-74.5836334",Golf Lessons | Retail / Pro Shop,2,False,Indoor,True,"{""Wednesday"": [""9:30AM-9PM""]}",False,OPERATIONAL,True,crawled,custom club fitting Pennsylvania,False,Mt Freedom Golf,"{""Accessibility"": {""Wheelchair accessible entrance"": true, ""Wheelchair accessible parking lot"": true}}",
River Vale Country Club,Simulator,Golf Simulator,False,(201) 391-2300,https://www.rivervalecc.com/,660 Rivervale Rd,River Vale,New Jersey,NJ,07675,41.0253448,-74.0086594,America/New_York,4.5,Highly Rated,0,343,True,True,"https://www.google.com/maps/place/River+Vale+Country+Club/@41.0253448,-74.0086594,14z/data=!4m8!1m2!2m1!1sRiver+Vale+Country+Club!3m4!1s0x89c2ef37abe2fd8f:0xaccd6f305cdef9c9!8m2!3d41.0253448!4d-74.0086594",Golf Simulator | Retail / Pro Shop,2,False,Indoor,False,"{""Wednesday"": [""7AM-9PM""]}",False,OPERATIONAL,True,crawled,boutique golf shop Minnesota,False,River Vale Country Club,"{""Accessibility"": {""Wheelchair accessible entrance"": true, ""Wheelchair accessible parking lot"": true}}",
Swingtec,Clubfitter,Club Fitting,False,(855) 465-3674,https://swingtec.golf/,600 Eagle Rock Ave,Roseland,New Jersey,NJ,07068,40.8267804,-74.3288633,America/New_York,5.0,Top Rated,0,6,True,True,"https://www.google.com/maps/place/SwingTec/@40.8267804,-74.3288633,14z/data=!4m8!1m2!2m1!1sSwingTec!3m4!1s0x89c2f1c2f8100001:0xfef1a611cb533e73!8m2!3d40.8267804!4d-74.3288633",Club Fitting | Golf Lessons | Launch Monitor | Golf Simulator | Retail / Pro Shop,5,True,Indoor,True,"{""Wednesday"": [""9AM-6PM""]}",False,OPERATIONAL,True,crawled,custom club fitting New Jersey,False,SwingTec,"{""Accessibility"": {""Wheelchair accessible parking lot"": true}}",
West End GOLF Club,Simulator,Golf Simulator,False,(201) 499-1600,https://westendgolfclub.com/,118 Jackson Ave,Rutherford,New Jersey,NJ,07070,40.8376491,-74.1170252,America/New_York,4.9,Top Rated,0,22,True,True,"https://www.google.com/maps/place/West+End+Golf+Club/@40.8376491,-74.1170252,14z/data=!4m8!1m2!2m1!1sWest+End+Golf+Club!3m4!1s0x89c2f9e75a30e9c3:0x9ea7f07a7dcd288f!8m2!3d40.8376491!4d-74.1170252",Golf Simulator,1,False,Indoor,True,"{""Wednesday"": [""6AM-10PM""]}",False,OPERATIONAL,True,crawled,boutique golf shop Florida,False,West End Golf Club,"{""Accessibility"": {""Wheelchair accessible entrance"": true, ""Wheelchair accessible parking lot"": true, ""Wheelchair accessible restroom"": true}}",
Ash Brook GOLF Course,Retailer,Golf Instruction,False,(908) 490-8620,https://www.ashbrookgolfcourse.com/,1210 Raritan Rd,Scotch Plains,New Jersey,NJ,07076,40.6111768,-74.3732222,America/New_York,4.0,Well Reviewed,0,283,True,True,"https://www.google.com/maps/place/Ash+Brook+Golf+Course/@40.611176799999996,-74.3732222,14z/data=!4m8!1m2!2m1!1sAsh+Brook+Golf+Course!3m4!1s0x89c3b732bd138189:0xc2b191a397efab58!8m2!3d40.611176799999996!4d-74.3732222",Golf Lessons | Retail / Pro Shop,2,False,Indoor,True,"{""Wednesday"": [""7AM-8PM""]}",False,OPERATIONAL,True,crawled,boutique golf shop West Virginia,False,Ash Brook Golf Course,"{""Accessibility"": {""Wheelchair accessible entrance"": true, ""Wheelchair accessible parking lot"": true}}",
Jason Blonder - GOLF Lessons Nj,Retailer,Golf Instruction,False,(516) 982-2171,https://www.swingplane.biz/,207 Oakland Ave,South Plainfield,New Jersey,NJ,07080,40.5836112,-74.4074706,America/New_York,4.9,Top Rated,0,40,True,True,"https://www.google.com/maps/place/Jason+Blonder+-+Golf+Lessons+NJ/@40.5836112,-74.4074706,14z/data=!4m8!1m2!2m1!1sJason+Blonder+-+Golf+Lessons+NJ!3m4!1s0x89c3b72b613f7a41:0x4f863d52d5a96824!8m2!3d40.5836112!4d-74.4074706",Golf Lessons | Launch Monitor | Retail / Pro Shop,3,False,Indoor,True,"{""Wednesday"": [""8AM-8PM""]}",False,OPERATIONAL,True,crawled,custom club fitting Pennsylvania,False,Jason Blonder - Golf Lessons NJ,"{""Accessibility"": {""Wheelchair accessible entrance"": true, ""Wheelchair accessible parking lot"": true, ""Wheelchair accessible restroom"": true}}",
Spring Lake Custom GOLF,Clubfitter,Club Fitting,False,(732) 449-1116,https://www.springlakecustomgolf.com/,1223 3rd Ave,Spring Lake,New Jersey,NJ,07762,40.1533103,-74.0282909,America/New_York,5.0,Top Rated,0,3,True,True,"https://www.google.com/maps/place/Spring+Lake+Custom+Golf/@40.1533103,-74.0282909,14z/data=!4m8!1m2!2m1!1sSpring+Lake+Custom+Golf!3m4!1s0x89c188084b0f8441:0x9707524f1ce23e92!8m2!3d40.1533103!4d-74.0282909",Club Fitting | Club Repair | Custom Club Building | Retail / Pro Shop | Shaft & Grip Sales,5,True,Indoor,True,"{""Wednesday"": [""10AM-5PM""]}",False,OPERATIONAL,True,crawled,custom club fitting New Jersey,False,Spring Lake Custom Golf,"{""Accessibility"": {""Wheelchair accessible entrance"": true, ""Wheelchair accessible parking lot"": true}}",
Tee 2 Green Indoor GOLF Center,Simulator,Golf Simulator,False,(732) 876-4609,https://tee2green.com/,185 NJ-36 Building D,West Long Branch,New Jersey,NJ,07764,40.2989794,-74.02862669999999,America/New_York,4.9,Top Rated,0,47,True,True,"https://www.google.com/maps/place/Tee+2+Green+Indoor+Golf+Center/@40.2989794,-74.02862669999999,14z/data=!4m8!1m2!2m1!1sTee+2+Green+Indoor+Golf+Center!3m4!1s0x89c225737a95f205:0x6cf4c89c1fcefa02!8m2!3d40.2989794!4d-74.02862669999999",Launch Monitor | Golf Simulator | Retail / Pro Shop | Shaft & Grip Sales,4,False,Indoor,True,"{""Wednesday"": [""11AM-10PM""]}",False,OPERATIONAL,True,crawled,custom club fitting Pennsylvania,False,Tee 2 Green Indoor Golf Center,"{""Accessibility"": {""Wheelchair accessible entrance"": true, ""Wheelchair accessible parking lot"": true, ""Wheelchair accessible restroom"": true}}",
GOLF Ready Academy,Instruction,Golf Instruction,False,(201) 497-3239,https://golfreadyacademy.com/,41 Bergenline Ave,Westwood,New Jersey,NJ,07675,40.9825885,-74.01472629999999,America/New_York,5.0,Top Rated,0,16,True,True,"https://www.google.com/maps/place/Golf+Ready+Academy/@40.9825885,-74.01472629999999,14z/data=!4m8!1m2!2m1!1sGolf+Ready+Academy!3m4!1s0x89c2ef1e504c635b:0xdbd1f7dee15c47ec!8m2!3d40.9825885!4d-74.01472629999999",Golf Lessons,1,False,Unknown,True,"{""Wednesday"": [""8AM-9PM""]}",False,OPERATIONAL,True,crawled,independent clubmaker New Jersey,False,Golf Ready Academy,"{""Accessibility"": {""Wheelchair accessible entrance"": true, ""Wheelchair accessible parking lot"": true, ""Wheelchair accessible restroom"": true}}",
Dirty's GOLF Shop,Retailer,Golf Retail,False,(505) 469-6006,https://dirtysgolfshop.com/,1439 San Mateo Blvd NE,Albuquerque,New Mexico,NM,87110,35.0926992,-106.5865339,America/Denver,4.9,Top Rated,0,5,True,True,"https://www.google.com/maps/place/Dirty%27s+Golf+Shop/@35.0926992,-106.58653389999999,14z/data=!4m8!1m2!2m1!1sDirty%27s+Golf+Shop!3m4!1s0x87220ba1a51f6047:0xcc9281ea83ebfad!8m2!3d35.0926992!4d-106.58653389999999",Retail / Pro Shop,1,False,Indoor,True,"{""Wednesday"": [""11AM-4PM""]}",False,OPERATIONAL,True,crawled,boutique golf shop New Mexico,False,Dirty's Golf Shop,"{""Accessibility"": {""Wheelchair accessible entrance"": true, ""Wheelchair accessible parking lot"": true}}",
Masek GOLF Cars Of New Mexico,Retailer,Golf Retail,False,(505) 452-2222,https://www.newmexicogolfcars.com/,5225 Pino Ave NE,Albuquerque,New Mexico,NM,87109,35.168982,-106.5840659,America/Denver,4.5,Highly Rated,0,17,True,True,"https://www.google.com/maps/place/Masek+Golf+Cars+of+New+Mexico/@35.168982,-106.5840659,14z/data=!4m8!1m2!2m1!1sMasek+Golf+Cars+of+New+Mexico!3m4!1s0x87220ee3d60b0ea9:0x1d30181c30c632ad!8m2!3d35.168982!4d-106.5840659",Retail / Pro Shop,1,False,Indoor,True,"{""Wednesday"": [""8AM-5PM""]}",False,OPERATIONAL,True,crawled,boutique golf shop New Mexico,False,Masek Golf Cars of New Mexico,"{""Accessibility"": {""Wheelchair accessible entrance"": true, ""Wheelchair accessible parking lot"": true}}",
Pars & Rec GOLF And Social Shop,Simulator,Golf Simulator,False,(505) 808-3714,https://parsandrec.com/,8212 Menaul Blvd NE,Albuquerque,New Mexico,NM,87110,35.1087701,-106.5526086,America/Denver,4.3,Highly Rated,0,41,True,True,"https://www.google.com/maps/place/Pars+%26+Rec+Golf+and+Social+Shop/@35.1087701,-106.5526086,14z/data=!4m8!1m2!2m1!1sPars+%26+Rec+Golf+and+Social+Shop!3m4!1s0x87220ab400105959:0xfb28abb62c17ca3c!8m2!3d35.1087701!4d-106.5526086",Club Repair | Launch Monitor | Golf Simulator,3,False,Indoor,True,"{""Wednesday"": [""10AM-9PM""]}",False,OPERATIONAL,True,crawled,independent clubmaker New Mexico,False,Pars & Rec Golf and Social Shop,"{""Accessibility"": {""Wheelchair accessible entrance"": true, ""Wheelchair accessible parking lot"": true, ""Wheelchair accessible restroom"": true, ""Wheelchair accessible seating"": true}, ""Other"": {""LGBTQ+ friendly"": true, ""Identifies as veteran-owned"": true}}",
"The Golfmeister, INC",Clubfitter,Club Fitting,False,(505) 280-2420,https://thegolfmeister.com/,"8414 A, Jefferson St NE",Albuquerque,New Mexico,NM,87113,35.1798499,-106.5914086,America/Denver,4.8,Top Rated,0,53,True,True,"https://www.google.com/maps/place/The+Golfmeister%2C+Inc/@35.1798499,-106.5914086,14z/data=!4m8!1m2!2m1!1sThe+Golfmeister%2C+Inc!3m4!1s0x87220c8866fb914b:0xf4b61121eab36340!8m2!3d35.1798499!4d-106.5914086",Club Fitting | Custom Club Building | Retail / Pro Shop | Shaft & Grip Sales,4,True,Indoor,True,"{""Wednesday"": [""Open 24 hours""]}",False,OPERATIONAL,True,crawled,independent clubmaker New Mexico,False,"The Golfmeister, Inc","{""Accessibility"": {""Wheelchair accessible entrance"": true, ""Wheelchair accessible parking lot"": true}}",
University Of New Mexico,Driving Range,Driving Range,False,(505) 277-4546,https://unmgolf.unm.edu/,3601 University Blvd SE,Albuquerque,New Mexico,NM,87106,35.0316,-106.6310073,America/Denver,4.4,Highly Rated,0,148,True,True,"https://www.google.com/maps/place/University+of+New+Mexico/@35.0316,-106.6310073,14z/data=!4m8!1m2!2m1!1sUniversity+of+New+Mexico!3m4!1s0x87220c0b12ff99b1:0x7ae51cf80ce553a4!8m2!3d35.0316!4d-106.6310073",Golf Lessons,1,False,Outdoor,True,"{""Wednesday"": [""8AM-5PM""]}",False,OPERATIONAL,True,crawled,boutique golf shop New Mexico,False,University of New Mexico,"{""Accessibility"": {""Wheelchair accessible entrance"": true, ""Wheelchair accessible parking lot"": true}}",enriched
GOLF Society,Simulator,Club Fitting,False,(575) 266-4140,https://www.golfsocietynm.com/,1609 W Pierce St Suite C,Carlsbad,New Mexico,NM,88220,32.4353363,-104.2478671,America/Denver,4.8,Top Rated,0,10,True,True,"https://www.google.com/maps/place/Golf+Society/@32.435336299999996,-104.2478671,14z/data=!4m8!1m2!2m1!1sGolf+Society!3m4!1s0x86e379e351d3dc3d:0xe3073c1e0100fc28!8m2!3d32.435336299999996!4d-104.2478671",Club Fitting | Club Repair | Golf Lessons | Golf Simulator | Retail / Pro Shop | Shaft & Grip Sales,6,True,Indoor,True,"{""Wednesday"": [""1-10PM""]}",False,OPERATIONAL,True,crawled,independent clubmaker New Mexico,False,Golf Society,"{""Accessibility"": {""Wheelchair accessible entrance"": true, ""Wheelchair accessible parking lot"": true, ""Wheelchair accessible restroom"": true}}",
D'angelo GOLF Instruction,Retailer,Golf Instruction,False,(805) 252-6559,https://www.dangelogolf.com/,3170 S Carson St Suite 7,Carson City,Nevada,NV,89701,39.1388798,-119.7699731,America/Los_Angeles,0.0,Unrated,0,6,True,True,"https://www.google.com/maps/place/D%27Angelo+Golf+Instruction/@39.1388798,-119.7699731,14z/data=!4m8!1m2!2m1!1sD%27Angelo+Golf+Instruction!3m4!1s0x8099a14e12a7f553:0x3dc11b879d8a540e!8m2!3d39.1388798!4d-119.7699731",Golf Lessons | Retail / Pro Shop,2,False,Indoor,True,"{""Wednesday"": [""11AM-5PM""]}",False,OPERATIONAL,True,crawled,custom club fitting Nevada,False,D'Angelo Golf Instruction,"{""Accessibility"": {""Wheelchair accessible entrance"": true, ""Wheelchair accessible parking lot"": true}}",
"Swing 395, LLC",Retailer,Golf Retail,False,(775) 901-7603,https://www.swing395.com/,1352 N Hwy 395 Suite 107,Gardnerville,Nevada,NV,89410,38.9365729,-119.7412061,America/Los_Angeles,4.8,Top Rated,0,15,True,True,"https://www.google.com/maps/place/Swing+395%2C+LLC/@38.9365729,-119.7412061,14z/data=!4m8!1m2!2m1!1sSwing+395%2C+LLC!3m4!1s0x8099bfb69dcfc52f:0xbc763b49c0d7e792!8m2!3d38.9365729!4d-119.7412061",Retail / Pro Shop,1,False,Indoor,True,"{""Wednesday"": [""10AM-9PM""]}",False,OPERATIONAL,True,crawled,custom club fitting Nevada,False,"Swing 395, LLC","{""Accessibility"": {""Wheelchair accessible entrance"": true, ""Wheelchair accessible parking lot"": true, ""Wheelchair accessible restroom"": true}, ""Other"": {""LGBTQ+ friendly"": true}}",
Empower GOLF Performance,Clubfitter,Club Fitting,False,(702) 493-6473,https://www.golfempower.com/,1483 W Horizon Ridge Pkwy #170,Henderson,Nevada,NV,89012,36.0196495,-115.0504714,America/Los_Angeles,4.9,Top Rated,0,19,True,True,"https://www.google.com/maps/place/Empower+Golf+Performance/@36.0196495,-115.05047139999999,14z/data=!4m8!1m2!2m1!1sEmpower+Golf+Performance!3m4!1s0x80c8d17c5bb37add:0x11bc2a5f832f5de3!8m2!3d36.0196495!4d-115.05047139999999",Club Fitting | Golf Lessons | Retail / Pro Shop,3,True,Indoor,True,"{""Wednesday"": [""9AM-7PM""]}",False,OPERATIONAL,True,crawled,custom club fitting Nevada,False,Empower Golf Performance,"{""Accessibility"": {""Wheelchair accessible entrance"": true, ""Wheelchair accessible parking lot"": true, ""Wheelchair accessible restroom"": true}}",
Flyaway Sim GOLF,Simulator,Golf Simulator,False,(702) 378-4703,https://www.flyawaysimgolf.com/,1371 Raiders Way suite 150,Henderson,Nevada,NV,89052,35.97801159999999,-115.145483,America/Los_Angeles,4.9,Top Rated,0,33,True,True,"https://www.google.com/maps/place/Flyaway+Sim+Golf/@35.978011599999995,-115.145483,14z/data=!4m8!1m2!2m1!1sFlyaway+Sim+Golf!3m4!1s0x80c8cd2a8569956b:0xac2246368d5ca7d2!8m2!3d35.978011599999995!4d-115.145483",Launch Monitor | Golf Simulator | Retail / Pro Shop,3,False,Indoor,True,"{""Wednesday"": [""8AM-8PM""]}",False,OPERATIONAL,True,crawled,custom club fitting Nevada,False,Flyaway Sim Golf,"{""Accessibility"": {""Wheelchair accessible entrance"": true, ""Wheelchair accessible parking lot"": true, ""Wheelchair accessible restroom"": true}}",
High Performance GOLF Institute,Driving Range,Club Fitting,False,(702) 568-1963,https://highperformancegolf.com/,101 Via Vin Santo,Henderson,Nevada,NV,89011,36.0872613,-114.9307734,America/Los_Angeles,4.0,Well Reviewed,0,3,True,False,"https://www.google.com/maps/place/High+Performance+Golf+Institute/@36.0872613,-114.93077339999999,14z/data=!4m8!1m2!2m1!1sHigh+Performance+Golf+Institute!3m4!1s0x80c8d7b852f07a0d:0xa9442499280cecd7!8m2!3d36.0872613!4d-114.93077339999999",Club Fitting | Custom Club Building | Golf Lessons | Launch Monitor | Retail / Pro Shop | Shaft & Grip Sales,6,True,Outdoor,True,"{""Wednesday"": [""8AM-5PM""]}",False,OPERATIONAL,True,crawled,custom club fitting Nevada,False,High Performance Golf Institute,"{""Accessibility"": {""Wheelchair accessible entrance"": true, ""Wheelchair accessible parking lot"": true}}",
Aloha GOLF Center Vegas,Retailer,Golf Retail,False,(702) 769-8803,https://www.alohagolfcenter.net/,9440 W Sahara Ave #120,Las Vegas,Nevada,NV,89117,36.1455078,-115.3003558,America/Los_Angeles,4.4,Highly Rated,0,8,True,True,"https://www.google.com/maps/place/Aloha+Golf+Center+Vegas/@36.1455078,-115.30035579999999,14z/data=!4m8!1m2!2m1!1sAloha+Golf+Center+Vegas!3m4!1s0x80c8bf71e360e581:0xb18603740f569c83!8m2!3d36.1455078!4d-115.30035579999999",Retail / Pro Shop,1,False,Indoor,True,"{""Wednesday"": [""11AM-4PM""]}",False,OPERATIONAL,True,crawled,custom club fitting Nevada,False,Aloha Golf Center Vegas,"{""Accessibility"": {""Wheelchair accessible entrance"": true, ""Wheelchair accessible parking lot"": true}}",enriched
Gretsch GOLF Academy,Simulator,Club Fitting,False,(725) 204-8112,https://gretschgolf.com/,8580 Dean Martin Dr,Las Vegas,Nevada,NV,89139,36.0340101,-115.1824798,America/Los_Angeles,4.6,Highly Rated,0,38,True,True,"https://www.google.com/maps/place/Gretsch+Golf+Academy/@36.034010099999996,-115.1824798,14z/data=!4m8!1m2!2m1!1sGretsch+Golf+Academy!3m4!1s0x80c8cf920a223e49:0xc494e29328f50202!8m2!3d36.034010099999996!4d-115.1824798",Club Fitting | Golf Lessons | Launch Monitor | Golf Simulator,4,True,Indoor,True,"{""Wednesday"": [""8AM-9PM""]}",False,OPERATIONAL,True,crawled,custom club fitting Nevada,False,Gretsch Golf Academy,"{""Accessibility"": {""Wheelchair accessible entrance"": true, ""Wheelchair accessible parking lot"": true, ""Wheelchair accessible restroom"": true, ""Wheelchair accessible seating"": true}, ""Other"": {""LGBTQ+ friendly"": true, ""Identifies as women-owned"": true}}",
Las Vegas GOLF Superstore,Clubfitter,Club Fitting,False,(702) 892-9999,https://stores.worldwidegolfshops.com/nv/lasvegas/las-vegas-golf-superstore-lvg.html,4711 Dean Martin Dr,Las Vegas,Nevada,NV,89103,36.10409,-115.18169,America/Los_Angeles,4.4,Highly Rated,0,116,True,True,"https://www.google.com/maps/place/Las+Vegas+Golf+Superstore/@36.10409,-115.18168999999999,14z/data=!4m8!1m2!2m1!1sLas+Vegas+Golf+Superstore!3m4!1s0x80c8c5bc43476823:0x73340ec0fc98d8bd!8m2!3d36.10409!4d-115.18168999999999",Club Fitting | Club Repair | Custom Club Building | Launch Monitor | Golf Simulator | Retail / Pro Shop | Shaft & Grip Sales,7,True,Indoor,True,"{""Wednesday"": [""9AM-7PM""]}",False,OPERATIONAL,True,crawled,custom club fitting Nevada,False,Las Vegas Golf Superstore,"{""Accessibility"": {""Wheelchair accessible entrance"": true, ""Wheelchair accessible parking lot"": true}}",
Rhoderunner GOLF Coaching Center,Clubfitter,Club Fitting,False,(702) 327-8268,https://www.rhoderunnergolf.com/,3000 Joe W Brown Dr,Las Vegas,Nevada,NV,89109,36.1346452,-115.1476007,America/Los_Angeles,5.0,Top Rated,0,16,True,True,"https://www.google.com/maps/place/Rhoderunner+Golf+Coaching+Center/@36.1346452,-115.1476007,14z/data=!4m8!1m2!2m1!1sRhoderunner+Golf+Coaching+Center!3m4!1s0x80c8c7ec27bbe19b:0x8e1516d3a4a7342e!8m2!3d36.1346452!4d-115.1476007",Club Fitting | Golf Lessons | Retail / Pro Shop,3,True,Indoor,True,"{""Wednesday"": [""9AM-6PM""]}",False,OPERATIONAL,True,crawled,custom club fitting Nevada,False,Rhoderunner Golf Coaching Center,"{""Accessibility"": {""Wheelchair accessible entrance"": true, ""Wheelchair accessible parking lot"": true, ""Wheelchair accessible restroom"": true}}",
Robogolf PRO,Driving Range,Club Fitting,False,(702) 715-9651,https://www.robogolfprolasvegas.com/,8790 S Maryland Pkwy #125,Las Vegas,Nevada,NV,89123,36.0302513,-115.1354732,America/Los_Angeles,5.0,Top Rated,0,62,True,True,"https://www.google.com/maps/place/RoboGolf+Pro/@36.030251299999996,-115.13547319999999,14z/data=!4m8!1m2!2m1!1sRoboGolf+Pro!3m4!1s0x80c8cf2a10eef077:0x9d51ac9d618d9816!8m2!3d36.030251299999996!4d-115.13547319999999",Club Fitting | Golf Lessons | Golf Simulator | Launch Monitor | Shaft & Grip Sales | Retail / Pro Shop,6,True,Indoor,True,"{""Wednesday"": [""9AM-7PM""]}",False,OPERATIONAL,True,crawled,custom club fitting Nevada,False,RoboGolf Pro,"{""Accessibility"": {""Wheelchair accessible entrance"": true, ""Wheelchair accessible parking lot"": true, ""Wheelchair accessible restroom"": true}}",
Swingpoint GOLF,Retailer,Golf Instruction,False,(585) 202-7276,https://swingpoint.golf/,3016 W Post Rd,Las Vegas,Nevada,NV,89118,36.075184,-115.1820927,America/Los_Angeles,4.5,Highly Rated,0,2,True,True,"https://www.google.com/maps/place/SwingPoint+Golf/@36.075184,-115.1820927,14z/data=!4m8!1m2!2m1!1sSwingPoint+Golf!3m4!1s0x80c8c500a3426c37:0xf45818b42fb6935f!8m2!3d36.075184!4d-115.1820927",Golf Lessons | Retail / Pro Shop | Shaft & Grip Sales,3,False,Indoor,True,"{""Wednesday"": [""9AM-5PM""]}",False,OPERATIONAL,True,crawled,custom club fitting Nevada,False,SwingPoint Golf,"{""Accessibility"": {""Wheelchair accessible entrance"": true, ""Wheelchair accessible parking lot"": true}}",
Quick Grips L.l.c.,Retailer,Golf Retail,False,(949) 301-5835,https://quickgrips.net/,464 Verbena Ln,Mesquite,Nevada,NV,89027,36.832385,-114.078559,America/Los_Angeles,5.0,Top Rated,0,12,True,True,"https://www.google.com/maps/place/Quick+Grips+L.L.C./@36.832384999999995,-114.078559,14z/data=!4m8!1m2!2m1!1sQuick+Grips+L.L.C.!3m4!1s0x80ca2b893cb0b3c7:0x35e17a92f9a2f843!8m2!3d36.832384999999995!4d-114.078559",Shaft & Grip Sales | Retail / Pro Shop,2,False,Indoor,True,"{""Wednesday"": [""Open 24 hours""]}",False,OPERATIONAL,True,crawled,boutique golf shop Nevada,False,Quick Grips L.L.C.,"{""Accessibility"": {""Wheelchair accessible entrance"": true, ""Wheelchair accessible parking lot"": true, ""Wheelchair accessible restroom"": false, ""Wheelchair accessible seating"": false}, ""Other"": {""LGBTQ+ friendly"": true}}",
GOLF Nv,Driving Range,Club Fitting,False,(775) 800-1600,https://www.golfnvreno.com/?y_source=1_NjQyMTg0MzEtNzE1LWxvY2F0aW9uLndlYnNpdGU=,1445 S Meadows Pkwy Suite 206,Reno,Nevada,NV,89521,39.4453292,-119.7458881,America/Los_Angeles,4.9,Top Rated,0,17,True,True,"https://www.google.com/maps/place/Golf+NV/@39.445329199999996,-119.74588809999999,14z/data=!4m8!1m2!2m1!1sGolf+NV!3m4!1s0x809915d96a02eb33:0x847e1f4b5f56ceb7!8m2!3d39.445329199999996!4d-119.74588809999999",Club Fitting | Club Repair | Golf Lessons | Golf Simulator | Retail / Pro Shop | Shaft & Grip Sales,6,True,Indoor,True,"{""Wednesday"": [""9AM-7PM""]}",False,OPERATIONAL,True,crawled,custom club fitting Nevada,False,Golf NV,"{""Accessibility"": {""Wheelchair accessible entrance"": true, ""Wheelchair accessible parking lot"": true}}",
PGA Tour,Retailer,Golf Retail,False,(775) 329-5521,https://www.pgatour.com/,2001 E Plumb Ln,Reno,Nevada,NV,89502,39.5059864,-119.7754594,America/Los_Angeles,3.8,Well Reviewed,0,2,True,False,"https://www.google.com/maps/place/PGA+TOUR/@39.5059864,-119.77545939999999,14z/data=!4m8!1m2!2m1!1sPGA+TOUR!3m4!1s0x80993f70adbc4917:0x7e8417485dc1607d!8m2!3d39.5059864!4d-119.77545939999999",Retail / Pro Shop,1,False,Indoor,True,"{""Wednesday"": [""5AM-7PM""]}",False,OPERATIONAL,True,crawled,custom club fitting Nevada,False,PGA TOUR,"{""Accessibility"": {""Wheelchair accessible entrance"": true, ""Wheelchair accessible parking lot"": true}}",
Reno Tahoe GOLF Academy,Retailer,Golf Instruction,False,(775) 453-6779,https://www.renotahoegolfacademy.com/,2500 E 2nd St,Reno,Nevada,NV,89595,39.5235693,-119.7778211,America/Los_Angeles,4.9,Top Rated,0,14,True,True,"https://www.google.com/maps/place/Reno+Tahoe+Golf+Academy/@39.5235693,-119.7778211,14z/data=!4m8!1m2!2m1!1sReno+Tahoe+Golf+Academy!3m4!1s0x8099154008f7b87f:0x4e4e7b0c46885d8!8m2!3d39.5235693!4d-119.7778211",Golf Lessons | Retail / Pro Shop,2,False,Indoor,True,"{""Wednesday"": [""10AM-8PM""]}",False,OPERATIONAL,True,crawled,custom club fitting Nevada,False,Reno Tahoe Golf Academy,"{""Accessibility"": {""Wheelchair accessible entrance"": true, ""Wheelchair accessible parking lot"": true, ""Wheelchair accessible restroom"": true}}",
Trevino GOLF Institute,Instruction,Golf Instruction,False,(775) 393-9049,https://www.trevinogolfinstitute.com/,5390 Riggins Ct Suite D,Reno,Nevada,NV,89502,39.4745212,-119.7754506,America/Los_Angeles,4.8,Top Rated,0,32,True,True,"https://www.google.com/maps/place/Trevino+Golf+Institute/@39.4745212,-119.7754506,14z/data=!4m8!1m2!2m1!1sTrevino+Golf+Institute!3m4!1s0x80993fee4165c355:0x23d1177a8c5a57a8!8m2!3d39.4745212!4d-119.7754506",Golf Lessons,1,False,Unknown,True,"{""Wednesday"": [""10AM-6PM""]}",False,OPERATIONAL,True,crawled,custom club fitting Nevada,False,Trevino Golf Institute,"{""Accessibility"": {""Wheelchair accessible entrance"": true, ""Wheelchair accessible parking lot"": true, ""Wheelchair accessible restroom"": true}}",
Total Fit GOLF,Clubfitter,Club Fitting,False,(917) 444-3451,https://totalfitgolf.com/,10 Cain Dr,Brentwood,New York,NY,11717,40.8067014,-73.2427388,America/New_York,0.0,Unrated,0,1,True,True,"https://www.google.com/maps/place/Total+Fit+Golf/@40.8067014,-73.2427388,14z/data=!4m8!1m2!2m1!1sTotal+Fit+Golf!3m4!1s0x89e831277296d18f:0x207acf15706e15bb!8m2!3d40.8067014!4d-73.2427388",Club Fitting | Club Repair | Custom Club Building,3,True,Indoor,True,,False,OPERATIONAL,True,crawled,boutique golf shop Washington,False,Total Fit Golf,"{""Accessibility"": {""Wheelchair accessible entrance"": true, ""Wheelchair accessible parking lot"": true}}",
Sleepy Hollow GOLF Shop,Retailer,Golf Retail,False,(914) 941-3062,https://www.sleepyhollowcc.org/,777 Albany Post Rd,Briarcliff Manor,New York,NY,10510,41.1252349,-73.8577645,America/New_York,0.0,Unrated,0,1,True,False,"https://www.google.com/maps/place/Sleepy+Hollow+Golf+Shop/@41.125234899999995,-73.8577645,14z/data=!4m8!1m2!2m1!1sSleepy+Hollow+Golf+Shop!3m4!1s0x89c2c0619adc0163:0x797487873a9e257c!8m2!3d41.125234899999995!4d-73.8577645",,0,False,Indoor,True,"{""Wednesday"": [""7AM-7PM""]}",False,OPERATIONAL,True,crawled,custom club fitting Michigan,False,Sleepy Hollow Golf Shop,"{""Accessibility"": {""Wheelchair accessible entrance"": true, ""Wheelchair accessible parking lot"": true}}",failed
Turtle Cove GOLF Center,Simulator,Golf Simulator,False,(718) 885-1129,https://turtlecovegolfcenter.com/,1 City Island Rd,Bronx,New York,NY,10464,40.8642048,-73.8077192,America/New_York,4.2,Well Reviewed,0,269,True,True,"https://www.google.com/maps/place/Turtle+Cove+Golf+Center/@40.864204799999996,-73.8077192,14z/data=!4m8!1m2!2m1!1sTurtle+Cove+Golf+Center!3m4!1s0x89c28c9212f9cf9d:0x480f84d384be9812!8m2!3d40.864204799999996!4d-73.8077192",Golf Lessons | Golf Simulator | Retail / Pro Shop,3,False,Indoor,True,"{""Wednesday"": [""9AM-4PM""]}",False,OPERATIONAL,True,crawled,custom club fitting Massachusetts,False,Turtle Cove Golf Center,"{""Accessibility"": {""Wheelchair accessible entrance"": true, ""Wheelchair accessible parking lot"": true, ""Wheelchair accessible restroom"": true, ""Wheelchair accessible seating"": true}, ""Other"": {""LGBTQ+ friendly"": true}}",
Aviator GOLF Center,Retailer,Golf Instruction,False,(718) 253-6816,https://aviatorsports.com/golf,"7015, 3200 Flatbush Ave",Brooklyn,New York,NY,11234,40.590134,-73.90142399999999,America/New_York,3.3,Standard,0,115,True,True,"https://www.google.com/maps/place/Aviator+Golf+Center/@40.590134,-73.90142399999999,14z/data=!4m8!1m2!2m1!1sAviator+Golf+Center!3m4!1s0x89c24308ad56a5f3:0x6c8b7de6367030e2!8m2!3d40.590134!4d-73.90142399999999",Golf Lessons | Retail / Pro Shop,2,False,Indoor,True,"{""Wednesday"": [""8AM-6PM""]}",False,OPERATIONAL,True,crawled,boutique golf shop Iowa,False,Aviator Golf Center,"{""Accessibility"": {""Wheelchair accessible parking lot"": true}}",
GOLF V.2 - Junior Academy,Retailer,Golf Retail,False,(347) 294-0810,https://www.golfv2.com/,130 Clinton St,Brooklyn,New York,NY,11201,40.6925522,-73.9934896,America/New_York,4.4,Highly Rated,0,9,True,True,"https://www.google.com/maps/place/Golf+v.2+-+Junior+Academy/@40.6925522,-73.9934896,14z/data=!4m8!1m2!2m1!1sGolf+v.2+-+Junior+Academy!3m4!1s0x89c25b00d91aff6d:0x31646c3b873d75ff!8m2!3d40.6925522!4d-73.9934896",Retail / Pro Shop,1,False,Indoor,True,"{""Wednesday"": [""3-6:30PM""]}",False,OPERATIONAL,True,crawled,custom club fitting Delaware,False,Golf v.2 - Junior Academy,"{""Accessibility"": {""Wheelchair accessible entrance"": true, ""Wheelchair accessible restroom"": true}}",
Gumtree GOLF & Nature Club,Retailer,Golf Instruction,False,(917) 782-9397,https://www.gumtreegolfandnature.com/,55 Nassau Ave #2D,Brooklyn,New York,NY,11222,40.7234785,-73.9524437,America/New_York,5.0,Top Rated,0,25,True,True,"https://www.google.com/maps/place/Gumtree+Golf+%26+Nature+Club/@40.7234785,-73.9524437,14z/data=!4m8!1m2!2m1!1sGumtree+Golf+%26+Nature+Club!3m4!1s0x89c25953eedf56f3:0x5f80e40a375cc7ce!8m2!3d40.7234785!4d-73.9524437",Golf Lessons | Retail / Pro Shop,2,False,Indoor,True,"{""Wednesday"": [""10AM-6PM""]}",False,OPERATIONAL,True,crawled,boutique golf shop Washington,False,Gumtree Golf & Nature Club,{},
Nike Unite - East New York,Retailer,Golf Retail,False,(347) 414-9837,https://www.nike.com/retail/s/nike-unite-east-new-york?cp=84620811901_seo_&y_source=1_MTg4MjM1MjItNzE1LWxvY2F0aW9uLndlYnNpdGU=,410 Gateway Dr,Brooklyn,New York,NY,11239,40.6529866,-73.8726988,America/New_York,4.3,Highly Rated,0,90,True,True,"https://www.google.com/maps/place/Nike+Unite+-+East+New+York/@40.6529866,-73.8726988,14z/data=!4m8!1m2!2m1!1sNike+Unite+-+East+New+York!3m4!1s0x89c25d6bc1ac53d5:0x1b0e1ad01d66e1f4!8m2!3d40.6529866!4d-73.8726988",Retail / Pro Shop,1,False,Indoor,True,"{""Wednesday"": [""10AM-8PM""]}",False,OPERATIONAL,True,crawled,boutique golf shop Florida,False,Nike Unite - East New York,"{""Accessibility"": {""Wheelchair accessible entrance"": true, ""Wheelchair accessible parking lot"": true}}",
Panda Ski And Sport: Brooklyn Ny,Clubfitter,Club Fitting,False,(718) 238-4919,https://www.pandasportdirect.com/,9213 5th Ave,Brooklyn,New York,NY,11209,40.6175021,-74.0294163,America/New_York,4.7,Top Rated,0,322,True,True,"https://www.google.com/maps/place/Panda+Ski+and+Sport%3A+Brooklyn+NY/@40.617502099999996,-74.0294163,14z/data=!4m8!1m2!2m1!1sPanda+Ski+and+Sport%3A+Brooklyn+NY!3m4!1s0x89c2456211d53d9f:0x32f071f141f7db22!8m2!3d40.617502099999996!4d-74.0294163",Club Fitting | Shaft & Grip Sales | Retail / Pro Shop,3,True,Indoor,True,"{""Wednesday"": [""11AM-7PM""]}",False,OPERATIONAL,True,crawled,boutique golf shop Connecticut,False,Panda Ski and Sport: Brooklyn NY,"{""Accessibility"": {""Wheelchair accessible entrance"": true, ""Wheelchair accessible parking lot"": false}}",
X-golf Brooklyn,Simulator,Golf Simulator,False,(718) 971-1165,https://www.xgolfbrooklyn.com/,105 N 13th St,Brooklyn,New York,NY,11249,40.7226768,-73.95614189999999,America/New_York,4.8,Top Rated,0,92,True,True,"https://www.google.com/maps/place/X-Golf+Brooklyn/@40.722676799999995,-73.95614189999999,14z/data=!4m8!1m2!2m1!1sX-Golf+Brooklyn!3m4!1s0x89c25922bb028879:0xd98202e49b880dd6!8m2!3d40.722676799999995!4d-73.95614189999999",Golf Lessons | Golf Simulator | Retail / Pro Shop | Club Rentals,4,False,Indoor,True,"{""Wednesday"": [""7AM-12AM""]}",False,OPERATIONAL,True,crawled,boutique golf shop Hawaii,False,X-Golf Brooklyn,"{""Accessibility"": {""Wheelchair accessible entrance"": true, ""Wheelchair accessible restroom"": true, ""Wheelchair accessible seating"": true}, ""Other"": {""LGBTQ+ friendly"": true}}",
X-golf Commack,Simulator,Golf Simulator,False,(631) 486-4417,https://playxgolf.com/locations/commack,108 Veterans Memorial Hwy Suite A,Commack,New York,NY,11725,40.8378836,-73.2845853,America/New_York,4.8,Top Rated,0,76,True,True,"https://www.google.com/maps/place/X-Golf+Commack/@40.8378836,-73.2845853,14z/data=!4m8!1m2!2m1!1sX-Golf+Commack!3m4!1s0x89e82fb5ee4fece7:0x33c052a73adb2c09!8m2!3d40.8378836!4d-73.2845853",Golf Lessons | Golf Simulator | Retail / Pro Shop | Club Rentals | Golf Travel,5,False,Indoor,True,"{""Wednesday"": [""9AM-11PM""]}",False,OPERATIONAL,True,recrawled,custom club fitting Arizona,False,X-Golf Commack,"{""Accessibility"": {""Wheelchair accessible entrance"": true, ""Wheelchair accessible parking lot"": true, ""Wheelchair accessible restroom"": true}}",
Colonial Springs GOLF Club,Driving Range,Membership Programs,False,(631) 643-1050,https://www.colonialspringsgolf.com/,1 Long Island Ave,Farmingdale,New York,NY,11735,40.747061,-73.38638999999999,America/New_York,4.6,Highly Rated,0,380,True,True,"https://www.google.com/maps/place/Colonial+Springs+Golf+Club/@40.747060999999995,-73.38638999999999,14z/data=!4m8!1m2!2m1!1sColonial+Springs+Golf+Club!3m4!1s0x89e82b741088d6ff:0x37ffbe8b8ee2d700!8m2!3d40.747060999999995!4d-73.38638999999999",Membership / Club Programs,1,False,Outdoor,True,"{""Wednesday"": [""7AM-9PM""]}",False,OPERATIONAL,True,recrawled,custom club fitting Arizona,False,Colonial Springs Golf Club,"{""Accessibility"": {""Wheelchair accessible entrance"": true, ""Wheelchair accessible parking lot"": true}}",
Actyve GOLF Warehouse,Retailer,Golf Retail,False,(516) 279-4818,https://www.actyvegolf.com/,750C Stewart Ave,Garden City,New York,NY,11530,40.7321306,-73.6059267,America/New_York,4.0,Well Reviewed,0,34,True,True,"https://www.google.com/maps/place/ACTYVE+GOLF+WAREHOUSE/@40.7321306,-73.6059267,14z/data=!4m8!1m2!2m1!1sACTYVE+GOLF+WAREHOUSE!3m4!1s0x89c27d82851cb87b:0x55668f305caf3c2a!8m2!3d40.7321306!4d-73.6059267",,0,False,Indoor,True,"{""Wednesday"": [""11AM-4PM""]}",False,OPERATIONAL,True,crawl_failed,boutique golf shop Connecticut,False,ACTYVE GOLF WAREHOUSE,"{""Accessibility"": {""Wheelchair accessible entrance"": true, ""Wheelchair accessible parking lot"": true}}",failed
Tru-fit Custom Clubs,Clubfitter,Club Fitting,False,(518) 469-7729,https://www.tru-fitclubs.com/about-us.html,961 Troy-Schenectady Rd,Latham,New York,NY,12110,42.763397,-73.7987144,America/New_York,4.6,Highly Rated,0,1,True,False,"https://www.google.com/maps/place/Tru-Fit+Custom+Clubs/@42.763397,-73.7987144,14z/data=!4m8!1m2!2m1!1sTru-Fit+Custom+Clubs!3m4!1s0x89de0d0b09dac015:0x9a98e0a29bf96bfe!8m2!3d42.763397!4d-73.7987144",Club Fitting | Custom Club Building | Launch Monitor | Shaft & Grip Sales,4,True,Indoor,True,,False,OPERATIONAL,True,crawled,custom club fitting Massachusetts,False,Tru-Fit Custom Clubs,"{""Accessibility"": {""Wheelchair accessible parking lot"": true}}",
GOLF PRO Delivered,Simulator,Golf Simulator,False,(516) 472-7293,https://www.golfgpd.com/,23F Industrial Blvd,Medford,New York,NY,11763,40.8125261,-72.959645,America/New_York,5.0,Top Rated,0,368,True,True,"https://www.google.com/maps/place/Golf+Pro+Delivered/@40.8125261,-72.959645,14z/data=!4m8!1m2!2m1!1sGolf+Pro+Delivered!3m4!1s0x89c288cc513c3681:0x5f7ab0b2e259d547!8m2!3d40.8125261!4d-72.959645",Golf Simulator | Retail / Pro Shop,2,False,Indoor,True,"{""Wednesday"": [""9AM-5:30PM""]}",False,OPERATIONAL,True,crawled,custom club fitting Hawaii,False,Golf Pro Delivered,"{""Accessibility"": {""Wheelchair accessible entrance"": true, ""Wheelchair accessible parking lot"": true, ""Wheelchair accessible restroom"": true}}",
Pete's GOLF PRO Shop,Golf Course / Pro Shop,Club Fitting,False,(516) 248-6891,https://www.petesgolf.com/,208 E Jericho Tpke,Mineola,New York,NY,11501,40.753835,-73.62783499999999,America/New_York,4.8,Top Rated,0,15,True,True,"https://www.google.com/maps/place/Pete%27s+Golf+Pro+Shop/@40.753834999999995,-73.62783499999999,14z/data=!4m8!1m2!2m1!1sPete%27s+Golf+Pro+Shop!3m4!1s0x89c287928490edf9:0x7e065e4d155967c5!8m2!3d40.753834999999995!4d-73.62783499999999",Club Fitting | Club Repair | Golf Lessons | Launch Monitor | Club Rentals | Retail / Pro Shop | Shaft & Grip Sales,7,True,Outdoor,True,"{""Wednesday"": [""9AM-5PM""]}",False,OPERATIONAL,True,crawled,custom club fitting Arizona,False,Pete's Golf Pro Shop,"{""Accessibility"": {""Wheelchair accessible entrance"": true, ""Wheelchair accessible parking lot"": true}}",
Dd Custom GOLF,Clubfitter,Club Fitting,False,(914) 715-8486,https://ddcustomgolf.com/,2710 Lexington Ave,Mohegan Lake,New York,NY,10547,41.2936989,-73.85003499999999,America/New_York,4.8,Top Rated,0,7,True,True,"https://www.google.com/maps/place/DD+Custom+Golf/@41.293698899999995,-73.85003499999999,14z/data=!4m8!1m2!2m1!1sDD+Custom+Golf!3m4!1s0x89c2c9d104b09105:0xc98a2252be5f284f!8m2!3d41.293698899999995!4d-73.85003499999999",Club Fitting | Custom Club Building | Launch Monitor | Retail / Pro Shop,4,True,Indoor,True,"{""Wednesday"": [""9AM-5PM""]}",False,OPERATIONAL,True,crawled,independent clubmaker Connecticut,False,DD Custom Golf,"{""Accessibility"": {""Wheelchair accessible entrance"": true, ""Wheelchair accessible parking lot"": true}}",
PXG Westchester,Clubfitter,Club Fitting,False,(347) 647-9440,https://www.pxg.com/pages/golf-stores/pxg-westchester,100 Nardozzi Pl,New Rochelle,New York,NY,10805,40.8969385,-73.79619869999999,America/New_York,4.8,Top Rated,0,80,True,True,"https://www.google.com/maps/place/PXG+Westchester/@40.8969385,-73.79619869999999,14z/data=!4m8!1m2!2m1!1sPXG+Westchester!3m4!1s0x89c28d7664548dd9:0xab5711f2194c7c91!8m2!3d40.8969385!4d-73.79619869999999",Club Fitting | Launch Monitor | Golf Simulator | Retail / Pro Shop,4,True,Indoor,True,"{""Wednesday"": [""9AM-5PM""]}",False,OPERATIONAL,True,crawled,independent clubmaker Connecticut,False,PXG Westchester,"{""Accessibility"": {""Wheelchair accessible entrance"": true, ""Wheelchair accessible parking lot"": true}}",
Chelsea Piers GOLF Club,Driving Range,Club Fitting,False,(212) 336-6400,https://www.chelseapiers.com/golfclub-chelsea,59 Chelsea Piers,New York,New York,NY,10011,40.7455355,-74.0087126,America/New_York,4.2,Well Reviewed,0,514,True,True,"https://www.google.com/maps/place/Chelsea+Piers+Golf+Club/@40.745535499999995,-74.0087126,14z/data=!4m8!1m2!2m1!1sChelsea+Piers+Golf+Club!3m4!1s0x89c259c711842655:0x2dcbd07bd087a24b!8m2!3d40.745535499999995!4d-74.0087126",Club Fitting | Golf Lessons | Golf Simulator | Retail / Pro Shop | Shaft & Grip Sales,5,True,Indoor,True,"{""Wednesday"": [""7AM-11PM""]}",False,OPERATIONAL,True,crawled,independent clubmaker New York,False,Chelsea Piers Golf Club,"{""Accessibility"": {""Wheelchair accessible entrance"": true, ""Wheelchair accessible parking lot"": true}}",
Collin Woods GOLF - GOLF Lessons In Nyc,Retailer,Golf Instruction,False,(929) 388-7030,https://www.collinwoodsgolf.com/,100 Church St Basement,New York,New York,NY,10007,40.7133174,-74.0101115,America/New_York,5.0,Top Rated,0,10,True,True,"https://www.google.com/maps/place/Collin+Woods+Golf+-+Golf+Lessons+in+NYC/@40.7133174,-74.0101115,14z/data=!4m8!1m2!2m1!1sCollin+Woods+Golf+-+Golf+Lessons+in+NYC!3m4!1s0x89c259df4a4dd5ff:0x5a193c04d255b6cf!8m2!3d40.7133174!4d-74.0101115",Golf Lessons | Launch Monitor | Retail / Pro Shop,3,False,Indoor,True,"{""Wednesday"": [""3-8PM""]}",False,OPERATIONAL,True,crawled,independent clubmaker New York,False,Collin Woods Golf - Golf Lessons in NYC,{},
Dunning GOLF,Retailer,Golf Retail,False,(888) 247-5187,https://www.dunninggolf.com/,134 W 37th St,New York,New York,NY,10018,40.752344,-73.98852699999999,America/New_York,2.1,Standard,0,1,True,False,"https://www.google.com/maps/place/Dunning+Golf/@40.752344,-73.98852699999999,14z/data=!4m8!1m2!2m1!1sDunning+Golf!3m4!1s0x89c259ab8b8110bb:0x8c2355789f508a5f!8m2!3d40.752344!4d-73.98852699999999",Retail / Pro Shop,1,False,Indoor,True,"{""Wednesday"": [""8AM-5PM""]}",False,OPERATIONAL,True,crawled,custom club fitting Delaware,False,Dunning Golf,"{""Accessibility"": {""Wheelchair accessible entrance"": true, ""Wheelchair accessible restroom"": true}}",
G/fore Supply New York City,Retailer,Golf Retail,False,(646) 289-3721,https://www.gfore.com/stores/gfore-supply-new-york-ny.html,536 Madison Ave,New York,New York,NY,10022,40.7606895,-73.9738498,America/New_York,4.2,Well Reviewed,0,5,True,True,"https://www.google.com/maps/place/G%2FFORE+Supply+New+York+City/@40.7606895,-73.9738498,14z/data=!4m8!1m2!2m1!1sG%2FFORE+Supply+New+York+City!3m4!1s0x89c259458e26a00d:0x8bbe536e2ccc7dc6!8m2!3d40.7606895!4d-73.9738498",,0,False,Indoor,True,"{""Wednesday"": [""10AM-6PM""]}",False,OPERATIONAL,True,crawled,custom club fitting New York,False,G/FORE Supply New York City,"{""Accessibility"": {""Wheelchair accessible entrance"": true, ""Wheelchair accessible parking lot"": false}}",unknown
GOLF Lessons Nyc,Instruction,Golf Instruction,False,(309) 310-2150,https://www.evancathergolf.com/,108 W 39th St Rm 310,New York,New York,NY,10018,40.7530233,-73.986164,America/New_York,5.0,Top Rated,0,51,True,True,"https://www.google.com/maps/place/Golf+Lessons+NYC/@40.753023299999995,-73.986164,14z/data=!4m8!1m2!2m1!1sGolf+Lessons+NYC!3m4!1s0x89c259b24c9cbaf7:0x25d087ed6804fc51!8m2!3d40.753023299999995!4d-73.986164",Golf Lessons | Launch Monitor,2,False,Unknown,True,"{""Wednesday"": [""8AM-9PM""]}",False,OPERATIONAL,True,crawled,independent clubmaker New York,False,Golf Lessons NYC,"{""Accessibility"": {""Wheelchair accessible entrance"": true}}",
Greenside GOLF Academy @golf V.2 Tribeca,Simulator,Golf Simulator,False,(914) 646-5882,https://www.greensidegolfacademy.com/,12 Thomas St,New York,New York,NY,10007,40.7159418,-74.0057296,America/New_York,4.9,Top Rated,0,7,True,True,"https://www.google.com/maps/place/Greenside+Golf+Academy+%40Golf+v.2+Tribeca/@40.715941799999996,-74.0057296,14z/data=!4m8!1m2!2m1!1sGreenside+Golf+Academy+%40Golf+v.2+Tribeca!3m4!1s0x89c25a17444edf89:0x5e84bbbb1bef8a21!8m2!3d40.715941799999996!4d-74.0057296",Golf Lessons | Launch Monitor | Golf Simulator,3,False,Indoor,True,"{""Wednesday"": [""6:30AM-9PM""]}",False,OPERATIONAL,True,crawled,independent clubmaker New York,False,Greenside Golf Academy @Golf v.2 Tribeca,"{""Accessibility"": {""Wheelchair accessible entrance"": true, ""Wheelchair accessible restroom"": true, ""Wheelchair accessible seating"": true}}",
Igolf By Space Nyc,Simulator,Golf Simulator,False,(646) 838-4004,https://igolf32.com/,22 W 32nd St Floor 6,New York,New York,NY,10001,40.7475891,-73.986913,America/New_York,4.9,Top Rated,0,78,True,True,"https://www.google.com/maps/place/iGolf+By+Space+NYC+%7C+Trackman+%26+Golf+VX+Simulators/@40.7475891,-73.986913,14z/data=!4m8!1m2!2m1!1siGolf+By+Space+NYC+%7C+Trackman+%26+Golf+VX+Simulators!3m4!1s0x89c2594764e5c03b:0xbd6219b4acdade35!8m2!3d40.7475891!4d-73.986913",Golf Lessons | Golf Simulator,2,False,Indoor,True,"{""Wednesday"": [""8AM-12AM""]}",False,OPERATIONAL,True,crawled,boutique golf shop New Jersey,False,iGolf By Space NYC | Trackman & Golf VX Simulators,"{""Accessibility"": {""Wheelchair accessible entrance"": true, ""Wheelchair accessible restroom"": true, ""Wheelchair accessible seating"": true, ""Assistive hearing loop"": false, ""Wheelchair accessible parking lot"": false}, ""Other"": {""LGBTQ+ friendly"": true, ""Identifies as women-owned"": true, ""Identifies as Asian-owned"": true}}",
Konnectgolf,Simulator,Golf Simulator,False,(646) 370-1452,https://konnectgolf.com/,590 5th Ave Floor 2,New York,New York,NY,10036,40.7571637,-73.9786641,America/New_York,4.9,Top Rated,0,95,True,True,"https://www.google.com/maps/place/Konnectgolf/@40.7571637,-73.9786641,14z/data=!4m8!1m2!2m1!1sKonnectgolf!3m4!1s0x89c258fef4c3ffff:0x288658997c0c5774!8m2!3d40.7571637!4d-73.9786641",Golf Lessons | Launch Monitor | Golf Simulator,3,False,Indoor,True,"{""Wednesday"": [""8AM-8PM""]}",False,OPERATIONAL,True,crawled,custom club fitting Arizona,False,Konnectgolf,"{""Accessibility"": {""Wheelchair accessible entrance"": true, ""Wheelchair accessible restroom"": true}}",
Kyle Senatore GOLF Instruction,Instruction,Golf Instruction,False,(908) 745-1718,https://theturnindoorgolf.com/,108 W 39th St,New York,New York,NY,10018,40.7530225,-73.9861561,America/New_York,5.0,Top Rated,0,13,True,True,"https://www.google.com/maps/place/Kyle+Senatore+Golf+Instruction/@40.7530225,-73.9861561,14z/data=!4m8!1m2!2m1!1sKyle+Senatore+Golf+Instruction!3m4!1s0x89c25957d5fe7a87:0x61379f79e7b4b2b0!8m2!3d40.7530225!4d-73.9861561",,0,False,Unknown,True,"{""Wednesday"": [""8AM-9PM""]}",False,OPERATIONAL,True,crawled,custom club fitting Delaware,False,Kyle Senatore Golf Instruction,"{""Accessibility"": {""Wheelchair accessible entrance"": true}}",failed
Loftlinks - Upper East Side GOLF,Simulator,Golf Simulator,False,(646) 609-2642,https://loftlinks.com/,177 E 87th St Suite 200,New York,New York,NY,10128,40.7797929,-73.95395959999999,America/New_York,4.5,Highly Rated,0,57,True,True,"https://www.google.com/maps/place/LoftLinks+-+Upper+East+Side+Golf/@40.7797929,-73.95395959999999,14z/data=!4m8!1m2!2m1!1sLoftLinks+-+Upper+East+Side+Golf!3m4!1s0x89c259acccdc7b11:0xe27612add7a09fe!8m2!3d40.7797929!4d-73.95395959999999",Club Repair | Golf Lessons | Launch Monitor | Golf Simulator | Retail / Pro Shop,5,False,Indoor,True,"{""Wednesday"": [""7AM-9PM""]}",False,OPERATIONAL,True,crawled,independent clubmaker New York,False,LoftLinks - Upper East Side Golf,"{""Accessibility"": {""Wheelchair accessible entrance"": true, ""Wheelchair accessible parking lot"": true, ""Wheelchair accessible restroom"": true}, ""Other"": {""Identifies as women-owned"": true, ""Identifies as Latino-owned"": true}}",
New York GOLF Center,Clubfitter,Club Fitting,False,(212) 564-2255,https://www.nygolfcenter.com/,131 W 35th St,New York,New York,NY,10001,40.7512291,-73.9886502,America/New_York,4.5,Highly Rated,0,514,True,True,"https://www.google.com/maps/place/New+York+Golf+Center/@40.751229099999996,-73.9886502,14z/data=!4m8!1m2!2m1!1sNew+York+Golf+Center!3m4!1s0x89c259abf934eb1d:0xcf6bf481a94a48fd!8m2!3d40.751229099999996!4d-73.9886502",Club Fitting | Retail / Pro Shop,2,True,Indoor,True,"{""Wednesday"": [""10:30AM-7PM""]}",False,OPERATIONAL,True,crawled,independent clubmaker New York,False,New York Golf Center,"{""Accessibility"": {""Wheelchair accessible entrance"": true}}",
Nike Battery Park,Retailer,Golf Retail,False,(332) 203-0526,https://www.nike.com/?cp=43917854821_seo_&y_source=1_NzM2OTE0OTMtNzE1LWxvY2F0aW9uLndlYnNpdGU=,200 Vesey St,New York,New York,NY,10281,40.7132526,-74.01513899999999,America/New_York,3.9,Well Reviewed,0,59,True,True,"https://www.google.com/maps/place/Nike+Battery+Park/@40.7132526,-74.01513899999999,14z/data=!4m8!1m2!2m1!1sNike+Battery+Park!3m4!1s0x89c25b96e5514dc1:0x46734ae7e5283548!8m2!3d40.7132526!4d-74.01513899999999",Retail / Pro Shop | Membership Programs,2,False,Indoor,True,"{""Wednesday"": [""10AM-8PM""]}",False,OPERATIONAL,True,crawled,boutique golf shop Colorado,False,Nike Battery Park,"{""Accessibility"": {""Wheelchair accessible entrance"": true, ""Wheelchair accessible parking lot"": false}}",enriched
Orvis Ny 5th Avenue,Retailer,Golf Retail,False,(212) 867-0212,https://www.orvis.com/newyork,489 5th Ave,New York,New York,NY,10017,40.753015,-73.980836,America/New_York,4.5,Highly Rated,0,359,True,True,"https://www.google.com/maps/place/Orvis+NY+5th+Avenue/@40.753015,-73.980836,14z/data=!4m8!1m2!2m1!1sOrvis+NY+5th+Avenue!3m4!1s0x89c258ffd7ce3113:0x9e06b3dc4f7d69ab!8m2!3d40.753015!4d-73.980836",Retail / Pro Shop,1,False,Indoor,True,"{""Wednesday"": [""11AM-6PM""]}",False,OPERATIONAL,True,crawled,boutique golf shop Alabama,False,Orvis NY 5th Avenue,"{""Accessibility"": {""Wheelchair accessible entrance"": true}}",
Paragon Sports,Retailer,Golf Retail,False,(800) 961-3030,https://www.paragonsports.com/,867 Broadway,New York,New York,NY,10003,40.7377091,-73.9904174,America/New_York,4.1,Well Reviewed,0,1113,True,True,"https://www.google.com/maps/place/Paragon+Sports/@40.7377091,-73.9904174,14z/data=!4m8!1m2!2m1!1sParagon+Sports!3m4!1s0x89c259a24009bf35:0x435fc7aa4b28fc51!8m2!3d40.7377091!4d-73.9904174",Retail / Pro Shop,1,False,Indoor,True,"{""Wednesday"": [""10:45AM-7PM""]}",False,OPERATIONAL,True,crawled,custom club fitting Arizona,False,Paragon Sports,"{""Accessibility"": {""Wheelchair accessible entrance"": true, ""Wheelchair accessible parking lot"": false}}",
Paris Saint-germain Store 5th Ave,Retailer,Golf Retail,False,(646) 502-9097,https://www.lids.com/stores?_s=bm-LIDS-RETAIL-GMB,535 5th Ave,New York,New York,NY,10017,40.7547199,-73.97946499999999,America/New_York,3.7,Standard,0,260,True,True,"https://www.google.com/maps/place/Paris+Saint-Germain+%28PSG%29+Store+5th+Ave/@40.7547199,-73.97946499999999,14z/data=!4m8!1m2!2m1!1sParis+Saint-Germain+%28PSG%29+Store+5th+Ave!3m4!1s0x89c25997d47244b5:0x106a283f9198c65c!8m2!3d40.7547199!4d-73.97946499999999",Retail / Pro Shop,1,False,Indoor,True,"{""Wednesday"": [""10AM-8PM""]}",False,OPERATIONAL,True,crawled,custom club fitting Delaware,False,Paris Saint-Germain,"{""Accessibility"": {""Wheelchair accessible entrance"": true, ""Wheelchair accessible parking lot"": false}}",
Puttery,Retailer,Golf Retail,False,(631) 212-8501,https://www.puttery.com/locations/new-york,446 W 14th St,New York,New York,NY,10014,40.7417118,-74.0075088,America/New_York,4.6,Highly Rated,0,381,True,True,"https://www.google.com/maps/place/Puttery/@40.7417118,-74.0075088,14z/data=!4m8!1m2!2m1!1sPuttery!3m4!1s0x89c25965c0721a53:0xb772a1dfc108f022!8m2!3d40.7417118!4d-74.0075088",Retail / Pro Shop,1,False,Indoor,True,"{""Wednesday"": [""4-10PM""]}",False,OPERATIONAL,True,crawled,boutique golf shop Colorado,False,Puttery,"{""Accessibility"": {""Wheelchair accessible entrance"": true, ""Wheelchair accessible restroom"": true}}",
Sportiva GOLF Outlet Nyc,Retailer,Golf Retail,False,(646) 476-5056,https://sportivagolfoutlet.com/,217 E 60th St,New York,New York,NY,10022,40.7620184,-73.96520579999999,America/New_York,4.0,Well Reviewed,0,19,True,True,"https://www.google.com/maps/place/Sportiva+Golf+Outlet+NYC/@40.762018399999995,-73.96520579999999,14z/data=!4m8!1m2!2m1!1sSportiva+Golf+Outlet+NYC!3m4!1s0x89c259c317b5a067:0xc376185c5ae0dedf!8m2!3d40.762018399999995!4d-73.96520579999999",Retail / Pro Shop,1,False,Indoor,True,"{""Wednesday"": [""11AM-7PM""]}",False,OPERATIONAL,True,crawled,independent clubmaker New York,False,Sportiva Golf Outlet NYC,"{""Accessibility"": {""Wheelchair accessible entrance"": true}}",
Sswing,Simulator,Golf Simulator,False,(917) 664-8948,https://www.sswing.com/,"245 Park Avenue, E 47th St Level Retail",New York,New York,NY,10167,40.7547214,-73.97434009999999,America/New_York,4.1,Well Reviewed,0,11,True,True,"https://www.google.com/maps/place/SSWING/@40.7547214,-73.97434009999999,14z/data=!4m8!1m2!2m1!1sSSWING!3m4!1s0x89c2595b7b3a5e6f:0x36efd81c7ee9e607!8m2!3d40.7547214!4d-73.97434009999999",Golf Lessons | Launch Monitor | Golf Simulator | Retail / Pro Shop,4,False,Indoor,True,"{""Wednesday"": [""7AM-8PM""]}",False,OPERATIONAL,True,crawled,custom club fitting Delaware,False,SSWING,"{""Accessibility"": {""Wheelchair accessible entrance"": true, ""Wheelchair accessible restroom"": true}}",
Summit GOLF Brands,Retailer,Golf Retail,False,(212) 302-7255,https://www.summitgolfbrands.com/,437 5th Ave 9th floor,New York,New York,NY,10016,40.7513674,-73.9821582,America/New_York,5.0,Top Rated,0,1,True,True,"https://www.google.com/maps/place/Summit+Golf+Brands/@40.7513674,-73.9821582,14z/data=!4m8!1m2!2m1!1sSummit+Golf+Brands!3m4!1s0x89c259e8cb9a8da7:0x5cf2222721bdc06e!8m2!3d40.7513674!4d-73.9821582",Retail / Pro Shop,1,False,Indoor,True,,False,OPERATIONAL,True,crawled,boutique golf shop Montana,False,Summit Golf Brands,"{""Accessibility"": {""Wheelchair accessible entrance"": true, ""Wheelchair accessible restroom"": true}}",
Super Runners Shop,Clubfitter,Club Fitting,False,(212) 421-4444,https://superrunnersshop.com/,805 3rd Ave,New York,New York,NY,10022,40.7556543,-73.9706619,America/New_York,4.4,Highly Rated,0,32,True,True,"https://www.google.com/maps/place/Super+Runners+Shop/@40.755654299999996,-73.9706619,14z/data=!4m8!1m2!2m1!1sSuper+Runners+Shop!3m4!1s0x89c2590340c12841:0xf077b0f6b18bebc!8m2!3d40.755654299999996!4d-73.9706619",Club Fitting | Retail / Pro Shop,2,True,Indoor,True,"{""Wednesday"": [""10AM-7PM""]}",False,OPERATIONAL,True,crawled,custom club fitting Florida,False,Super Runners Shop,"{""Accessibility"": {""Wheelchair accessible entrance"": true}, ""Other"": {""LGBTQ+ friendly"": true}}",
Superare Fight Shop,Retailer,Golf Retail,False,(646) 666-0063,https://superareshop.com/,84 Orchard St,New York,New York,NY,10002,40.7178866,-73.9901922,America/New_York,4.7,Top Rated,0,136,True,True,"https://www.google.com/maps/place/Superare+Fight+Shop/@40.7178866,-73.9901922,14z/data=!4m8!1m2!2m1!1sSuperare+Fight+Shop!3m4!1s0x89c2595a9943a501:0x92472b58cf9e7288!8m2!3d40.7178866!4d-73.9901922",Retail / Pro Shop,1,False,Indoor,True,"{""Wednesday"": [""11AM-7PM""]}",False,OPERATIONAL,True,crawled,custom club fitting Florida,False,Superare Fight Shop,"{""Accessibility"": {""Wheelchair accessible entrance"": true}}",
Tee Time GOLF,Simulator,Golf Simulator,False,(646) 847-6982,https://www.teetimenyc.com/,286 5th Ave FL8,New York,New York,NY,10001,40.7462548,-73.9866105,America/New_York,5.0,Top Rated,0,19,True,True,"https://www.google.com/maps/place/Tee+Time+Golf/@40.746254799999996,-73.9866105,14z/data=!4m8!1m2!2m1!1sTee+Time+Golf!3m4!1s0x89c25911ee2cd84b:0xaf0dd59d8c56b1af!8m2!3d40.746254799999996!4d-73.9866105",Golf Lessons | Golf Simulator | Retail / Pro Shop,3,False,Indoor,True,"{""Wednesday"": [""11AM-9PM""]}",False,OPERATIONAL,True,crawled,independent clubmaker New York,False,Tee Time Golf,"{""Accessibility"": {""Wheelchair accessible entrance"": true, ""Wheelchair accessible restroom"": true}}",
The Bridge GOLF Learning Center,Simulator,Golf Simulator,False,(646) 453-7488,https://bridgegolffoundation.org/,33 W 116th St,New York,New York,NY,10026,40.8014274,-73.947827,America/New_York,4.0,Well Reviewed,0,6,True,True,"https://www.google.com/maps/place/The+Bridge+Golf+Learning+Center/@40.8014274,-73.947827,14z/data=!4m8!1m2!2m1!1sThe+Bridge+Golf+Learning+Center!3m4!1s0x89c2f60e2b1e8a87:0x91f2eb8b45e08872!8m2!3d40.8014274!4d-73.947827",Golf Lessons | Launch Monitor | Golf Simulator,3,False,Indoor,True,"{""Wednesday"": [""8AM-3PM"", ""7-9PM""]}",False,OPERATIONAL,True,crawled,custom club fitting Connecticut,False,The Bridge Golf Learning Center,"{""Accessibility"": {""Wheelchair accessible entrance"": true, ""Wheelchair accessible parking lot"": true, ""Wheelchair accessible restroom"": true}}",
The Hack Shack,Simulator,Golf Simulator,False,(212) 685-4804,https://www.thehackshack.com/,108 W 39th St Rm 310,New York,New York,NY,10018,40.7530233,-73.986164,America/New_York,4.7,Top Rated,0,59,True,True,"https://www.google.com/maps/place/The+Hack+Shack/@40.753023299999995,-73.986164,14z/data=!4m8!1m2!2m1!1sThe+Hack+Shack!3m4!1s0x89c259a7483198c9:0xa913f4f3bb6b7cd3!8m2!3d40.753023299999995!4d-73.986164",Golf Lessons | Launch Monitor | Golf Simulator | Retail / Pro Shop,4,False,Indoor,True,"{""Wednesday"": [""8AM-11PM""]}",False,OPERATIONAL,True,crawled,custom club fitting Delaware,False,The Hack Shack,"{""Accessibility"": {""Wheelchair accessible entrance"": true, ""Wheelchair accessible restroom"": true}}",
Total Fit,Clubfitter,Club Fitting,False,(917) 444-3451,https://totalfitgolf.com/,598 Broadway 2nd Floor,New York,New York,NY,10012,40.7250377,-73.99680699999999,America/New_York,0.0,Unrated,0,1,True,True,"https://www.google.com/maps/place/Total+Fit/@40.7250377,-73.99680699999999,14z/data=!4m8!1m2!2m1!1sTotal+Fit!3m4!1s0x89c259612100f7cb:0x5045a9bf7ad8a055!8m2!3d40.7250377!4d-73.99680699999999",Club Fitting | Club Repair | Custom Club Building | Retail / Pro Shop | Shaft & Grip Sales,5,True,Indoor,True,,False,OPERATIONAL,True,crawled,custom club fitting Delaware,False,Total Fit,{},
Under Armour,Retailer,Golf Retail,False,(646) 863-7408,https://www.underarmour.com/en-us/stores/detail/UABH-185GSSLNYN/,185 Greenwich St Space Ll4302,New York,New York,NY,10007,40.7110759,-74.0120239,America/New_York,4.2,Well Reviewed,0,114,True,True,"https://www.google.com/maps/place/Under+Armour/@40.7110759,-74.0120239,14z/data=!4m8!1m2!2m1!1sUnder+Armour!3m4!1s0x89c25a1967dc66f3:0x2a27faca555336c0!8m2!3d40.7110759!4d-74.0120239",Retail / Pro Shop,1,False,Indoor,True,"{""Wednesday"": [""9AM-7PM""]}",False,OPERATIONAL,True,crawled,boutique golf shop Delaware,False,Under Armour,"{""Accessibility"": {""Wheelchair accessible entrance"": true}}",
Urban Angler,Retailer,Golf Instruction,False,(212) 689-6400,https://www.urbanangler.com/,381 5th Ave 2nd Floor,New York,New York,NY,10016,40.749326,-73.983543,America/New_York,4.7,Top Rated,0,69,True,True,"https://www.google.com/maps/place/Urban+Angler/@40.749325999999996,-73.983543,14z/data=!4m8!1m2!2m1!1sUrban+Angler!3m4!1s0x89c259a9e4188f9d:0xb7ad14c7a814c850!8m2!3d40.749325999999996!4d-73.983543",Golf Lessons | Retail / Pro Shop,2,False,Indoor,True,"{""Wednesday"": [""10AM-6PM""]}",False,OPERATIONAL,True,crawled,boutique golf shop Florida,False,Urban Angler,"{""Accessibility"": {""Wheelchair accessible entrance"": true, ""Wheelchair accessible parking lot"": false, ""Wheelchair accessible restroom"": false, ""Wheelchair accessible seating"": false}, ""Other"": {""LGBTQ+ friendly"": true}}",
Wilson - Columbus Circle,Retailer,Golf Retail,False,(646) 930-2096,https://www.wilson.com/en-us,10 Columbus Cir,New York,New York,NY,10019,40.7685526,-73.9831866,America/New_York,4.1,Well Reviewed,0,41,True,True,"https://www.google.com/maps/place/Wilson+-+Columbus+Circle/@40.7685526,-73.9831866,14z/data=!4m8!1m2!2m1!1sWilson+-+Columbus+Circle!3m4!1s0x89c25992ebec730f:0x9c1d8e62bb052dfb!8m2!3d40.7685526!4d-73.9831866",Retail / Pro Shop,1,False,Indoor,True,"{""Wednesday"": [""10AM-8PM""]}",False,OPERATIONAL,True,crawled,boutique golf shop Louisiana,False,Wilson - Columbus Circle,"{""Accessibility"": {""Wheelchair accessible entrance"": true}}",
Wilson Flagship - Soho,Retailer,Golf Retail,False,(646) 719-1312,https://www.wilson.com/en-us/explore/sportswear/the-new-york-flagship-store,594 Broadway,New York,New York,NY,10012,40.7250672,-73.9969296,America/New_York,4.1,Well Reviewed,0,252,True,True,"https://www.google.com/maps/place/Wilson+Flagship+-+Soho/@40.7250672,-73.9969296,14z/data=!4m8!1m2!2m1!1sWilson+Flagship+-+Soho!3m4!1s0x89c25944ab3b399f:0x678befe6c73fe801!8m2!3d40.7250672!4d-73.9969296",Retail / Pro Shop,1,False,Indoor,True,"{""Wednesday"": [""11AM-7PM""]}",False,OPERATIONAL,True,crawled,custom club fitting California,False,Wilson Flagship - Soho,"{""Accessibility"": {""Wheelchair accessible entrance"": true, ""Wheelchair accessible parking lot"": false}}",
Yorkville GOLF,Retailer,Club Repair,False,(917) 821-0039,https://yorkvillegolf.com/,1668 1st Ave,New York,New York,NY,10128,40.7775363,-73.948542,America/New_York,5.0,Top Rated,0,7,True,True,"https://www.google.com/maps/place/Yorkville+Golf/@40.7775363,-73.948542,14z/data=!4m8!1m2!2m1!1sYorkville+Golf!3m4!1s0x89c259ba52a8d51b:0xd201131e8891a978!8m2!3d40.7775363!4d-73.948542",Club Repair | Custom Club Building | Retail / Pro Shop | Shaft & Grip Sales,4,False,Indoor,True,"{""Wednesday"": [""8AM-6:30PM""]}",False,OPERATIONAL,True,crawled,independent clubmaker Montana,False,Yorkville Golf,"{""Accessibility"": {""Wheelchair accessible entrance"": true}}",
South Shore GOLF Store,Clubfitter,Club Fitting,False,(631) 563-2025,https://www.southshoregolf.net/,4106 Sunrise Hwy South Service Rd,Oakdale,New York,NY,11769,40.748484,-73.135761,America/New_York,5.0,Top Rated,0,20,True,True,"https://www.google.com/maps/place/South+Shore+Golf+Store/@40.748484,-73.135761,14z/data=!4m8!1m2!2m1!1sSouth+Shore+Golf+Store!3m4!1s0x89e8367f2af49bf3:0x9e7d7378c8dc2de7!8m2!3d40.748484!4d-73.135761",Club Fitting | Club Repair | Golf Lessons | Golf Simulator | Launch Monitor | Shaft & Grip Sales | Retail / Pro Shop,7,True,Indoor,True,"{""Wednesday"": [""10AM-6PM""]}",False,OPERATIONAL,True,crawled,boutique golf shop Wyoming,False,South Shore Golf Store,"{""Accessibility"": {""Wheelchair accessible entrance"": true, ""Wheelchair accessible parking lot"": true}}",
GOLF Shop At Blue Hill,Retailer,Golf Retail,False,(845) 735-2094,https://instagram.com/1924golfshop?igshid=Mzc1MmZhNjY=,285 Blue Hill Rd,Pearl River,New York,NY,10965,41.04783279999999,-73.9887201,America/New_York,5.0,Top Rated,0,3,True,False,"https://www.google.com/maps/place/Golf+Shop+at+Blue+Hill/@41.047832799999995,-73.9887201,14z/data=!4m8!1m2!2m1!1sGolf+Shop+at+Blue+Hill!3m4!1s0x89c2e97ad99f9cbf:0x7b5046cb066deb75!8m2!3d41.047832799999995!4d-73.9887201",Retail / Pro Shop,1,False,Indoor,True,"{""Wednesday"": [""8AM-5:30PM""]}",False,OPERATIONAL,True,crawled,boutique golf shop New Jersey,False,Golf Shop at Blue Hill,"{""Accessibility"": {""Wheelchair accessible entrance"": true, ""Wheelchair accessible parking lot"": true}}",
Saxon Woods GOLF Shop,Retailer,Golf Retail,False,(914) 231-3461,https://www.saxonwoodsgolfshop.com/,315 Mamaroneck Rd,Scarsdale,New York,NY,10583,40.9779055,-73.7589556,America/New_York,5.0,Top Rated,0,5,True,True,"https://www.google.com/maps/place/Saxon+Woods+Golf+Shop/@40.9779055,-73.7589556,14z/data=!4m8!1m2!2m1!1sSaxon+Woods+Golf+Shop!3m4!1s0x89c2938712d0d0cb:0x6f9c1ecfb8395b11!8m2!3d40.9779055!4d-73.7589556",Retail / Pro Shop,1,False,Indoor,True,"{""Wednesday"": [""7AM-6PM""]}",False,OPERATIONAL,True,crawled,boutique golf shop Connecticut,False,Saxon Woods Golf Shop,"{""Accessibility"": {""Wheelchair accessible entrance"": true, ""Wheelchair accessible parking lot"": true}}",
Nike Factory Store - Staten Island,Retailer,Golf Retail,False,(347) 535-1030,https://www.nike.com/retail/s/nike-factory-store-staten-island?cp=84620811901_seo_&y_source=1_MTI4NjE1MjQtNzE1LWxvY2F0aW9uLndlYnNpdGU=,15 Richmond Ter Suite 300,Staten Island,New York,NY,10301,40.6435571,-74.0748413,America/New_York,4.3,Highly Rated,0,302,True,True,"https://www.google.com/maps/place/Nike+Factory+Store+-+Staten+Island/@40.643557099999995,-74.0748413,14z/data=!4m8!1m2!2m1!1sNike+Factory+Store+-+Staten+Island!3m4!1s0x89c24f01452864b9:0x106b1d584ee22618!8m2!3d40.643557099999995!4d-74.0748413",Retail / Pro Shop,1,False,Indoor,True,"{""Wednesday"": [""10AM-8PM""]}",False,OPERATIONAL,True,crawled,custom club fitting Florida,False,Nike Factory Store - Staten Island,"{""Accessibility"": {""Wheelchair accessible entrance"": true, ""Wheelchair accessible parking lot"": true}}",
Novogolf,Golf Course / Pro Shop,Club Fitting,False,(845) 680-7000,https://www.novogolf.com/,116 NY-303,Tappan,New York,NY,10983,41.0335204,-73.9460462,America/New_York,4.7,Top Rated,0,23,True,True,"https://www.google.com/maps/place/NOVOGOLF/@41.0335204,-73.9460462,14z/data=!4m8!1m2!2m1!1sNOVOGOLF!3m4!1s0x89c2eeaeb708432f:0xc0214acae5e8826c!8m2!3d41.0335204!4d-73.9460462",Club Fitting | Club Repair | Custom Club Building | Launch Monitor | Retail / Pro Shop,5,True,Outdoor,True,"{""Wednesday"": [""11AM-5PM""]}",False,OPERATIONAL,True,crawled,independent clubmaker Connecticut,False,NOVOGOLF,"{""Accessibility"": {""Wheelchair accessible entrance"": true, ""Wheelchair accessible parking lot"": true, ""Wheelchair accessible restroom"": true}}",
Sportsplex At Turning Stone,Clubfitter,Club Fitting,False,(315) 361-8920,https://www.turningstone.com/golf/sportsplex,4491 Snyder Rd,Verona,New York,NY,13478,43.1113098,-75.5912773,America/New_York,4.7,Top Rated,0,54,True,True,"https://www.google.com/maps/place/Sportsplex+at+Turning+Stone/@43.1113098,-75.5912773,14z/data=!4m8!1m2!2m1!1sSportsplex+at+Turning+Stone!3m4!1s0x89d9737a18d085a9:0x53fea65f7fe0876!8m2!3d43.1113098!4d-75.5912773",Club Fitting | Custom Club Building | Golf Lessons | Launch Monitor | Golf Simulator | Retail / Pro Shop | Shaft & Grip Sales,7,True,Indoor,True,"{""Wednesday"": [""8AM-8PM""]}",False,OPERATIONAL,True,crawled,custom club fitting Utah,False,Sportsplex at Turning Stone,"{""Accessibility"": {""Wheelchair accessible entrance"": true, ""Wheelchair accessible parking lot"": true}}",
Lifestyles Sports,Retailer,Custom Club Building,False,(516) 781-8070,https://lifestylessports.com/,1901 Wantagh Ave,Wantagh,New York,NY,11793,40.6745468,-73.509605,America/New_York,4.4,Highly Rated,0,70,True,True,"https://www.google.com/maps/place/Lifestyles+Sports/@40.6745468,-73.509605,14z/data=!4m8!1m2!2m1!1sLifestyles+Sports!3m4!1s0x89c27f1d064ebaa9:0xedbbbfa7d4870cb8!8m2!3d40.6745468!4d-73.509605",Custom Club Building | Retail / Pro Shop | Trade-In / Used Clubs,3,False,Indoor,True,"{""Wednesday"": [""10AM-7PM""]}",False,OPERATIONAL,True,crawled,boutique golf shop Georgia,False,Lifestyles Sports,"{""Accessibility"": {""Wheelchair accessible entrance"": true, ""Wheelchair accessible parking lot"": true}}",
Unique GOLF,Clubfitter,Club Fitting,False,(631) 422-6431,https://uniquegolfshop.com/,356 Union Blvd,West Islip,New York,NY,11795,40.70662069999999,-73.3035591,America/New_York,4.8,Top Rated,0,11,True,False,"https://www.google.com/maps/place/Unique+Golf/@40.706620699999995,-73.3035591,14z/data=!4m8!1m2!2m1!1sUnique+Golf!3m4!1s0x89e9d32a660adf01:0x15d29281b07bb30c!8m2!3d40.706620699999995!4d-73.3035591",Club Fitting | Club Repair | Golf Lessons | Golf Simulator | Retail / Pro Shop,5,True,Indoor,True,"{""Wednesday"": [""10AM-6PM""]}",False,OPERATIONAL,True,crawled,boutique golf shop Utah,False,Unique Golf,"{""Accessibility"": {""Wheelchair accessible entrance"": true, ""Wheelchair accessible parking lot"": true}}",
Golfzon Social - Palisades Center,Simulator,Golf Simulator,False,(845) 579-8530,https://golfzonsocial.com/locations/west-nyack/,3565 Palisades Center Dr,West Nyack,New York,NY,10994,41.0976869,-73.9556193,America/New_York,5.0,Top Rated,0,74,True,True,"https://www.google.com/maps/place/Golfzon+Social+-+Palisades+Center/@41.0976869,-73.9556193,14z/data=!4m8!1m2!2m1!1sGolfzon+Social+-+Palisades+Center!3m4!1s0x89c2e93c53ecd75f:0x840f4d582f6d0531!8m2!3d41.0976869!4d-73.9556193",Golf Lessons | Golf Simulator | Shaft & Grip Sales | Retail / Pro Shop | Club Rentals,5,False,Indoor,True,"{""Wednesday"": [""12-9PM""]}",False,OPERATIONAL,True,crawled,boutique golf shop Kansas,False,Golfzon Social - Palisades Center,"{""Accessibility"": {""Wheelchair accessible entrance"": true, ""Wheelchair accessible parking lot"": true, ""Wheelchair accessible restroom"": true}}",
The Complete Golfer,Retailer,Golf Retail,False,(914) 328-8411,https://www.completegolfer.us/,245 Main St,White Plains,New York,NY,10601,41.0332399,-73.7661881,America/New_York,5.0,Top Rated,0,1,True,False,"https://www.google.com/maps/place/The+Complete+Golfer/@41.0332399,-73.7661881,14z/data=!4m8!1m2!2m1!1sThe+Complete+Golfer!3m4!1s0x89c29437aac0be5f:0x72495282b7db06ea!8m2!3d41.0332399!4d-73.7661881",,0,False,Indoor,True,"{""Wednesday"": [""9:30AM-5:30PM""]}",False,OPERATIONAL,True,crawl_failed,independent clubmaker Connecticut,False,The Complete Golfer,"{""Accessibility"": {""Wheelchair accessible parking lot"": true}}",failed
Union Sports INC,Instruction,Golf Instruction,False,(718) 353-9800,https://ny.koreaportal.com/english/yp/22361-New-York-Union-Sports-Inc--Golf-store-in-flushing,160-44 Willets Point Blvd,Whitestone,New York,NY,11357,40.780457,-73.80199689999999,America/New_York,4.7,Top Rated,0,1,True,True,"https://www.google.com/maps/place/Union+Sports+Inc+%7C+Flushing+Golf+Shop%2C+Golf+Suppliers%2C+Golf+Club%2C+Golf+Store+in+flushing/@40.780457,-73.80199689999999,14z/data=!4m8!1m2!2m1!1sUnion+Sports+Inc+%7C+Flushing+Golf+Shop%2C+Golf+Suppliers%2C+Golf+Club%2C+Golf+Store+in+flushing!3m4!1s0x89c26025b2855555:0x8947ab9b7f29eef6!8m2!3d40.780457!4d-73.80199689999999",Golf Lessons,1,False,Unknown,True,"{""Wednesday"": [""10AM-7PM""]}",False,OPERATIONAL,True,crawled,custom club fitting Massachusetts,False,"Union Sports Inc | Flushing Golf Shop, Golf Suppliers, Golf Club, Golf Store in flushing","{""Accessibility"": {""Wheelchair accessible entrance"": true, ""Wheelchair accessible parking lot"": true}}",
"Rick Nielsen, Pga, Gsem",Clubfitter,Club Fitting,False,(631) 428-4653,https://www.ricknielsengolf.com/,1 Wasylenko Ln,Yonkers,New York,NY,10701,40.9365748,-73.87420399999999,America/New_York,4.9,Top Rated,0,16,True,True,"https://www.google.com/maps/place/Rick+Nielsen%2C+PGA%2C+GSEM/@40.936574799999995,-73.87420399999999,14z/data=!4m8!1m2!2m1!1sRick+Nielsen%2C+PGA%2C+GSEM!3m4!1s0x89c28c93ae6e9967:0x802ab4acef71477!8m2!3d40.936574799999995!4d-73.87420399999999",Club Fitting | Golf Lessons | Launch Monitor | Retail / Pro Shop,4,True,Indoor,True,"{""Wednesday"": [""8AM-7PM""]}",False,OPERATIONAL,True,crawled,custom club fitting Massachusetts,False,"Rick Nielsen, PGA, GSEM","{""Accessibility"": {""Wheelchair accessible entrance"": true, ""Wheelchair accessible parking lot"": true, ""Wheelchair accessible restroom"": true}}",
Dv Golf/akron GOLF Clubs,Golf Course / Pro Shop,Club Fitting,False,(330) 253-8000,https://www.dvgolf.com/,1544 Home Ave,Akron,Ohio,OH,44310,41.1132108,-81.4864288,America/New_York,4.8,Top Rated,0,3,True,True,"https://www.google.com/maps/place/DV+Golf%2FAkron+Golf+Clubs/@41.1132108,-81.4864288,14z/data=!4m8!1m2!2m1!1sDV+Golf%2FAkron+Golf+Clubs!3m4!1s0x8831286ee71a8a91:0xd3cc17418a2afdd2!8m2!3d41.1132108!4d-81.4864288",Club Fitting | Club Repair | Custom Club Building | Golf Lessons | Club Rentals | Retail / Pro Shop | Shaft & Grip Sales,7,True,Outdoor,True,"{""Wednesday"": [""10:30AM-5PM""]}",False,OPERATIONAL,True,crawled,independent clubmaker Ohio,False,DV Golf/Akron Golf Clubs,"{""Accessibility"": {""Wheelchair accessible entrance"": true, ""Wheelchair accessible parking lot"": true}, ""Other"": {""Identifies as veteran-owned"": true}}",
Foxy GOLF Center,Clubfitter,Club Fitting,False,(330) 644-1331,https://www.foxygolfinc.com/,40 W Turkeyfoot Lake Rd,Akron,Ohio,OH,44319,40.9766229,-81.5244546,America/New_York,4.6,Highly Rated,0,8,True,True,"https://www.google.com/maps/place/Foxy+Golf+Center/@40.976622899999995,-81.5244546,14z/data=!4m8!1m2!2m1!1sFoxy+Golf+Center!3m4!1s0x8830d550539822af:0x2f4f880dade052e0!8m2!3d40.976622899999995!4d-81.5244546",Club Fitting | Retail / Pro Shop,2,True,Indoor,True,"{""Wednesday"": [""10AM-6PM""]}",False,OPERATIONAL,True,crawled,boutique golf shop Ohio,False,Foxy Golf Center,"{""Accessibility"": {""Wheelchair accessible entrance"": true, ""Wheelchair accessible parking lot"": true}}",
Ohio GOLF Club,Simulator,Club Fitting,False,(330) 958-0052,https://ohiogolfclubindoor.com/,2262 S Arlington Rd,Akron,Ohio,OH,44319,41.0103015,-81.4929882,America/New_York,4.9,Top Rated,0,27,True,True,"https://www.google.com/maps/place/Ohio+Golf+Club/@41.0103015,-81.4929882,14z/data=!4m8!1m2!2m1!1sOhio+Golf+Club!3m4!1s0x8830db483556ffa7:0x8ca85d214ab627e1!8m2!3d41.0103015!4d-81.4929882",Club Fitting | Club Repair | Custom Club Building | Golf Lessons | Launch Monitor | Golf Simulator | Retail / Pro Shop | Shaft & Grip Sales,8,True,Indoor,True,"{""Wednesday"": [""8AM-10PM""]}",False,OPERATIONAL,True,crawled,independent clubmaker Ohio,False,Ohio Golf Club,"{""Accessibility"": {""Wheelchair accessible entrance"": true, ""Wheelchair accessible parking lot"": true, ""Wheelchair accessible restroom"": true, ""Wheelchair accessible seating"": true}}",
Sweetbriar Legacy GOLF & PRO Shop,Golf Course / Pro Shop,Club Fitting,False,(440) 933-9001,https://www.sweetbriargolfclub.com/,750 Jaycox Rd,Avon Lake,Ohio,OH,44012,41.4802005,-82.0012849,America/New_York,4.3,Highly Rated,0,330,True,True,"https://www.google.com/maps/place/Sweetbriar+Legacy+Golf+%26+Pro+Shop/@41.480200499999995,-82.0012849,14z/data=!4m8!1m2!2m1!1sSweetbriar+Legacy+Golf+%26+Pro+Shop!3m4!1s0x88308fd68df5bd0f:0xe7c9dc70d2423021!8m2!3d41.480200499999995!4d-82.0012849",Club Fitting | Golf Lessons | Retail / Pro Shop,3,True,Outdoor,True,"{""Wednesday"": [""9AM-3PM""]}",False,OPERATIONAL,True,crawled,boutique golf shop Ohio,False,Sweetbriar Legacy Golf & Pro Shop,"{""Accessibility"": {""Wheelchair accessible entrance"": true, ""Wheelchair accessible parking lot"": true}}",
Mega GOLF Center,Retailer,Golf Retail,False,(513) 718-0631,https://www.megagolfcenteroh.com/,2235 Bauer Rd,Batavia,Ohio,OH,45103,39.081358,-84.152771,America/New_York,4.6,Highly Rated,0,30,True,True,"https://www.google.com/maps/place/Mega+Golf+Center/@39.081358,-84.152771,14z/data=!4m8!1m2!2m1!1sMega+Golf+Center!3m4!1s0x8841046539f606fb:0x36d40e631a878ec3!8m2!3d39.081358!4d-84.152771",,0,False,Indoor,True,"{""Wednesday"": [""10AM-6PM""]}",False,OPERATIONAL,True,crawled,boutique golf shop Ohio,False,Mega Golf Center,"{""Accessibility"": {""Wheelchair accessible entrance"": true, ""Wheelchair accessible parking lot"": true}}",unknown
Swing Rx - GOLF Performance,Retailer,Golf Retail,False,(937) 681-4837,https://swingrxgolf.com/,4299 Sugarcreek Dr,Bellbrook,Ohio,OH,45305,39.6404144,-84.1014324,America/New_York,5.0,Top Rated,0,13,True,True,"https://www.google.com/maps/place/Swing+Rx+-+Golf+Performance/@39.6404144,-84.1014324,14z/data=!4m8!1m2!2m1!1sSwing+Rx+-+Golf+Performance!3m4!1s0x88408f9d9f469319:0xbeac22d81151fcf1!8m2!3d39.6404144!4d-84.1014324",Retail / Pro Shop,1,False,Indoor,True,"{""Wednesday"": [""8AM-6PM""]}",False,OPERATIONAL,True,crawled,independent clubmaker Ohio,False,Swing Rx - Golf Performance,"{""Accessibility"": {""Wheelchair accessible entrance"": true, ""Wheelchair accessible parking lot"": true, ""Wheelchair accessible restroom"": true}}",
Swing Fit GOLF Club,Simulator,Club Fitting,False,(513) 815-5855,https://swingfitgolfclub.com/,11125 Kenwood Rd,Blue Ash,Ohio,OH,45242,39.2678985,-84.37495419999999,America/New_York,4.9,Top Rated,0,25,True,True,"https://www.google.com/maps/place/Swing+Fit+Golf+Club/@39.2678985,-84.37495419999999,14z/data=!4m8!1m2!2m1!1sSwing+Fit+Golf+Club!3m4!1s0x884053522467e975:0x8229dd39dddf8baa!8m2!3d39.2678985!4d-84.37495419999999",Club Fitting | Golf Lessons | Launch Monitor | Golf Simulator | Retail / Pro Shop,5,True,Indoor,True,"{""Wednesday"": [""8AM-9PM""]}",False,OPERATIONAL,True,crawled,custom club fitting Indiana,False,Swing Fit Golf Club,"{""Accessibility"": {""Wheelchair accessible entrance"": true, ""Wheelchair accessible parking lot"": true, ""Wheelchair accessible restroom"": true}}",
Flex-fit Custom GOLF,Clubfitter,Club Fitting,False,(419) 586-4260,https://www.flexfitcustomgolf.com/,1806 Mockingbird Ln,Celina,Ohio,OH,45822,40.5658138,-84.5515799,America/New_York,5.0,Top Rated,0,1,True,False,"https://www.google.com/maps/place/Flex-Fit+Custom+Golf/@40.5658138,-84.5515799,14z/data=!4m8!1m2!2m1!1sFlex-Fit+Custom+Golf!3m4!1s0x883e4bb85c855555:0x1cfa62d719563163!8m2!3d40.5658138!4d-84.5515799",Club Fitting | Club Repair | Golf Lessons | Launch Monitor | Retail / Pro Shop | Shaft & Grip Sales,6,True,Indoor,True,,False,OPERATIONAL,True,crawled,independent clubmaker Ohio,False,Flex-Fit Custom Golf,"{""Accessibility"": {""Wheelchair accessible parking lot"": true}}",
GOLF Exchange - Eastgate,Clubfitter,Club Fitting,False,(513) 947-3100,https://golfexchange.com/,4450 Eastgate S Dr,Cincinnati,Ohio,OH,45245,39.093666,-84.27566519999999,America/New_York,4.7,Top Rated,0,124,True,True,"https://www.google.com/maps/place/Golf+Exchange+-+Eastgate/@39.093666,-84.27566519999999,14z/data=!4m8!1m2!2m1!1sGolf+Exchange+-+Eastgate!3m4!1s0x8841a9fef3b53039:0x1af9ea5b18e4b877!8m2!3d39.093666!4d-84.27566519999999",Club Fitting | Club Repair | Shaft & Grip Sales | Retail / Pro Shop,4,True,Indoor,True,"{""Wednesday"": [""10AM-7PM""]}",False,OPERATIONAL,True,crawled,boutique golf shop Ohio,False,Golf Exchange - Eastgate,"{""Accessibility"": {""Wheelchair accessible entrance"": true, ""Wheelchair accessible parking lot"": true}, ""Other"": {""LGBTQ+ friendly"": true}}",
GOLF Exchange - Kenwood,Clubfitter,Club Fitting,False,(513) 791-1698,https://www.golfexchange.com/,8118 Montgomery Rd,Cincinnati,Ohio,OH,45236,39.2034787,-84.369208,America/New_York,4.7,Top Rated,0,135,True,True,"https://www.google.com/maps/place/Golf+Exchange+-+Kenwood/@39.2034787,-84.369208,14z/data=!4m8!1m2!2m1!1sGolf+Exchange+-+Kenwood!3m4!1s0x884053423b6bc2cd:0x388abde5ab937af6!8m2!3d39.2034787!4d-84.369208",Club Fitting | Club Repair | Shaft & Grip Sales | Retail / Pro Shop,4,True,Indoor,True,"{""Wednesday"": [""10AM-7PM""]}",False,OPERATIONAL,True,crawled,boutique golf shop Ohio,False,Golf Exchange - Kenwood,"{""Accessibility"": {""Wheelchair accessible entrance"": true, ""Wheelchair accessible parking lot"": true}, ""Other"": {""LGBTQ+ friendly"": true}}",
PXG Cincinnati,Clubfitter,Club Fitting,False,(513) 996-6939,https://www.pxg.com/pages/golf-stores/pxg-cincinnati,8127 Montgomery Rd,Cincinnati,Ohio,OH,45236,39.2040725,-84.37019649999999,America/New_York,4.8,Top Rated,0,79,True,True,"https://www.google.com/maps/place/PXG+Cincinnati/@39.204072499999995,-84.37019649999999,14z/data=!4m8!1m2!2m1!1sPXG+Cincinnati!3m4!1s0x884053b0ca500933:0x2cc4ae28114cec2e!8m2!3d39.204072499999995!4d-84.37019649999999",Club Fitting | Custom Club Building | Golf Simulator | Launch Monitor | Retail / Pro Shop,5,True,Indoor,True,"{""Wednesday"": [""9AM-5PM""]}",False,OPERATIONAL,True,crawled,boutique golf shop Ohio,False,PXG Cincinnati,"{""Accessibility"": {""Wheelchair accessible entrance"": true, ""Wheelchair accessible parking lot"": true}}",
Rons GOLF Shop,Retailer,Golf Retail,False,(513) 937-4653,https://www.ronsgolfshop.com/,3670 Werk Rd,Cincinnati,Ohio,OH,45248,39.144333,-84.62678199999999,America/New_York,4.7,Top Rated,0,30,True,True,"https://www.google.com/maps/place/Ron%E2%80%99s+Golf+Shop/@39.144332999999996,-84.62678199999999,14z/data=!4m8!1m2!2m1!1sRon%E2%80%99s+Golf+Shop!3m4!1s0x8841ca681cf9ede9:0xc87569acee9cfff5!8m2!3d39.144332999999996!4d-84.62678199999999",Retail / Pro Shop,1,False,Indoor,True,"{""Wednesday"": [""10AM-7PM""]}",False,OPERATIONAL,True,crawled,boutique golf shop Ohio,False,Ron’s Golf Shop,"{""Accessibility"": {""Wheelchair accessible parking lot"": true}}",
Cabela's,Retailer,Golf Retail,False,(614) 702-2300,https://stores.cabelas.com/us/oh/columbus/1650-gemini-pl.html?y_source=1_Mzk4Njc0Mi03MTUtbG9jYXRpb24ud2Vic2l0ZQ==,1650 Gemini Pl,Columbus,Ohio,OH,43240,40.14930349999999,-82.9730806,America/New_York,4.3,Highly Rated,0,1849,True,True,"https://www.google.com/maps/place/Cabela%27s/@40.149303499999995,-82.9730806,14z/data=!4m8!1m2!2m1!1sCabela%27s!3m4!1s0x8838f4684becd703:0xfb07650f7c512b4d!8m2!3d40.149303499999995!4d-82.9730806",Retail / Pro Shop | Trade-In / Used Clubs,2,False,Indoor,True,"{""Wednesday"": [""9AM-8PM""]}",False,OPERATIONAL,True,crawled,boutique golf shop Ohio,False,Cabela's,"{""Accessibility"": {""Wheelchair accessible entrance"": true, ""Wheelchair accessible parking lot"": true, ""Wheelchair accessible restroom"": true}}",
Dick's House Of Sport,Clubfitter,Club Fitting,False,(614) 410-0018,https://stores.dickssportinggoods.com/oh/columbus/1666/?seo=localpack,1510 Polaris Pkwy,Columbus,Ohio,OH,43240,40.1468969,-82.9800988,America/New_York,4.1,Well Reviewed,0,288,True,True,"https://www.google.com/maps/place/DICK%27S+House+of+Sport/@40.1468969,-82.9800988,14z/data=!4m8!1m2!2m1!1sDICK%27S+House+of+Sport!3m4!1s0x8838f463f898e411:0x7c045b016084d2d9!8m2!3d40.1468969!4d-82.9800988",Club Fitting | Club Repair | Golf Lessons | Golf Simulator | Launch Monitor | Shaft & Grip Sales | Retail / Pro Shop,7,True,Indoor,True,"{""Wednesday"": [""9AM-9PM""]}",False,OPERATIONAL,True,crawled,boutique golf shop Ohio,False,DICK'S House of Sport,"{""Accessibility"": {""Wheelchair accessible entrance"": true, ""Wheelchair accessible parking lot"": true}}",
Egelhoff Sports,Retailer,Golf Retail,False,(614) 436-5700,https://www.egelhoffsports.com/,50 Dillmont Dr,Columbus,Ohio,OH,43235,40.1344776,-83.0150317,America/New_York,4.8,Top Rated,0,5,True,True,"https://www.google.com/maps/place/Egelhoff+Sports/@40.1344776,-83.0150317,14z/data=!4m8!1m2!2m1!1sEgelhoff+Sports!3m4!1s0x8838f30ca8a64d93:0xca731c3175058c9e!8m2!3d40.1344776!4d-83.0150317",Retail / Pro Shop,1,False,Indoor,True,"{""Wednesday"": [""10AM-5PM""]}",False,OPERATIONAL,True,crawled,boutique golf shop Ohio,False,Egelhoff Sports,"{""Accessibility"": {""Wheelchair accessible entrance"": true, ""Wheelchair accessible parking lot"": true}}",
Nike Easton,Retailer,Golf Retail,False,(380) 204-0531,https://www.nike.com/retail/s/nike-well-collective-easton?cp=84620811901_seo_&y_source=1_MjUwNjcwMTItNzE1LWxvY2F0aW9uLndlYnNpdGU=,3964 Townsfair Way,Columbus,Ohio,OH,43219,40.04927139999999,-82.9159949,America/New_York,4.0,Well Reviewed,0,66,True,True,"https://www.google.com/maps/place/Nike+Easton/@40.049271399999995,-82.9159949,14z/data=!4m8!1m2!2m1!1sNike+Easton!3m4!1s0x88388bc6a7870e5b:0xf5e7bf6e67a57c74!8m2!3d40.049271399999995!4d-82.9159949",Retail / Pro Shop,1,False,Indoor,True,"{""Wednesday"": [""Closed""]}",False,OPERATIONAL,True,crawled,boutique golf shop Ohio,False,Nike Easton,"{""Accessibility"": {""Wheelchair accessible entrance"": true, ""Wheelchair accessible parking lot"": true}}",
Scorecards Unlimited,Retailer,Golf Retail,False,(800) 945-9617,https://www.scorecardsunlimited.net/,6334 Huntley Rd,Columbus,Ohio,OH,43229,40.0946227,-82.99746809999999,America/New_York,5.0,Top Rated,0,5,True,True,"https://www.google.com/maps/place/Scorecards+Unlimited/@40.094622699999995,-82.99746809999999,14z/data=!4m8!1m2!2m1!1sScorecards+Unlimited!3m4!1s0x88388cab9e95703f:0x21f5110dc3f30771!8m2!3d40.094622699999995!4d-82.99746809999999",Retail / Pro Shop | Membership Programs,2,False,Indoor,True,"{""Wednesday"": [""6AM-3:30PM""]}",False,OPERATIONAL,True,crawled,boutique golf shop Ohio,False,Scorecards Unlimited,"{""Accessibility"": {""Wheelchair accessible parking lot"": true}}",enriched
Swing Space GOLF,Simulator,Club Fitting,False,(614) 694-0006,https://swingspace.com/,5931 E Main St,Columbus,Ohio,OH,43213,39.9534041,-82.8402593,America/New_York,4.9,Top Rated,0,11,True,True,"https://www.google.com/maps/place/Swing+Space+Golf/@39.9534041,-82.8402593,14z/data=!4m8!1m2!2m1!1sSwing+Space+Golf!3m4!1s0x883863e3ba235a41:0xeddc7a78dc84c01e!8m2!3d39.9534041!4d-82.8402593",Club Fitting | Golf Lessons | Golf Simulator | Launch Monitor,4,True,Indoor,True,"{""Wednesday"": [""9AM-9PM""]}",False,OPERATIONAL,True,crawled,boutique golf shop Ohio,False,Swing Space Golf,"{""Accessibility"": {""Wheelchair accessible entrance"": true, ""Wheelchair accessible parking lot"": true, ""Wheelchair accessible restroom"": true}}",
Buckeye Performance GOLF,Retailer,Golf Instruction,False,(513) 465-6113,https://www.buckeyeperformancegolf.com/,6564 Longshore St,Dublin,Ohio,OH,43017,40.1015188,-83.1091489,America/New_York,3.5,Standard,0,12,True,True,"https://www.google.com/maps/place/Buckeye+Performance+Golf/@40.1015188,-83.1091489,14z/data=!4m8!1m2!2m1!1sBuckeye+Performance+Golf!3m4!1s0x8838ed4c7368e64b:0xbd14a33a9ccd211!8m2!3d40.1015188!4d-83.1091489",Golf Lessons | Retail / Pro Shop,2,False,Indoor,True,"{""Wednesday"": [""7AM-8PM""]}",False,OPERATIONAL,True,recrawled,independent clubmaker Ohio,False,Buckeye Performance Golf,"{""Accessibility"": {""Wheelchair accessible entrance"": true, ""Wheelchair accessible parking lot"": true, ""Wheelchair accessible restroom"": true}}",
Jl GOLF Lab,Clubfitter,Club Fitting,False,(614) 477-2495,https://jlgolflab.com/,4344 Tuller Rd,Dublin,Ohio,OH,43017,40.108726,-83.106526,America/New_York,0.0,Unrated,0,2,True,True,"https://www.google.com/maps/place/JL+Golf+Lab/@40.108726,-83.106526,14z/data=!4m8!1m2!2m1!1sJL+Golf+Lab!3m4!1s0x8838ed337c006299:0x488de97ef2ab243b!8m2!3d40.108726!4d-83.106526",Club Fitting | Golf Lessons | Launch Monitor | Golf Simulator | Retail / Pro Shop,5,True,Indoor,True,"{""Wednesday"": [""5AM-11PM""]}",False,OPERATIONAL,True,crawled,independent clubmaker Ohio,False,JL Golf Lab,"{""Accessibility"": {""Wheelchair accessible entrance"": true, ""Wheelchair accessible parking lot"": true, ""Wheelchair accessible restroom"": true}}",
Par GOLF Premier Fitting & PRO Shop,Golf Course / Pro Shop,Club Fitting,False,(614) 792-3553,https://www.pargolfproshop.com/,5805 Sawmill Rd,Dublin,Ohio,OH,43017,40.0849135,-83.0926652,America/New_York,4.8,Top Rated,0,11,True,True,"https://www.google.com/maps/place/Par+Golf+Premier+Fitting+%26+Pro+Shop/@40.0849135,-83.0926652,14z/data=!4m8!1m2!2m1!1sPar+Golf+Premier+Fitting+%26+Pro+Shop!3m4!1s0x883892bc8f22a8b7:0x5448258efa5ad841!8m2!3d40.0849135!4d-83.0926652",Club Fitting | Club Repair | Custom Club Building | Retail / Pro Shop,4,True,Outdoor,True,"{""Wednesday"": [""10AM-7PM""]}",False,OPERATIONAL,True,crawled,independent clubmaker Ohio,False,Par Golf Premier Fitting & Pro Shop,"{""Accessibility"": {""Wheelchair accessible entrance"": true, ""Wheelchair accessible parking lot"": true}}",
The GOLF House,Simulator,Club Fitting,False,(614) 467-0362,https://www.theohiogolfhouse.com/,4140 Tuller Rd #131,Dublin,Ohio,OH,43017,40.1080316,-83.1015579,America/New_York,3.8,Well Reviewed,0,15,True,True,"https://www.google.com/maps/place/The+Golf+House/@40.1080316,-83.1015579,14z/data=!4m8!1m2!2m1!1sThe+Golf+House!3m4!1s0x8838edb864f3e77f:0x5a8dcd9f7e1eb14a!8m2!3d40.1080316!4d-83.1015579",Club Fitting | Golf Lessons | Launch Monitor | Golf Simulator | Retail / Pro Shop | Shaft & Grip Sales,6,True,Indoor,True,"{""Wednesday"": [""Open 24 hours""]}",False,OPERATIONAL,True,crawled,custom club fitting Ohio,False,The Golf House,"{""Accessibility"": {""Wheelchair accessible entrance"": true, ""Wheelchair accessible parking lot"": true, ""Wheelchair accessible restroom"": true}}",
The GOLF Room,Driving Range,Club Fitting,False,(614) 747-5006,https://www.thegolfroom.com/,6615 Dublin Center Dr,Dublin,Ohio,OH,43017,40.1032582,-83.0955122,America/New_York,4.9,Top Rated,0,112,True,True,"https://www.google.com/maps/place/The+Golf+Room/@40.1032582,-83.0955122,14z/data=!4m8!1m2!2m1!1sThe+Golf+Room!3m4!1s0x883892a563ec2f71:0xcfaebd48e703f32a!8m2!3d40.1032582!4d-83.0955122",Club Fitting | Golf Lessons | Launch Monitor,3,True,Outdoor,True,"{""Wednesday"": [""7AM-9PM""]}",False,OPERATIONAL,True,crawled,independent clubmaker Ohio,False,The Golf Room,"{""Accessibility"": {""Wheelchair accessible entrance"": true, ""Wheelchair accessible parking lot"": true, ""Wheelchair accessible restroom"": true, ""Wheelchair accessible seating"": true}}",
The GOLF Depot,Driving Range,Driving Range,False,,https://www.facebook.com/GolfDepot/,789 Science Blvd,Gahanna,Ohio,OH,43230,39.9969423,-82.84492589999999,America/New_York,3.8,Well Reviewed,0,115,True,False,"https://www.google.com/maps/place/The+Golf+Depot/@39.9969423,-82.84492589999999,14z/data=!4m8!1m2!2m1!1sThe+Golf+Depot!3m4!1s0x883863dcdf19f2ad:0xbed0d8ed83d6e56e!8m2!3d39.9969423!4d-82.84492589999999",Golf Lessons,1,False,Outdoor,True,"{""Wednesday"": [""10AM-8PM""]}",False,OPERATIONAL,True,crawled,boutique golf shop Ohio,False,The Golf Depot,"{""Accessibility"": {""Wheelchair accessible entrance"": true, ""Wheelchair accessible parking lot"": true}}",enriched
Royal American Links,Instruction,Golf Instruction,False,(740) 965-1215,https://www.royalamericanlinks.com/,3300 Miller-Paul Rd,Galena,Ohio,OH,43021,40.181397,-82.8290791,America/New_York,3.7,Standard,0,320,True,True,"https://www.google.com/maps/place/Royal+American+Links/@40.181397,-82.8290791,14z/data=!4m8!1m2!2m1!1sRoyal+American+Links!3m4!1s0x8838595bd373306b:0x6d09e124e72ec345!8m2!3d40.181397!4d-82.8290791",Golf Lessons | Golf Travel | Membership / Club Programs,3,False,Unknown,True,,False,OPERATIONAL,True,recrawled,custom club fitting Ohio,False,Royal American Links,"{""Accessibility"": {""Wheelchair accessible entrance"": true, ""Wheelchair accessible parking lot"": true, ""Wheelchair accessible restroom"": true, ""Wheelchair accessible seating"": true}}",
Granville Golfland,Driving Range,Club Fitting,False,(740) 587-4147,https://www.granvillegolfland.com/,1221 W River Rd,Granville,Ohio,OH,43023,40.0582273,-82.5088718,America/New_York,4.6,Highly Rated,0,42,True,True,"https://www.google.com/maps/place/Granville+Golfland/@40.0582273,-82.5088718,14z/data=!4m8!1m2!2m1!1sGranville+Golfland!3m4!1s0x88381584df076607:0xb75de05b8175da3c!8m2!3d40.0582273!4d-82.5088718",Club Fitting | Club Repair | Custom Club Building | Launch Monitor | Retail / Pro Shop,5,True,Outdoor,True,"{""Wednesday"": [""11AM-5PM""]}",False,OPERATIONAL,True,crawled,custom club fitting Ohio,False,Granville Golfland,"{""Accessibility"": {""Wheelchair accessible entrance"": true, ""Wheelchair accessible parking lot"": true}}",
"Fit To A Tee: Golf, Tennis & Pickleball",Simulator,Club Repair,False,(513) 367-4653,https://www.fittoateeshop.com/,1145 Stone Dr,Harrison,Ohio,OH,45030,39.2583627,-84.7976022,America/New_York,3.9,Well Reviewed,0,80,True,True,"https://www.google.com/maps/place/Fit+To+a+Tee%3A+Golf%2C+Tennis+%26+Pickleball/@39.2583627,-84.7976022,14z/data=!4m8!1m2!2m1!1sFit+To+a+Tee%3A+Golf%2C+Tennis+%26+Pickleball!3m4!1s0x88402dbce571c3cb:0xbce4377a11444d9e!8m2!3d39.2583627!4d-84.7976022",Club Repair | Custom Club Building | Retail / Pro Shop | Shaft & Grip Sales,4,True,Indoor,True,"{""Wednesday"": [""10AM-6PM""]}",False,OPERATIONAL,True,crawled,independent clubmaker Ohio,False,"Fit To a Tee: Golf, Tennis & Pickleball","{""Accessibility"": {""Wheelchair accessible entrance"": true, ""Wheelchair accessible parking lot"": true, ""Wheelchair accessible restroom"": true}}",
Lakeshore GOLF Studio,Instruction,Golf Instruction,False,(419) 407-6550,https://my.pga.com/coach/codymartin/schedule,515 Cleveland Rd W,Huron,Ohio,OH,44839,41.3985722,-82.56001789999999,America/New_York,5.0,Top Rated,0,10,True,True,"https://www.google.com/maps/place/Lakeshore+Golf+Studio/@41.3985722,-82.56001789999999,14z/data=!4m8!1m2!2m1!1sLakeshore+Golf+Studio!3m4!1s0x883a6b315782a845:0x5980be80bf20a198!8m2!3d41.3985722!4d-82.56001789999999",,0,False,Unknown,True,"{""Wednesday"": [""10AM-4PM""]}",False,OPERATIONAL,True,crawled,custom club fitting Ohio,False,Lakeshore Golf Studio,"{""Accessibility"": {""Wheelchair accessible entrance"": true, ""Wheelchair accessible parking lot"": true, ""Wheelchair accessible restroom"": true, ""Wheelchair accessible seating"": true}}",failed
Conquest Custom GOLF,Clubfitter,Club Fitting,False,(513) 312-1598,https://www.conquestcustomgolf.com/,4889 Mercedes Dr Suite D,Liberty Township,Ohio,OH,45011,39.4250462,-84.45456539999999,America/New_York,4.8,Top Rated,0,12,True,True,"https://www.google.com/maps/place/Conquest+Custom+Golf/@39.4250462,-84.45456539999999,14z/data=!4m8!1m2!2m1!1sConquest+Custom+Golf!3m4!1s0x884044bc9ae2643b:0x826d254d4c03e759!8m2!3d39.4250462!4d-84.45456539999999",Club Fitting | Club Repair | Custom Club Building | Launch Monitor | Club Rentals | Retail / Pro Shop | Shaft & Grip Sales,7,True,Indoor,True,"{""Wednesday"": [""10AM-4PM""]}",False,OPERATIONAL,True,crawled,independent clubmaker Ohio,False,Conquest Custom Golf,"{""Accessibility"": {""Wheelchair accessible parking lot"": true, ""Wheelchair accessible entrance"": false}, ""Other"": {""Identifies as veteran-owned"": true}}",
Swing Rite GOLF Center & Gun Shop,Driving Range,Club Fitting,False,(419) 331-7483,https://www.swingritegolf.com/,525 N Stevick Rd,Lima,Ohio,OH,45807,40.744157,-84.1798532,America/New_York,4.9,Top Rated,0,26,True,True,"https://www.google.com/maps/place/Swing+Rite+Golf+Center+%26+Gun+Shop/@40.744157,-84.1798532,14z/data=!4m8!1m2!2m1!1sSwing+Rite+Golf+Center+%26+Gun+Shop!3m4!1s0x883ef3f12c0a0edd:0x48a0bf2f5d9d11f6!8m2!3d40.744157!4d-84.1798532",Club Fitting | Club Repair | Golf Lessons | Launch Monitor | Golf Simulator | Retail / Pro Shop | Shaft & Grip Sales,7,True,Indoor,True,"{""Wednesday"": [""10AM-8PM""]}",False,OPERATIONAL,True,crawled,custom club fitting Ohio,False,Swing Rite Golf Center & Gun Shop,"{""Accessibility"": {""Wheelchair accessible entrance"": true, ""Wheelchair accessible parking lot"": true}}",
GOLF Ball Manufacturers,Retailer,Golf Retail,False,(800) 472-7432,https://anygolfball.com/,326 N Water St,Loudonville,Ohio,OH,44842,40.639004,-82.2346166,America/New_York,4.7,Top Rated,0,4,True,True,"https://www.google.com/maps/place/Golf+Ball+Manufacturers/@40.639004,-82.2346166,14z/data=!4m8!1m2!2m1!1sGolf+Ball+Manufacturers!3m4!1s0x8839df6aeb5a7a6d:0x845f264e15aba75c!8m2!3d40.639004!4d-82.2346166",Retail / Pro Shop,1,False,Indoor,True,"{""Wednesday"": [""9AM-5PM""]}",False,OPERATIONAL,True,crawled,independent clubmaker Ohio,False,Golf Ball Manufacturers,"{""Accessibility"": {""Wheelchair accessible parking lot"": true}}",
GOLF Ball Refurbisher,Retailer,Club Repair,False,(416) 271-5076,https://golfballrefurbishers.com/,326 N Water St,Loudonville,Ohio,OH,44842,40.6390455,-82.2339961,America/New_York,2.3,Standard,0,5,True,True,"https://www.google.com/maps/place/Golf+Ball+Refurbisher/@40.6390455,-82.2339961,14z/data=!4m8!1m2!2m1!1sGolf+Ball+Refurbisher!3m4!1s0x8839df6aeb5a7a6d:0xf0c9913436a05d18!8m2!3d40.6390455!4d-82.2339961",Club Repair | Retail / Pro Shop | Trade-In / Used Clubs,3,False,Indoor,True,"{""Wednesday"": [""7AM-5PM""]}",False,OPERATIONAL,True,crawled,boutique golf shop Ohio,False,Golf Ball Refurbisher,{},
Renew GOLF Balls,Retailer,Golf Retail,False,(330) 283-8770,https://www.renewgolfballs.com/,326 N Water St,Loudonville,Ohio,OH,44842,40.6390651,-82.2339253,America/New_York,0.0,Unrated,0,8,True,True,"https://www.google.com/maps/place/ReNew+Golf+Balls/@40.639065099999996,-82.2339253,14z/data=!4m8!1m2!2m1!1sReNew+Golf+Balls!3m4!1s0x6a7aa91281d52c29:0x262aa8fb828614bf!8m2!3d40.639065099999996!4d-82.2339253",Retail / Pro Shop,1,False,Indoor,True,"{""Wednesday"": [""Open 24 hours""]}",False,OPERATIONAL,True,crawled,independent clubmaker Ohio,False,ReNew Golf Balls,"{""Accessibility"": {""Wheelchair accessible parking lot"": true}}",
Windmill GOLF Center,Driving Range,Club Fitting,False,(330) 467-6425,https://www.windmillgolfcenter.com/,1511 E Aurora Rd,Macedonia,Ohio,OH,44056,41.3129835,-81.48492139999999,America/New_York,4.7,Top Rated,0,47,True,True,"https://www.google.com/maps/place/Windmill+Golf+Center/@41.3129835,-81.48492139999999,14z/data=!4m8!1m2!2m1!1sWindmill+Golf+Center!3m4!1s0x88311fbb5c55eb29:0x3dabd0b28dce11de!8m2!3d41.3129835!4d-81.48492139999999",Club Fitting | Launch Monitor | Retail / Pro Shop | Shaft & Grip Sales,4,True,Outdoor,True,"{""Wednesday"": [""10AM-5PM""]}",False,OPERATIONAL,True,crawled,independent clubmaker Ohio,False,Windmill Golf Center,"{""Accessibility"": {""Wheelchair accessible entrance"": true, ""Wheelchair accessible parking lot"": true}}",
Marion Country Club,Retailer,Golf Retail,False,(740) 387-0974,https://www.marioncountryclub.com/,2415 Crissinger Rd,Marion,Ohio,OH,43302,40.5413475,-83.1598434,America/New_York,4.4,Highly Rated,0,98,True,True,"https://www.google.com/maps/place/Marion+Country+Club/@40.5413475,-83.1598434,14z/data=!4m8!1m2!2m1!1sMarion+Country+Club!3m4!1s0x88391bdb8a4b12c1:0x48bce91fb22f1e57!8m2!3d40.5413475!4d-83.1598434",Retail / Pro Shop,1,False,Indoor,False,"{""Wednesday"": [""11AM-9PM""]}",False,OPERATIONAL,True,crawled,boutique golf shop Ohio,False,Marion Country Club,"{""Accessibility"": {""Wheelchair accessible entrance"": true, ""Wheelchair accessible parking lot"": true}}",
GOLF Performance 4 Life,Simulator,Golf Simulator,False,(330) 441-2988,https://www.golfperformance4life.com/,620 E Smith Rd Unit W-16,Medina,Ohio,OH,44256,41.1353273,-81.8551511,America/New_York,3.7,Standard,0,3,True,True,"https://www.google.com/maps/place/Golf+Performance+4+Life/@41.1353273,-81.8551511,14z/data=!4m8!1m2!2m1!1sGolf+Performance+4+Life!3m4!1s0x8830b7a61a7bd26d:0xf5d0d94a3a9f0b89!8m2!3d41.1353273!4d-81.8551511",Golf Lessons | Launch Monitor | Golf Simulator | Retail / Pro Shop,4,False,Indoor,True,"{""Wednesday"": [""8AM-8PM""]}",False,OPERATIONAL,True,crawled,independent clubmaker Ohio,False,Golf Performance 4 Life,"{""Accessibility"": {""Wheelchair accessible entrance"": true, ""Wheelchair accessible parking lot"": true, ""Wheelchair accessible restroom"": true}}",
Raincheck GOLF,Simulator,Club Fitting,False,(440) 578-8008,https://raincheck.golf/,8613 Tyler Blvd,Mentor,Ohio,OH,44060,41.687481,-81.3317883,America/New_York,4.9,Top Rated,0,23,True,True,"https://www.google.com/maps/place/RainCheck+Golf/@41.687481,-81.3317883,14z/data=!4m8!1m2!2m1!1sRainCheck+Golf!3m4!1s0x8831a5f572a655d1:0x3881d1a677100fb!8m2!3d41.687481!4d-81.3317883",Club Fitting | Club Repair | Custom Club Building | Golf Simulator | Retail / Pro Shop | Shaft & Grip Sales,6,True,Indoor,True,"{""Wednesday"": [""10AM-10PM""]}",False,OPERATIONAL,True,crawled,independent clubmaker Ohio,False,RainCheck Golf,"{""Accessibility"": {""Wheelchair accessible entrance"": true, ""Wheelchair accessible parking lot"": true, ""Wheelchair accessible restroom"": true}}",
GOLF Exchange,Clubfitter,Club Fitting,False,(937) 353-8030,https://golfexchange.com/,3647 Rigby Rd,Miamisburg,Ohio,OH,45342,39.599425,-84.2325106,America/New_York,4.9,Top Rated,0,76,True,True,"https://www.google.com/maps/place/Golf+Exchange/@39.599425,-84.2325106,14z/data=!4m8!1m2!2m1!1sGolf+Exchange!3m4!1s0x8840898066d9c99b:0xe699b2dd4c256cae!8m2!3d39.599425!4d-84.2325106",Club Fitting | Club Repair | Custom Club Building | Retail / Pro Shop | Shaft & Grip Sales,5,True,Indoor,True,"{""Wednesday"": [""10AM-7PM""]}",False,OPERATIONAL,True,crawled,custom club fitting Ohio,False,Golf Exchange,"{""Accessibility"": {""Wheelchair accessible entrance"": true, ""Wheelchair accessible parking lot"": true}}",
The GOLF Shop,Retailer,Golf Retail,False,(419) 592-3911,https://thegolfshopnow.com/,15-211 US-6,Napoleon,Ohio,OH,43545,41.3988448,-84.15560529999999,America/New_York,4.8,Top Rated,0,9,True,True,"https://www.google.com/maps/place/The+Golf+Shop/@41.3988448,-84.15560529999999,14z/data=!4m8!1m2!2m1!1sThe+Golf+Shop!3m4!1s0x883c36ef6b54c723:0xc86026275e393bc8!8m2!3d41.3988448!4d-84.15560529999999",,0,False,Indoor,True,"{""Wednesday"": [""10AM-5PM""]}",False,OPERATIONAL,True,crawled,independent clubmaker Ohio,False,The Golf Shop,"{""Accessibility"": {""Wheelchair accessible entrance"": true, ""Wheelchair accessible parking lot"": true}}",failed
Gr GOLF,Retailer,Golf Retail,False,(419) 492-3232,https://www.grgolf.com/,207 High St,New Washington,Ohio,OH,44854,40.9636921,-82.8637919,America/New_York,0.0,Unrated,0,15,True,True,"https://www.google.com/maps/place/GR+Golf/@40.963692099999996,-82.8637919,14z/data=!4m8!1m2!2m1!1sGR+Golf!3m4!1s0x883983cafd930d47:0xb7cc86b1288ae1b9!8m2!3d40.963692099999996!4d-82.8637919",Retail / Pro Shop,1,False,Indoor,True,"{""Wednesday"": [""7:30AM-4PM""]}",False,OPERATIONAL,True,crawled,independent clubmaker Ohio,False,GR Golf,"{""Accessibility"": {""Wheelchair accessible entrance"": true, ""Wheelchair accessible parking lot"": true}}",
Joe Giles Indoor GOLF,Simulator,Golf Simulator,False,(740) 755-4077,https://joegilesindoorgolf.com/,,Newark,Ohio,OH,43055,40.048875,-82.4282293,America/New_York,5.0,Top Rated,0,6,True,False,"https://www.google.com/maps/place/Joe+Giles+Indoor+Golf/@40.048874999999995,-82.4282293,14z/data=!4m8!1m2!2m1!1sJoe+Giles+Indoor+Golf!3m4!1s0x883817e46bddd0a9:0xdd6b68ba764655cf!8m2!3d40.048874999999995!4d-82.4282293",Golf Lessons | Golf Simulator,2,False,Indoor,True,,False,OPERATIONAL,True,crawled,independent clubmaker Ohio,False,Joe Giles Indoor Golf,"{""Accessibility"": {""Wheelchair accessible entrance"": true, ""Wheelchair accessible parking lot"": true, ""Wheelchair accessible restroom"": true}}",
The Golfworks,Retailer,Golf Retail,False,(800) 848-8358,https://www.golfworks.com/,4820 Jacksontown Rd,Newark,Ohio,OH,43056,40.0202474,-82.40355629999999,America/New_York,3.8,Well Reviewed,0,44,True,True,"https://www.google.com/maps/place/The+GolfWorks/@40.020247399999995,-82.40355629999999,14z/data=!4m8!1m2!2m1!1sThe+GolfWorks!3m4!1s0x8838179e3e0376f3:0x9a093922ff9c859b!8m2!3d40.020247399999995!4d-82.40355629999999",Retail / Pro Shop | Shaft & Grip Sales,2,False,Indoor,True,"{""Wednesday"": [""10AM-5PM""]}",False,OPERATIONAL,True,crawled,independent clubmaker Ohio,False,The GolfWorks,"{""Accessibility"": {""Wheelchair accessible entrance"": true, ""Wheelchair accessible parking lot"": true}}",
Safari GOLF Club,Retailer,Golf Retail,False,(614) 645-3444,https://safarigolf.columbuszoo.org/,4853 Powell Rd,Powell,Ohio,OH,43065,40.1521224,-83.10836019999999,America/New_York,4.2,Well Reviewed,0,613,True,True,"https://www.google.com/maps/place/Safari+Golf+Club/@40.152122399999996,-83.10836019999999,14z/data=!4m8!1m2!2m1!1sSafari+Golf+Club!3m4!1s0x8838edaf258e31dd:0x33780eb7f362038f!8m2!3d40.152122399999996!4d-83.10836019999999",Shaft & Grip Sales | Retail / Pro Shop,2,False,Indoor,True,,False,OPERATIONAL,True,crawled,boutique golf shop Ohio,False,Safari Golf Club,"{""Accessibility"": {""Wheelchair accessible entrance"": true, ""Wheelchair accessible parking lot"": true, ""Wheelchair accessible restroom"": true}}",
"Grass Roots Golf,llc",Clubfitter,Club Fitting,False,(614) 886-6833,https://www.grassrootsgolfohio.com/,3835 N Section Line Rd,Radnor,Ohio,OH,43066,40.3706283,-83.1216204,America/New_York,4.7,Top Rated,0,10,True,True,"https://www.google.com/maps/place/Grass+Roots+Golf%2CLLC/@40.3706283,-83.1216204,14z/data=!4m8!1m2!2m1!1sGrass+Roots+Golf%2CLLC!3m4!1s0x8838e34f9430de2f:0x3756daafbc66e14c!8m2!3d40.3706283!4d-83.1216204",Club Fitting | Retail / Pro Shop,2,True,Indoor,True,,False,OPERATIONAL,True,crawled,custom club fitting Ohio,False,"Grass Roots Golf,LLC","{""Accessibility"": {""Wheelchair accessible entrance"": true, ""Wheelchair accessible parking lot"": true}}",
Windmill Lakes GOLF Club,Golf Course / Pro Shop,Club Fitting,False,(330) 297-0440,https://www.golfwindmilllakes.com/,6544 OH-14,Ravenna,Ohio,OH,44266,41.1735546,-81.2223101,America/New_York,4.6,Highly Rated,0,132,True,True,"https://www.google.com/maps/place/Windmill+Lakes+Golf+Club/@41.173554599999996,-81.2223101,14z/data=!4m8!1m2!2m1!1sWindmill+Lakes+Golf+Club!3m4!1s0x8831393b212787d7:0x24b599ce4d5b38ba!8m2!3d41.173554599999996!4d-81.2223101",Club Fitting | Golf Lessons | Retail / Pro Shop,3,True,Outdoor,True,"{""Wednesday"": [""8AM-6PM""]}",False,OPERATIONAL,True,crawled,boutique golf shop Ohio,False,Windmill Lakes Golf Club,"{""Accessibility"": {""Wheelchair accessible entrance"": true, ""Wheelchair accessible parking lot"": true}}",
Shelby Oaks GOLF Club,Golf Course / Pro Shop,Club Fitting,False,(937) 492-2883,https://shelbyoaks.com/,9900 Sidney-Freyburg Rd,Sidney,Ohio,OH,45365,40.344757,-84.1300964,America/New_York,4.5,Highly Rated,0,71,True,True,"https://www.google.com/maps/place/Shelby+Oaks+Golf+Club/@40.344757,-84.1300964,14z/data=!4m8!1m2!2m1!1sShelby+Oaks+Golf+Club!3m4!1s0x883f0512b40a0f4f:0xf428fa0ba356a500!8m2!3d40.344757!4d-84.1300964",Club Fitting | Golf Lessons | Golf Travel | Membership / Club Programs,4,True,Outdoor,True,"{""Wednesday"": [""7AM-9PM""]}",False,OPERATIONAL,True,recrawled,custom club fitting Ohio,False,Shelby Oaks Golf Club,"{""Accessibility"": {""Wheelchair accessible entrance"": true, ""Wheelchair accessible parking lot"": true, ""Wheelchair accessible restroom"": true}}",
Belmont Hills The GOLF PRO Shop,Golf Course / Pro Shop,Club Fitting,False,(740) 695-2263,https://bhccswingdoctor.com/,47080 National Rd W,St Clairsville,Ohio,OH,43950,40.071959,-80.941659,America/New_York,4.4,Highly Rated,0,16,True,True,"https://www.google.com/maps/place/Belmont+Hills+The+Golf+Pro+Shop/@40.071959,-80.941659,14z/data=!4m8!1m2!2m1!1sBelmont+Hills+The+Golf+Pro+Shop!3m4!1s0x88366e303039662d:0xf1c7458abb74a1b8!8m2!3d40.071959!4d-80.941659",Club Fitting | Golf Lessons | Golf Simulator | Retail / Pro Shop,4,True,Indoor,True,"{""Wednesday"": [""8AM-7PM""]}",False,OPERATIONAL,True,crawled,boutique golf shop Ohio,False,Belmont Hills The Golf Pro Shop,"{""Accessibility"": {""Wheelchair accessible entrance"": true, ""Wheelchair accessible parking lot"": true}}",
Willie's Custom GOLF Center,Simulator,Golf Simulator,False,(330) 324-5111,https://www.williescustomgolf.com/,4799 Yackey Dr NW,Strasburg,Ohio,OH,44680,40.5876767,-81.54589709999999,America/New_York,4.9,Top Rated,0,70,True,True,"https://www.google.com/maps/place/Willie%27s+Custom+Golf+Center/@40.587676699999996,-81.54589709999999,14z/data=!4m8!1m2!2m1!1sWillie%27s+Custom+Golf+Center!3m4!1s0x88371f79c5272b33:0x565929df7174fb86!8m2!3d40.587676699999996!4d-81.54589709999999",Golf Simulator | Retail / Pro Shop,2,False,Indoor,True,"{""Wednesday"": [""10AM-9PM""]}",False,OPERATIONAL,True,crawled,independent clubmaker Ohio,False,Willie's Custom Golf Center,"{""Accessibility"": {""Wheelchair accessible entrance"": true, ""Wheelchair accessible parking lot"": true, ""Wheelchair accessible restroom"": true}}",
Casto GOLF Academy,Clubfitter,Club Fitting,False,(614) 918-8166,https://castogolf.com/,1150 Wilson Rd,Sunbury,Ohio,OH,43074,40.2767173,-82.90119539999999,America/New_York,5.0,Top Rated,0,10,True,True,"https://www.google.com/maps/place/Casto+Golf+Academy/@40.2767173,-82.90119539999999,14z/data=!4m8!1m2!2m1!1sCasto+Golf+Academy!3m4!1s0x883857218e0d0409:0xa87a6c1a2cb1765c!8m2!3d40.2767173!4d-82.90119539999999",Club Fitting | Golf Lessons | Launch Monitor,3,True,Indoor,True,"{""Wednesday"": [""9AM-5PM""]}",False,OPERATIONAL,True,crawled,custom club fitting Ohio,False,Casto Golf Academy,"{""Accessibility"": {""Wheelchair accessible entrance"": true, ""Wheelchair accessible parking lot"": true}}",
Oh GOLF Carts,Retailer,Golf Retail,False,(740) 936-3088,https://www.ohgolfcarts.com/,3752 Condit Rd,Sunbury,Ohio,OH,43074,40.2607279,-82.7876119,America/New_York,5.0,Top Rated,0,40,True,True,"https://www.google.com/maps/place/OH+Golf+Carts/@40.2607279,-82.7876119,14z/data=!4m8!1m2!2m1!1sOH+Golf+Carts!3m4!1s0x88385107b49d0881:0x8fb8b4c907554fd1!8m2!3d40.2607279!4d-82.7876119",Retail / Pro Shop | Trade-In / Used Clubs,2,False,Indoor,True,"{""Wednesday"": [""10AM-5PM""]}",False,OPERATIONAL,True,crawled,boutique golf shop Ohio,False,OH Golf Carts,"{""Accessibility"": {""Wheelchair accessible entrance"": true, ""Wheelchair accessible parking lot"": true}}",
Under Armour Factory House - Tanger Outlet Columbus,Retailer,Golf Retail,False,(740) 965-3738,https://www.underarmour.com/en-us/stores/detail/UAFH-400SWRS500/,400 S Wilson Rd #500,Sunbury,Ohio,OH,43074,40.2604535,-82.9262284,America/New_York,4.4,Highly Rated,0,67,True,True,"https://www.google.com/maps/place/Under+Armour+Factory+House+-+Tanger+outlet+Columbus/@40.2604535,-82.9262284,14z/data=!4m8!1m2!2m1!1sUnder+Armour+Factory+House+-+Tanger+outlet+Columbus!3m4!1s0x8838f81f2f39ead1:0xcbc652776b5abfa8!8m2!3d40.2604535!4d-82.9262284",Retail / Pro Shop,1,False,Indoor,True,"{""Wednesday"": [""10AM-8PM""]}",False,OPERATIONAL,True,crawled,boutique golf shop Ohio,False,Under Armour Factory House - Tanger outlet Columbus,"{""Accessibility"": {""Wheelchair accessible entrance"": true, ""Wheelchair accessible parking lot"": true}}",
John Moldovan Professional Instruction Custom Clubs And Repair,Simulator,Golf Retail,False,(330) 844-4653,https://www.johnsgolfshop.com/,3751 Glen Eagles Blvd,Uniontown,Ohio,OH,44685,40.9614074,-81.4401733,America/New_York,5.0,Top Rated,0,16,True,True,"https://www.google.com/maps/place/John+Moldovan+Professional+Instruction+Custom+Clubs+and+Repair/@40.9614074,-81.4401733,14z/data=!4m8!1m2!2m1!1sJohn+Moldovan+Professional+Instruction+Custom+Clubs+and+Repair!3m4!1s0x8836d4b2bb613f15:0xc11a4d6484086759!8m2!3d40.9614074!4d-81.4401733",Retail / Pro Shop,1,True,Indoor,True,"{""Wednesday"": [""10AM-6PM""]}",False,OPERATIONAL,True,crawled,independent clubmaker Ohio,False,John Moldovan Professional Instruction Custom Clubs and Repair,"{""Accessibility"": {""Wheelchair accessible parking lot"": true}}",
Fine Tune GOLF,Retailer,Golf Retail,False,(330) 715-2282,https://www.finetunegolfing.com/,130 Reimer Rd,Wadsworth,Ohio,OH,44281,41.0529341,-81.69303939999999,America/New_York,0.0,Unrated,0,5,True,True,"https://www.google.com/maps/place/Fine+Tune+Golf/@41.0529341,-81.69303939999999,14z/data=!4m8!1m2!2m1!1sFine+Tune+Golf!3m4!1s0x8830cd5eea1d369f:0x9f99ba99f1adde2c!8m2!3d41.0529341!4d-81.69303939999999",,0,False,Indoor,True,"{""Wednesday"": [""Closed""]}",False,OPERATIONAL,True,crawled,custom club fitting Ohio,False,Fine Tune Golf,"{""Accessibility"": {""Wheelchair accessible parking lot"": true}}",failed
Mcgolf Custom Clubs,Clubfitter,Club Repair,False,(740) 941-4653,https://www.mcgolf.net/,188 Kent Ln,Waverly,Ohio,OH,45690,39.1449055,-82.9743075,America/New_York,4.8,Top Rated,0,13,True,True,"https://www.google.com/maps/place/McGolf+Custom+Clubs/@39.1449055,-82.9743075,14z/data=!4m8!1m2!2m1!1sMcGolf+Custom+Clubs!3m4!1s0x8847019ed5b2facb:0xc55837adb46d4a3c!8m2!3d39.1449055!4d-82.9743075",Club Repair | Custom Club Building | Launch Monitor | Retail / Pro Shop,4,True,Indoor,True,"{""Wednesday"": [""10AM-5PM""]}",False,OPERATIONAL,True,crawled,independent clubmaker Ohio,False,McGolf Custom Clubs,"{""Accessibility"": {""Wheelchair accessible entrance"": true, ""Wheelchair accessible parking lot"": true}}",
GOLF Exchange - West Chester,Clubfitter,Club Fitting,False,(513) 671-0212,https://golfexchange.com/,7610 Cox Ln,West Chester Township,Ohio,OH,45069,39.3579562,-84.3650148,America/New_York,4.8,Top Rated,0,123,True,True,"https://www.google.com/maps/place/Golf+Exchange+-+West+Chester/@39.3579562,-84.3650148,14z/data=!4m8!1m2!2m1!1sGolf+Exchange+-+West+Chester!3m4!1s0x88405a0f7826df7f:0xd1161d22bfc571ec!8m2!3d39.3579562!4d-84.3650148",Club Fitting | Club Repair | Shaft & Grip Sales | Retail / Pro Shop,4,True,Indoor,True,"{""Wednesday"": [""10AM-7PM""]}",False,OPERATIONAL,True,crawled,boutique golf shop Ohio,False,Golf Exchange - West Chester,"{""Accessibility"": {""Wheelchair accessible entrance"": true, ""Wheelchair accessible parking lot"": true}, ""Other"": {""LGBTQ+ friendly"": true}}",
The Pro-shop,Retailer,Golf Retail,False,(614) 890-0755,https://www.westervillegolf.com/,450 W Schrock Rd,Westerville,Ohio,OH,43081,40.1117544,-82.9421263,America/New_York,4.8,Top Rated,0,4,True,True,"https://www.google.com/maps/place/The+Pro-Shop/@40.111754399999995,-82.9421263,14z/data=!4m8!1m2!2m1!1sThe+Pro-Shop!3m4!1s0x8838f522e91660ff:0xadc3fb40b425b48!8m2!3d40.111754399999995!4d-82.9421263",Retail / Pro Shop,1,False,Indoor,True,"{""Wednesday"": [""10AM-6PM""]}",False,OPERATIONAL,True,crawled,custom club fitting Indiana,False,The Pro-Shop,"{""Accessibility"": {""Wheelchair accessible entrance"": true, ""Wheelchair accessible parking lot"": true}}",
Westerville GOLF Center,Retailer,Golf Retail,False,(614) 882-9079,https://www.westervillegolf.com/,450 W Schrock Rd,Westerville,Ohio,OH,43081,40.1110195,-82.94135279999999,America/New_York,4.6,Highly Rated,0,415,True,True,"https://www.google.com/maps/place/Westerville+Golf+Center/@40.1110195,-82.94135279999999,14z/data=!4m8!1m2!2m1!1sWesterville+Golf+Center!3m4!1s0x8838f522e91660ff:0x9c87c68a5a2e9868!8m2!3d40.1110195!4d-82.94135279999999",Retail / Pro Shop,1,False,Indoor,True,"{""Wednesday"": [""9AM-9PM""]}",False,OPERATIONAL,True,cached,custom club fitting Ohio,False,Westerville Golf Center,"{""Accessibility"": {""Wheelchair accessible entrance"": true, ""Wheelchair accessible parking lot"": true}}",
Cappy's Club Repair Shop,Retailer,Golf Retail,False,(330) 858-1825,https://cappysclubrepair.com/,26615 Center Ridge Rd #5,Westlake,Ohio,OH,44145,41.4508229,-81.91611639999999,America/New_York,4.6,Highly Rated,0,3,True,True,"https://www.google.com/maps/place/Cappy%27s+Club+Repair+Shop/@41.4508229,-81.91611639999999,14z/data=!4m8!1m2!2m1!1sCappy%27s+Club+Repair+Shop!3m4!1s0x8830925be5be1bd5:0x9b771f1a8798f43!8m2!3d41.4508229!4d-81.91611639999999",Retail / Pro Shop,1,False,Indoor,True,"{""Wednesday"": [""9:30AM-3PM""]}",False,OPERATIONAL,True,crawled,independent clubmaker Ohio,False,Cappy's Club Repair Shop,"{""Accessibility"": {""Wheelchair accessible entrance"": true, ""Wheelchair accessible parking lot"": true}}",
Chase Cooper GOLF,Clubfitter,Club Fitting,False,(580) 461-4407,https://www.chasecoopergolf.com/,1600 E Danforth Rd,Edmond,Oklahoma,OK,73034,35.6659286,-97.457511,America/Chicago,5.0,Top Rated,0,12,True,True,"https://www.google.com/maps/place/Chase+Cooper+Golf/@35.6659286,-97.457511,14z/data=!4m8!1m2!2m1!1sChase+Cooper+Golf!3m4!1s0x54ff88973cd800d:0xb7846abd9f90629e!8m2!3d35.6659286!4d-97.457511",Club Fitting | Golf Lessons | Launch Monitor | Retail / Pro Shop,4,True,Indoor,True,"{""Wednesday"": [""9AM-6PM""]}",False,OPERATIONAL,True,recrawled,independent clubmaker Oklahoma,False,Chase Cooper Golf,"{""Accessibility"": {""Wheelchair accessible entrance"": true, ""Wheelchair accessible parking lot"": true, ""Wheelchair accessible restroom"": true}}",
Graves GOLF,Clubfitter,Club Fitting,False,(866) 377-2316,https://gravesgolf.com/,4000 N Kelly Ave,Edmond,Oklahoma,OK,73003,35.6957379,-97.4956449,America/Chicago,3.7,Standard,0,27,True,True,"https://www.google.com/maps/place/Graves+Golf/@35.6957379,-97.4956449,14z/data=!4m8!1m2!2m1!1sGraves+Golf!3m4!1s0x87b1f5910b3e005f:0xc2b7d4f65f7941e3!8m2!3d35.6957379!4d-97.4956449",Club Fitting | Golf Lessons,2,True,Indoor,True,"{""Wednesday"": [""9AM-5PM""]}",False,OPERATIONAL,True,crawled,independent clubmaker Oklahoma,False,Graves Golf,"{""Accessibility"": {""Wheelchair accessible entrance"": true, ""Wheelchair accessible parking lot"": true, ""Wheelchair accessible restroom"": true}}",
Eazy Day GOLF & Vintage,Retailer,Golf Retail,False,,https://swingeazygolf.com/,132 NW 13th St,Oklahoma City,Oklahoma,OK,73103,35.4822367,-97.5154575,America/Chicago,5.0,Top Rated,0,13,True,True,"https://www.google.com/maps/place/Eazy+Day+Golf+%26+Vintage/@35.4822367,-97.5154575,14z/data=!4m8!1m2!2m1!1sEazy+Day+Golf+%26+Vintage!3m4!1s0x87b217043ff2fa99:0xff2a3d874c12b251!8m2!3d35.4822367!4d-97.5154575",Retail / Pro Shop,1,False,Indoor,True,"{""Wednesday"": [""1-6PM""]}",False,OPERATIONAL,True,crawled,independent clubmaker Oklahoma,False,Eazy Day Golf & Vintage,"{""Accessibility"": {""Wheelchair accessible entrance"": true, ""Wheelchair accessible parking lot"": true}}",
GOLF USA,Clubfitter,Club Fitting,False,(405) 749-4653,https://golfusa.com/,14040 Joel McDonald Dr,Oklahoma City,Oklahoma,OK,73134,35.6131834,-97.5628548,America/Chicago,4.6,Highly Rated,0,18,True,True,"https://www.google.com/maps/place/Golf+USA/@35.6131834,-97.5628548,14z/data=!4m8!1m2!2m1!1sGolf+USA!3m4!1s0x87b21395dccdabfb:0x7e43f22fc695e655!8m2!3d35.6131834!4d-97.5628548",Club Fitting | Club Repair | Custom Club Building | Golf Simulator | Launch Monitor | Shaft & Grip Sales | Retail / Pro Shop | Trade-In / Used Clubs,8,True,Indoor,True,"{""Wednesday"": [""9AM-7PM""]}",False,OPERATIONAL,True,crawled,independent clubmaker Oklahoma,False,Golf USA,"{""Accessibility"": {""Wheelchair accessible entrance"": true, ""Wheelchair accessible parking lot"": true}}",
Kyle Willmann GOLF,Instruction,Golf Instruction,False,(405) 258-8055,https://www.kylewillmanngolf.com/,13313 Pawnee Dr,Oklahoma City,Oklahoma,OK,73114,35.6026064,-97.5351031,America/Chicago,5.0,Top Rated,0,1,True,True,"https://www.google.com/maps/place/Kyle+Willmann+Golf/@35.6026064,-97.5351031,14z/data=!4m8!1m2!2m1!1sKyle+Willmann+Golf!3m4!1s0x87b21d7a0e12a4eb:0x903767cd8b6a7766!8m2!3d35.6026064!4d-97.5351031",Golf Lessons,1,False,Unknown,True,"{""Wednesday"": [""10AM-6PM""]}",False,OPERATIONAL,True,crawled,independent clubmaker Oklahoma,False,Kyle Willmann Golf,"{""Accessibility"": {""Wheelchair accessible entrance"": true, ""Wheelchair accessible parking lot"": true}}",
Strictly GOLF,Retailer,Golf Retail,False,(405) 721-4600,https://strictly-used-golf.poi.place/,6721 N Meridian Ave,Oklahoma City,Oklahoma,OK,73132,35.5403897,-97.6015739,America/Chicago,4.4,Highly Rated,0,5,True,False,"https://www.google.com/maps/place/Strictly+Golf/@35.5403897,-97.60157389999999,14z/data=!4m8!1m2!2m1!1sStrictly+Golf!3m4!1s0x87b21ad75cc2aca5:0xd3470efa5aa4eb78!8m2!3d35.5403897!4d-97.60157389999999",Retail / Pro Shop,1,False,Indoor,True,"{""Wednesday"": [""10AM-6PM""]}",False,OPERATIONAL,True,crawled,independent clubmaker Oklahoma,False,Strictly Golf,"{""Accessibility"": {""Wheelchair accessible entrance"": true, ""Wheelchair accessible parking lot"": true}}",
Swinglogic Ventures,Simulator,Golf Simulator,False,(909) 244-3380,https://www.swinglogic.us/,3705 W Memorial Rd STE 101B,Oklahoma City,Oklahoma,OK,73134,35.6122008,-97.5885092,America/Chicago,4.8,Top Rated,0,6,True,True,"https://www.google.com/maps/place/SwingLogic+Ventures/@35.6122008,-97.58850919999999,14z/data=!4m8!1m2!2m1!1sSwingLogic+Ventures!3m4!1s0x87b21ddf0c89592f:0xe2e0a12ef1fa6218!8m2!3d35.6122008!4d-97.58850919999999",Golf Lessons | Launch Monitor | Golf Simulator | Retail / Pro Shop,4,False,Indoor,True,"{""Wednesday"": [""9AM-5PM""]}",False,OPERATIONAL,True,crawled,independent clubmaker Oklahoma,False,SwingLogic Ventures,"{""Accessibility"": {""Wheelchair accessible entrance"": true, ""Wheelchair accessible parking lot"": true}}",
Baker's Custom GOLF,Clubfitter,Club Fitting,False,(918) 252-4422,https://bakerscustomgolf.com/,9909 E 61st St,Tulsa,Oklahoma,OK,74133,36.0757053,-95.8654546,America/Chicago,4.5,Highly Rated,0,3,True,True,"https://www.google.com/maps/place/Baker%27s+Custom+Golf/@36.075705299999996,-95.86545459999999,14z/data=!4m8!1m2!2m1!1sBaker%27s+Custom+Golf!3m4!1s0x87b68da83c6a3149:0x8e188d5a8b75b3ef!8m2!3d36.075705299999996!4d-95.86545459999999",Club Fitting | Club Repair | Launch Monitor | Retail / Pro Shop | Shaft & Grip Sales,5,True,Indoor,True,"{""Wednesday"": [""6AM-6PM""]}",False,OPERATIONAL,True,crawled,independent clubmaker Oklahoma,False,Baker's Custom Golf,"{""Accessibility"": {""Wheelchair accessible entrance"": true, ""Wheelchair accessible parking lot"": true}}",
Mackenzie GOLF Bags,Retailer,Golf Retail,False,(503) 734-6355,https://www.mackenziegolfbags.com/,8085 SW Cirrus Dr #19E,Beaverton,Oregon,OR,97008,45.4616761,-122.7909918,America/Los_Angeles,5.0,Top Rated,0,7,True,False,"https://www.google.com/maps/place/MacKenzie+Golf+Bags/@45.4616761,-122.7909918,14z/data=!4m8!1m2!2m1!1sMacKenzie+Golf+Bags!3m4!1s0x54950ca53126c01b:0xf30e671a29c4604!8m2!3d45.4616761!4d-122.7909918",Retail / Pro Shop,1,False,Indoor,True,"{""Wednesday"": [""8AM-5PM""]}",False,OPERATIONAL,True,recrawled,independent clubmaker Oregon,False,MacKenzie Golf Bags,"{""Accessibility"": {""Wheelchair accessible entrance"": true, ""Wheelchair accessible parking lot"": true}}",
Redtail GOLF Center,Driving Range,Club Fitting,False,(503) 646-5166,https://golfredtail.com/,8200 SW Scholls Ferry Rd,Beaverton,Oregon,OR,97008,45.4608887,-122.778375,America/Los_Angeles,4.0,Well Reviewed,0,1670,True,True,"https://www.google.com/maps/place/RedTail+Golf+Center/@45.4608887,-122.778375,14z/data=!4m8!1m2!2m1!1sRedTail+Golf+Center!3m4!1s0x54950c5e8465804d:0xda8ec0e571eec736!8m2!3d45.4608887!4d-122.778375",Club Fitting | Club Repair | Golf Lessons | Launch Monitor | Retail / Pro Shop,5,True,Outdoor,True,"{""Wednesday"": [""5:30AM-10PM""]}",False,OPERATIONAL,True,crawled,boutique golf shop Oregon,False,RedTail Golf Center,"{""Accessibility"": {""Wheelchair accessible parking lot"": true}}",
Seamus GOLF,Retailer,Golf Retail,False,(503) 526-9048,https://www.seamusgolf.com/,9640 SW Sunshine Ct #700,Beaverton,Oregon,OR,97005,45.4750135,-122.7758009,America/Los_Angeles,4.2,Well Reviewed,0,58,True,True,"https://www.google.com/maps/place/Seamus+Golf/@45.475013499999996,-122.7758009,14z/data=!4m8!1m2!2m1!1sSeamus+Golf!3m4!1s0x54950c1329179d47:0x3639bae067dc6562!8m2!3d45.475013499999996!4d-122.7758009",Retail / Pro Shop,1,False,Indoor,True,"{""Wednesday"": [""8AM-4:30PM""]}",False,OPERATIONAL,True,crawled,boutique golf shop Oregon,False,Seamus Golf,"{""Accessibility"": {""Wheelchair accessible entrance"": true, ""Wheelchair accessible parking lot"": true}, ""Other"": {""LGBTQ+ friendly"": true, ""Identifies as women-owned"": true}}",
Parscription GOLF,Clubfitter,Club Fitting,False,(541) 593-4653,https://parxgolfbend.com/,100 NE Bend River Mall Dr #102,Bend,Oregon,OR,97703,44.0851263,-121.3039338,America/Los_Angeles,4.5,Highly Rated,0,12,True,True,"https://www.google.com/maps/place/Parscription+Golf/@44.0851263,-121.3039338,14z/data=!4m8!1m2!2m1!1sParscription+Golf!3m4!1s0x54b8c8cbddb9ee63:0x1b10c0a8e930d5e2!8m2!3d44.0851263!4d-121.3039338",Club Fitting | Club Repair | Custom Club Building | Golf Lessons | Golf Simulator | Retail / Pro Shop | Shaft & Grip Sales,7,True,Indoor,True,"{""Wednesday"": [""10AM-5PM""]}",False,OPERATIONAL,True,crawled,independent clubmaker Oregon,False,Parscription Golf,"{""Accessibility"": {""Wheelchair accessible entrance"": true, ""Wheelchair accessible parking lot"": true}}",
Pinemeadow GOLF,Clubfitter,Club Fitting,False,(800) 309-6878,https://www.pinemeadowgolf.com/,6710 SW McEwan Rd,Lake Oswego,Oregon,OR,97035,45.3899732,-122.7451734,America/Los_Angeles,3.6,Standard,0,1,True,False,"https://www.google.com/maps/place/Pinemeadow+Golf/@45.3899732,-122.7451734,14z/data=!4m8!1m2!2m1!1sPinemeadow+Golf!3m4!1s0x54956dd62cce6a6d:0x1a4bb5b7f6954c5!8m2!3d45.3899732!4d-122.7451734",Club Fitting | Retail / Pro Shop | Shaft & Grip Sales,3,True,Indoor,True,"{""Wednesday"": [""7:30AM-4:30PM""]}",False,OPERATIONAL,True,crawled,independent clubmaker Oregon,False,Pinemeadow Golf,"{""Accessibility"": {""Wheelchair accessible entrance"": true, ""Wheelchair accessible parking lot"": true}}",
Birdiefinish GOLF,Clubfitter,Club Fitting,False,(503) 518-0085,https://www.birdiefinishgolf.com/,14214 Fir St,Oregon City,Oregon,OR,97045,45.3320491,-122.5781453,America/Los_Angeles,4.9,Top Rated,0,6,True,True,"https://www.google.com/maps/place/BirdieFinish+Golf/@45.3320491,-122.57814529999999,14z/data=!4m8!1m2!2m1!1sBirdieFinish+Golf!3m4!1s0x549570cbe7efc17d:0xe7e309ba4b2d6471!8m2!3d45.3320491!4d-122.57814529999999",Club Fitting | Custom Club Building | Golf Lessons | Golf Simulator | Shaft & Grip Sales,5,True,Indoor,True,"{""Wednesday"": [""10AM-5PM""]}",False,OPERATIONAL,True,crawled,independent clubmaker Oregon,False,BirdieFinish Golf,"{""Accessibility"": {""Wheelchair accessible entrance"": true, ""Wheelchair accessible parking lot"": true}}",
GOLF Garage,Clubfitter,Club Fitting,False,(541) 897-9982,https://www.golfgarageoregon.com/,3336 Grove Rd Suite A,Phoenix,Oregon,OR,97535,42.284574,-122.816151,America/Los_Angeles,4.9,Top Rated,0,49,True,True,"https://www.google.com/maps/place/Golf+Garage/@42.284574,-122.81615099999999,14z/data=!4m8!1m2!2m1!1sGolf+Garage!3m4!1s0x54cf7100568c89b1:0xee336b766c89365a!8m2!3d42.284574!4d-122.81615099999999",Club Fitting | Golf Lessons | Launch Monitor | Golf Simulator | Retail / Pro Shop,5,True,Indoor,True,"{""Wednesday"": [""Open 24 hours""]}",False,OPERATIONAL,True,crawled,independent clubmaker Oregon,False,Golf Garage,"{""Accessibility"": {""Wheelchair accessible entrance"": true, ""Wheelchair accessible parking lot"": true, ""Wheelchair accessible restroom"": true}}",
Hacker GOLF,Retailer,Golf Retail,False,(503) 703-2553,https://www.hackergolf.com/,13821 NE Airport Way,Portland,Oregon,OR,97230,45.56232749999999,-122.5204139,America/Los_Angeles,5.0,Top Rated,0,16,True,True,"https://www.google.com/maps/place/Hacker+Golf/@45.562327499999995,-122.5204139,14z/data=!4m8!1m2!2m1!1sHacker+Golf!3m4!1s0x5495a3daf1d4ab53:0x405dc0a30723133f!8m2!3d45.562327499999995!4d-122.5204139",Retail / Pro Shop,1,False,Indoor,True,"{""Wednesday"": [""9AM-5PM""]}",False,OPERATIONAL,True,crawled,boutique golf shop Oregon,False,Hacker Golf,"{""Accessibility"": {""Wheelchair accessible entrance"": true, ""Wheelchair accessible parking lot"": true}}",
Matchstick GOLF,Retailer,Golf Retail,False,(971) 393-4933,https://www.matchstickgolf.com/,7440 N Charleston Ave,Portland,Oregon,OR,97203,45.5896582,-122.7516407,America/Los_Angeles,5.0,Top Rated,0,35,True,True,"https://www.google.com/maps/place/Matchstick+Golf/@45.589658199999995,-122.7516407,14z/data=!4m8!1m2!2m1!1sMatchstick+Golf!3m4!1s0x5495a90d51a74269:0x67ecfb5f2aeee94d!8m2!3d45.589658199999995!4d-122.7516407",Retail / Pro Shop,1,False,Indoor,True,,False,OPERATIONAL,True,crawled,boutique golf shop Oregon,False,Matchstick Golf,"{""Accessibility"": {""Wheelchair accessible parking lot"": true, ""Wheelchair accessible restroom"": true}, ""Other"": {""LGBTQ+ friendly"": true}}",
Muni Kids,Retailer,Golf Instruction,False,(503) 354-4554,https://munikids.com/,499 SE 2nd Ave,Portland,Oregon,OR,97214,45.5194911,-122.6640119,America/Los_Angeles,4.0,Well Reviewed,0,2,True,True,"https://www.google.com/maps/place/Muni+Kids%C2%AE/@45.519491099999996,-122.66401189999999,14z/data=!4m8!1m2!2m1!1sMuni+Kids%C2%AE!3m4!1s0x5495a1cd755809af:0xe19560af2444ac7b!8m2!3d45.519491099999996!4d-122.66401189999999",Golf Lessons | Retail / Pro Shop,2,False,Indoor,True,"{""Wednesday"": [""11AM-7PM""]}",False,OPERATIONAL,True,crawled,boutique golf shop Oregon,False,Muni Kids®,"{""Accessibility"": {""Wheelchair accessible entrance"": true, ""Wheelchair accessible parking lot"": true}}",
Neighborhood GOLF Shop/muni Kids,Retailer,Golf Retail,False,(503) 354-4554,https://neighborhoodgolfshop.com/,499 SE 2nd Ave,Portland,Oregon,OR,97214,45.5194911,-122.6640119,America/Los_Angeles,5.0,Top Rated,0,5,True,True,"https://www.google.com/maps/place/Neighborhood+Golf+Shop%2FMuni+Kids/@45.519491099999996,-122.66401189999999,14z/data=!4m8!1m2!2m1!1sNeighborhood+Golf+Shop%2FMuni+Kids!3m4!1s0x5495a152100e6699:0x5ff0241c4cac36df!8m2!3d45.519491099999996!4d-122.66401189999999",Retail / Pro Shop,1,False,Indoor,True,"{""Wednesday"": [""11AM-7PM""]}",False,OPERATIONAL,True,crawled,boutique golf shop Michigan,False,Neighborhood Golf Shop/Muni Kids,"{""Accessibility"": {""Wheelchair accessible entrance"": true, ""Wheelchair accessible parking lot"": true}}",
Parwest GOLF,Retailer,Club Repair,False,(503) 408-1216,https://www.parwestgolf.com/,11616 NE Halsey St,Portland,Oregon,OR,97220,45.5332432,-122.5436107,America/Los_Angeles,4.9,Top Rated,0,229,True,True,"https://www.google.com/maps/place/ParWest+Golf/@45.5332432,-122.54361069999999,14z/data=!4m8!1m2!2m1!1sParWest+Golf!3m4!1s0x5495a1b388938f97:0xf50be8121b9e02f1!8m2!3d45.5332432!4d-122.54361069999999",Club Repair | Retail / Pro Shop | Shaft & Grip Sales,3,False,Indoor,True,"{""Wednesday"": [""10AM-5PM""]}",False,OPERATIONAL,True,crawled,independent clubmaker Oregon,False,ParWest Golf,"{""Accessibility"": {""Wheelchair accessible entrance"": true, ""Wheelchair accessible parking lot"": true, ""Wheelchair accessible restroom"": true}}",
Shopgolfguys,Retailer,Custom Club Building,False,(503) 780-6836,https://www.shopgolfguys.com/pages/contact-us,2548 NW Upshur St,Portland,Oregon,OR,97210,45.5359787,-122.7040515,America/Los_Angeles,0.0,Unrated,0,1,True,False,"https://www.google.com/maps/place/ShopGolfGuys/@45.5359787,-122.70405149999999,14z/data=!4m8!1m2!2m1!1sShopGolfGuys!3m4!1s0x549509e61f438cef:0xe41fd7a676405e42!8m2!3d45.5359787!4d-122.70405149999999",Custom Club Building,1,False,Indoor,True,,False,OPERATIONAL,True,crawled,boutique golf shop Oregon,False,ShopGolfGuys,"{""Accessibility"": {""Wheelchair accessible parking lot"": true}}",
Hit It Again GOLF,Retailer,Golf Retail,False,(501) 545-1808,https://hititagaingolf.com/,"M&S Sales (Flea Market, 2135 Fairgrounds Rd NE",Salem,Oregon,OR,97301,44.9574569,-123.0199572,America/Los_Angeles,5.0,Top Rated,0,82,True,True,"https://www.google.com/maps/place/Hit+It+Again+Golf/@44.9574569,-123.0199572,14z/data=!4m8!1m2!2m1!1sHit+It+Again+Golf!3m4!1s0x54bfff6740fa2417:0xa1e56bd0851bf33!8m2!3d44.9574569!4d-123.0199572",Retail / Pro Shop,1,False,Indoor,True,"{""Wednesday"": [""Closed""]}",False,OPERATIONAL,True,crawled,boutique golf shop Oregon,False,Hit It Again Golf,"{""Accessibility"": {""Wheelchair accessible entrance"": true, ""Wheelchair accessible parking lot"": true}, ""Other"": {""Identifies as veteran-owned"": true}}",
Park Hills GOLF Club PRO Shop,Simulator,Golf Simulator,False,(814) 944-2631,https://www.parkhillsgc.com/,219 Highland Terrace,Altoona,Pennsylvania,PA,16602,40.4668655,-78.4007415,America/New_York,4.4,Highly Rated,0,34,True,True,"https://www.google.com/maps/place/Park+Hills+Golf+Club+Pro+Shop/@40.4668655,-78.4007415,14z/data=!4m8!1m2!2m1!1sPark+Hills+Golf+Club+Pro+Shop!3m4!1s0x89cb91446e582b15:0xabbea65ba18db5b1!8m2!3d40.4668655!4d-78.4007415",Golf Simulator,1,False,Indoor,True,"{""Wednesday"": [""7AM-7PM""]}",False,OPERATIONAL,True,crawled,custom club fitting Pennsylvania,False,Park Hills Golf Club Pro Shop,"{""Accessibility"": {""Wheelchair accessible entrance"": true, ""Wheelchair accessible parking lot"": true}}",
Lou Guzzi GOLF Academy,Clubfitter,Club Fitting,False,,https://louguzzi.com/,723 Talamore Dr,Ambler,Pennsylvania,PA,19002,40.197019,-75.20192,America/New_York,4.8,Top Rated,0,1,True,False,"https://www.google.com/maps/place/Lou+Guzzi+Golf+Academy/@40.197019,-75.20192,14z/data=!4m8!1m2!2m1!1sLou+Guzzi+Golf+Academy!3m4!1s0x89c6a4fd7a70494b:0xe86198ac9f3ab62e!8m2!3d40.197019!4d-75.20192",Club Fitting | Golf Lessons | Golf Simulator | Retail / Pro Shop,4,True,Indoor,True,,False,OPERATIONAL,True,recrawled,independent clubmaker Pennsylvania,False,Lou Guzzi Golf Academy,"{""Accessibility"": {""Wheelchair accessible entrance"": true, ""Wheelchair accessible parking lot"": true, ""Wheelchair accessible restroom"": true}}",
Bailey & Izett INC,Clubfitter,Club Fitting,False,(610) 642-1887,https://www.izettgolf.com/,2538 Haverford Rd,Ardmore,Pennsylvania,PA,19003,39.9948803,-75.3003177,America/New_York,4.8,Top Rated,0,3,True,True,"https://www.google.com/maps/place/Bailey+%26+Izett+Inc/@39.9948803,-75.3003177,14z/data=!4m8!1m2!2m1!1sBailey+%26+Izett+Inc!3m4!1s0x89c6c05e787226e1:0xcfe44a64d9e40ad6!8m2!3d39.9948803!4d-75.3003177",Club Fitting | Retail / Pro Shop,2,True,Indoor,True,"{""Wednesday"": [""9AM-5PM""]}",False,OPERATIONAL,True,crawled,independent clubmaker Pennsylvania,False,Bailey & Izett Inc,"{""Accessibility"": {""Wheelchair accessible entrance"": true, ""Wheelchair accessible parking lot"": true}}",
Makefield Putters,Golf Course / Pro Shop,Club Fitting,False,(215) 245-5570,https://makefieldgolf.com/,3120 Marwin Rd,Bensalem,Pennsylvania,PA,19020,40.0797924,-74.92805,America/New_York,5.0,Top Rated,0,318,True,True,"https://www.google.com/maps/place/Makefield+Putters/@40.079792399999995,-74.92805,14z/data=!4m8!1m2!2m1!1sMakefield+Putters!3m4!1s0x89c14d12d2dcfdf9:0x341a75f4e323541d!8m2!3d40.079792399999995!4d-74.92805",Club Fitting | Club Rentals | Retail / Pro Shop | Shaft & Grip Sales,4,True,Outdoor,True,"{""Wednesday"": [""8AM-4:30PM""]}",False,OPERATIONAL,True,crawled,independent clubmaker Pennsylvania,False,Makefield Putters,"{""Accessibility"": {""Wheelchair accessible entrance"": true, ""Wheelchair accessible parking lot"": true, ""Wheelchair accessible restroom"": true}}",
Art Of Flight GOLF,Simulator,Club Fitting,False,(610) 638-6888,https://artofflightgolf.com/,400 Illick's Mill Rd,Bethlehem,Pennsylvania,PA,18017,40.642643,-75.38683809999999,America/New_York,5.0,Top Rated,0,56,True,True,"https://www.google.com/maps/place/Art+of+Flight+Golf/@40.642643,-75.38683809999999,14z/data=!4m8!1m2!2m1!1sArt+of+Flight+Golf!3m4!1s0x89c43f75404508f3:0x9e1ee3c6bd455cf7!8m2!3d40.642643!4d-75.38683809999999",Club Fitting | Custom Club Building | Golf Lessons | Launch Monitor | Golf Simulator | Retail / Pro Shop,6,True,Indoor,True,"{""Wednesday"": [""9AM-9PM""]}",False,OPERATIONAL,True,crawled,independent clubmaker Pennsylvania,False,Art of Flight Golf,"{""Accessibility"": {""Wheelchair accessible entrance"": true, ""Wheelchair accessible parking lot"": true, ""Wheelchair accessible restroom"": true, ""Wheelchair accessible seating"": true, ""Assistive hearing loop"": false}, ""Other"": {""LGBTQ+ friendly"": true}}",
The Clubmaker,Clubfitter,Club Fitting,False,(610) 865-9192,https://www.theclubmaker.net/,1457 Stefko Blvd,Bethlehem,Pennsylvania,PA,18017,40.6340794,-75.3523321,America/New_York,4.8,Top Rated,0,1,True,True,"https://www.google.com/maps/place/The+Clubmaker/@40.6340794,-75.3523321,14z/data=!4m8!1m2!2m1!1sThe+Clubmaker!3m4!1s0x89c43f32d9ae230f:0xc236cee402c17d76!8m2!3d40.6340794!4d-75.3523321",Club Fitting | Club Repair | Custom Club Building | Retail / Pro Shop | Shaft & Grip Sales,5,True,Indoor,True,"{""Wednesday"": [""10AM-6PM""]}",False,OPERATIONAL,True,crawled,independent clubmaker Massachusetts,False,The Clubmaker,"{""Accessibility"": {""Wheelchair accessible parking lot"": true}}",
Matt Reed GOLF Instruction,Instruction,Golf Instruction,False,(484) 525-0168,https://www.facebook.com/mattreedgolf/,Save your golf game,Birdsboro,Pennsylvania,PA,19508,40.3096947,-75.8676744,America/New_York,5.0,Top Rated,0,2,True,True,"https://www.google.com/maps/place/Matt+Reed+Golf+Instruction/@40.3096947,-75.8676744,14z/data=!4m8!1m2!2m1!1sMatt+Reed+Golf+Instruction!3m4!1s0x89c67bca63c7ca25:0xf1604be801168d5a!8m2!3d40.3096947!4d-75.8676744",Golf Lessons | Launch Monitor,2,False,Unknown,True,,False,OPERATIONAL,True,recrawled,independent clubmaker Pennsylvania,False,Matt Reed Golf Instruction,"{""Accessibility"": {""Wheelchair accessible entrance"": true, ""Wheelchair accessible parking lot"": true}}",
Wallace GOLF Academy,Clubfitter,Club Fitting,False,(717) 263-8296,https://www.wallacegolfshop.com/collections/golf-academy,3646 Scotland Rd,Chambersburg,Pennsylvania,PA,17202,39.9658609,-77.5919594,America/New_York,5.0,Top Rated,0,3,True,True,"https://www.google.com/maps/place/Wallace+Golf+Academy/@39.965860899999996,-77.5919594,14z/data=!4m8!1m2!2m1!1sWallace+Golf+Academy!3m4!1s0x89c99fd8bd973aaf:0xe0a58190562a6ca!8m2!3d39.965860899999996!4d-77.5919594",Club Fitting | Golf Lessons | Retail / Pro Shop,3,True,Indoor,True,,False,OPERATIONAL,True,crawled,custom club fitting Pennsylvania,False,Wallace Golf Academy,"{""Accessibility"": {""Wheelchair accessible entrance"": true, ""Wheelchair accessible parking lot"": true}}",
Andrew Decordre GOLF,Simulator,Golf Simulator,False,(267) 355-3586,https://andrewdecordregolf.com/,745 Bridge Rd,Collegeville,Pennsylvania,PA,19426,40.2076524,-75.4352693,America/New_York,4.3,Highly Rated,0,28,True,True,"https://www.google.com/maps/place/Andrew+DeCordre+Golf/@40.2076524,-75.4352693,14z/data=!4m8!1m2!2m1!1sAndrew+DeCordre+Golf!3m4!1s0x89c691cca33909f7:0x6db035e25ea86e4d!8m2!3d40.2076524!4d-75.4352693",,0,False,Indoor,True,"{""Wednesday"": [""Open 24 hours""]}",False,OPERATIONAL,True,crawled,independent clubmaker Pennsylvania,False,Andrew DeCordre Golf,"{""Accessibility"": {""Wheelchair accessible entrance"": true, ""Wheelchair accessible parking lot"": true}}",unknown
Fitgolf Performance Centers,Clubfitter,Golf Instruction,False,(610) 940-3835,https://fitgolf.com/,406 Ridge Pike suite D,Conshohocken,Pennsylvania,PA,19428,40.09544,-75.2924731,America/New_York,5.0,Top Rated,0,9,True,True,"https://www.google.com/maps/place/FitGolf+Performance+Centers/@40.095439999999996,-75.2924731,14z/data=!4m8!1m2!2m1!1sFitGolf+Performance+Centers!3m4!1s0x89c6bef59aefe4b1:0x6f615ee1800e85da!8m2!3d40.095439999999996!4d-75.2924731",Golf Lessons,1,True,Indoor,True,"{""Wednesday"": [""7AM-7PM""]}",False,OPERATIONAL,True,recrawled,independent clubmaker Pennsylvania,False,FitGolf Performance Centers,"{""Accessibility"": {""Wheelchair accessible parking lot"": true, ""Wheelchair accessible entrance"": false}}",
Dead Aim Club Repair,Clubfitter,Club Fitting,False,(717) 224-7746,https://deadaimclubrepair.com/,115 Chinquapin Trail,Delta,Pennsylvania,PA,17314,39.756909,-76.3735961,America/New_York,5.0,Top Rated,0,1,True,True,"https://www.google.com/maps/place/Dead+Aim+Club+Repair/@39.756909,-76.3735961,14z/data=!4m8!1m2!2m1!1sDead+Aim+Club+Repair!3m4!1s0x89c7d50d5ad63461:0xf1a46d2540c8a0ec!8m2!3d39.756909!4d-76.3735961",Club Fitting | Club Repair | Custom Club Building | Shaft & Grip Sales,4,True,Indoor,True,"{""Wednesday"": [""4-7PM""]}",False,OPERATIONAL,True,crawled,independent clubmaker Maryland,False,Dead Aim Club Repair,{},
On Plane GOLF Fix,Instruction,Golf Instruction,False,(717) 799-3113,https://www.onplanegolffix.com/,31 Egret Cir,Denver,Pennsylvania,PA,17517,40.224621,-76.0811827,America/New_York,0.0,Unrated,0,1,True,True,"https://www.google.com/maps/place/On+Plane+Golf+Fix/@40.224621,-76.0811827,14z/data=!4m8!1m2!2m1!1sOn+Plane+Golf+Fix!3m4!1s0x89c66da06da26b65:0x835c22b12124c77a!8m2!3d40.224621!4d-76.0811827",Golf Lessons,1,False,Unknown,True,"{""Wednesday"": [""8AM-8PM""]}",False,OPERATIONAL,True,crawled,independent clubmaker Pennsylvania,False,On Plane Golf Fix,"{""Accessibility"": {""Wheelchair accessible parking lot"": true}}",
Global GOLF Events - Tournament Showroom,Retailer,Golf Retail,False,(866) 701-8027,https://tournamentshowroom.com/,4030 Skyron Dr STE F,Doylestown,Pennsylvania,PA,18902,40.3311549,-75.11868969999999,America/New_York,5.0,Top Rated,0,9,True,True,"https://www.google.com/maps/place/Global+Golf+Events+-+Tournament+Showroom/@40.3311549,-75.11868969999999,14z/data=!4m8!1m2!2m1!1sGlobal+Golf+Events+-+Tournament+Showroom!3m4!1s0x89c6a9304f1c8955:0x3cb39f4ac2ac06b6!8m2!3d40.3311549!4d-75.11868969999999",Shaft & Grip Sales | Retail / Pro Shop,2,False,Indoor,True,"{""Wednesday"": [""9AM-5PM""]}",False,OPERATIONAL,True,crawled,boutique golf shop Pennsylvania,False,Global Golf Events - Tournament Showroom,"{""Accessibility"": {""Wheelchair accessible entrance"": true, ""Wheelchair accessible parking lot"": true}}",
Imagen GOLF,Simulator,Golf Simulator,False,(215) 595-6299,https://imagengolf.com/,800 N Easton Rd,Doylestown,Pennsylvania,PA,18902,40.3320849,-75.1305488,America/New_York,5.0,Top Rated,0,543,True,True,"https://www.google.com/maps/place/Imagen+Golf/@40.3320849,-75.1305488,14z/data=!4m8!1m2!2m1!1sImagen+Golf!3m4!1s0x89c4032acc3a224d:0xec84cf7c6d99c057!8m2!3d40.3320849!4d-75.1305488",Golf Lessons | Golf Simulator | Retail / Pro Shop,3,False,Indoor,True,"{""Wednesday"": [""Open 24 hours""]}",False,OPERATIONAL,True,crawled,independent clubmaker Pennsylvania,False,Imagen Golf,"{""Accessibility"": {""Wheelchair accessible entrance"": true, ""Wheelchair accessible parking lot"": true, ""Wheelchair accessible restroom"": true}, ""Other"": {""LGBTQ+ friendly"": true, ""Identifies as women-owned"": true}}",
Serbin's Custom GOLF & Repair,Clubfitter,Club Fitting,False,(570) 654-2306,https://www.procustomclubfitters.com/fitters-profiles/Serbins-Custom-Golf-Shop-Top-Custom-Club-Fitter-108.html,54 Lincoln St,Exeter,Pennsylvania,PA,18643,41.3217487,-75.8145591,America/New_York,4.4,Highly Rated,0,10,True,True,"https://www.google.com/maps/place/Serbin%27s+Custom+Golf+%26+Repair/@41.3217487,-75.8145591,14z/data=!4m8!1m2!2m1!1sSerbin%27s+Custom+Golf+%26+Repair!3m4!1s0x89c518d11abbc69b:0x5075e9147a5fe4bb!8m2!3d41.3217487!4d-75.8145591",Club Fitting | Club Repair | Custom Club Building | Launch Monitor | Retail / Pro Shop | Shaft & Grip Sales,6,True,Indoor,True,"{""Wednesday"": [""12AM-6PM""]}",False,OPERATIONAL,True,crawled,independent clubmaker Pennsylvania,False,Serbin's Custom Golf & Repair,"{""Accessibility"": {""Wheelchair accessible parking lot"": true}}",
Phila Cricket Club GOLF Shop,Retailer,Membership Programs,False,(215) 247-6113,https://www.philacricket.com/,6025 W Valley Green Rd,Flourtown,Pennsylvania,PA,19031,40.1081181,-75.2240511,America/New_York,4.9,Top Rated,0,6,True,False,"https://www.google.com/maps/place/Phila+Cricket+Club+Golf+Shop/@40.1081181,-75.2240511,14z/data=!4m8!1m2!2m1!1sPhila+Cricket+Club+Golf+Shop!3m4!1s0x89c6bbbf93742b61:0x64c0207e242f81eb!8m2!3d40.1081181!4d-75.2240511",Membership / Club Programs,1,False,Indoor,True,"{""Wednesday"": [""9AM-5PM""]}",False,OPERATIONAL,True,recrawled,custom club fitting Pennsylvania,False,Phila Cricket Club Golf Shop,"{""Accessibility"": {""Wheelchair accessible entrance"": true, ""Wheelchair accessible parking lot"": true}}",
Indoor GOLF Club,Simulator,Golf Simulator,False,(267) 800-4826,https://indoorgolfclub.com/,555 Virginia Dr,Fort Washington,Pennsylvania,PA,19034,40.1356026,-75.1888676,America/New_York,5.0,Top Rated,0,21,True,True,"https://www.google.com/maps/place/Indoor+Golf+Club/@40.1356026,-75.1888676,14z/data=!4m8!1m2!2m1!1sIndoor+Golf+Club!3m4!1s0x89c6bbefc63bd76f:0xf58c568a4fa67b6c!8m2!3d40.1356026!4d-75.1888676",Golf Simulator | Retail / Pro Shop,2,False,Indoor,True,"{""Wednesday"": [""Open 24 hours""]}",False,OPERATIONAL,True,crawled,independent clubmaker Pennsylvania,False,Indoor Golf Club,"{""Accessibility"": {""Wheelchair accessible entrance"": true, ""Wheelchair accessible parking lot"": true, ""Wheelchair accessible restroom"": true}}",
Joe's GOLF Shop,Retailer,Golf Retail,False,(717) 935-8255,https://www.joesgolfshop.com/,28 Baltimore St Rear,Hanover,Pennsylvania,PA,17331,39.800088,-76.981803,America/New_York,5.0,Top Rated,0,16,True,True,"https://www.google.com/maps/place/Joe%27s+Golf+Shop/@39.800087999999995,-76.981803,14z/data=!4m8!1m2!2m1!1sJoe%27s+Golf+Shop!3m4!1s0x89c85bf3133228a7:0x44468a1360b403e0!8m2!3d39.800087999999995!4d-76.981803",Retail / Pro Shop,1,False,Indoor,True,"{""Wednesday"": [""Open 24 hours""]}",False,OPERATIONAL,True,crawled,independent clubmaker Pennsylvania,False,Joe's Golf Shop,"{""Accessibility"": {""Wheelchair accessible entrance"": true, ""Wheelchair accessible parking lot"": true, ""Wheelchair accessible restroom"": true}}",
The GOLF Loft,Simulator,Golf Simulator,False,(717) 632-3232,https://thegolfloft.us/,6 N Railroad St,Hanover,Pennsylvania,PA,17331,39.8011582,-76.982829,America/New_York,5.0,Top Rated,0,45,True,True,"https://www.google.com/maps/place/The+Golf+Loft/@39.801158199999996,-76.982829,14z/data=!4m8!1m2!2m1!1sThe+Golf+Loft!3m4!1s0x89c85b2657fb863b:0xead022890635d7d5!8m2!3d39.801158199999996!4d-76.982829",Launch Monitor | Golf Simulator | Retail / Pro Shop,3,False,Indoor,True,"{""Wednesday"": [""10AM-8PM""]}",False,OPERATIONAL,True,crawled,custom club fitting Pennsylvania,False,The Golf Loft,"{""Accessibility"": {""Wheelchair accessible entrance"": true, ""Wheelchair accessible parking lot"": true, ""Wheelchair accessible restroom"": true}}",
White Rose GOLF & Training Center - Harrisburg,Simulator,Golf Simulator,False,(717) 710-2134,https://www.whiterosegolfharrisburg.com/,4510 Paxton St Suite 500,Harrisburg,Pennsylvania,PA,17111,40.2549794,-76.8042212,America/New_York,4.3,Highly Rated,0,9,True,True,"https://www.google.com/maps/place/White+Rose+Golf+%26+Training+Center+-+Harrisburg+%28Formerly+the+Golf+Garage%29/@40.254979399999996,-76.8042212,14z/data=!4m8!1m2!2m1!1sWhite+Rose+Golf+%26+Training+Center+-+Harrisburg+%28Formerly+the+Golf+Garage%29!3m4!1s0x89c8bf95b41024dd:0x4ecf3d03eef9959e!8m2!3d40.254979399999996!4d-76.8042212",,0,False,Indoor,True,"{""Wednesday"": [""10AM-9PM""]}",False,OPERATIONAL,True,crawled,custom club fitting Pennsylvania,False,White Rose Golf & Training Center - Harrisburg,"{""Accessibility"": {""Wheelchair accessible entrance"": true, ""Wheelchair accessible parking lot"": true, ""Wheelchair accessible restroom"": true}}",failed
Keystone GOLF Club,Simulator,Golf Simulator,False,(215) 313-2453,https://www.keystonegolfclub.com/,307 Swartley Rd,Hatfield,Pennsylvania,PA,19440,40.292563,-75.2710903,America/New_York,5.0,Top Rated,0,7,True,True,"https://www.google.com/maps/place/Keystone+Golf+Club/@40.292563,-75.2710903,14z/data=!4m8!1m2!2m1!1sKeystone+Golf+Club!3m4!1s0x89c6a1dfa32cd31b:0x2b3be9e8b91517d0!8m2!3d40.292563!4d-75.2710903",Golf Lessons | Golf Simulator,2,False,Indoor,True,"{""Wednesday"": [""10AM-10PM""]}",False,OPERATIONAL,True,crawled,independent clubmaker Pennsylvania,False,Keystone Golf Club,"{""Accessibility"": {""Wheelchair accessible entrance"": true, ""Wheelchair accessible parking lot"": true, ""Wheelchair accessible restroom"": true}}",
The GOLF Zone Family Fun Center,Driving Range,Club Fitting,False,(610) 942-9494,https://www.golfzoneproshop.com/,1839 Horseshoe Pike,Honey Brook,Pennsylvania,PA,19344,40.0707819,-75.825743,America/New_York,4.7,Top Rated,0,171,True,True,"https://www.google.com/maps/place/The+Golf+Zone+Family+Fun+Center/@40.0707819,-75.825743,14z/data=!4m8!1m2!2m1!1sThe+Golf+Zone+Family+Fun+Center!3m4!1s0x89c65decd14b5dd1:0x2e5d9576817ac6fa!8m2!3d40.0707819!4d-75.825743",Club Fitting | Golf Lessons | Golf Simulator | Retail / Pro Shop,4,True,Indoor,True,"{""Wednesday"": [""11AM-9PM""]}",False,OPERATIONAL,True,crawled,custom club fitting Pennsylvania,False,The Golf Zone Family Fun Center,"{""Accessibility"": {""Wheelchair accessible entrance"": true, ""Wheelchair accessible parking lot"": true, ""Wheelchair accessible restroom"": true, ""Wheelchair accessible seating"": true}, ""Other"": {""LGBTQ+ friendly"": true}}",
Jon Flint GOLF,Retailer,Golf Instruction,False,(267) 317-8864,https://jonflintgolf.com/,250 Babylon Rd,Horsham,Pennsylvania,PA,19044,40.2062792,-75.1625316,America/New_York,5.0,Top Rated,0,1,True,True,"https://www.google.com/maps/place/Jon+Flint+Golf/@40.2062792,-75.1625316,14z/data=!4m8!1m2!2m1!1sJon+Flint+Golf!3m4!1s0x89c6a586b8f27657:0xf836ac3460bd57ba!8m2!3d40.2062792!4d-75.1625316",Golf Lessons | Launch Monitor | Retail / Pro Shop,3,False,Indoor,True,"{""Wednesday"": [""10AM-7PM""]}",False,OPERATIONAL,True,crawled,independent clubmaker Pennsylvania,False,Jon Flint Golf,"{""Accessibility"": {""Wheelchair accessible entrance"": true, ""Wheelchair accessible parking lot"": true}}",
The Skramble House Of GOLF,Golf Course / Pro Shop,Club Fitting,False,(215) 394-8496,https://www.skramblekop.com/,420 Babylon Rd,Horsham,Pennsylvania,PA,19044,40.2006111,-75.1703948,America/New_York,4.9,Top Rated,0,23,True,True,"https://www.google.com/maps/place/The+Skramble+House+of+Golf/@40.200611099999996,-75.1703948,14z/data=!4m8!1m2!2m1!1sThe+Skramble+House+of+Golf!3m4!1s0x89c6a5c3ce433a6d:0x5603ca269463add5!8m2!3d40.200611099999996!4d-75.1703948",Club Fitting | Golf Lessons | Launch Monitor | Golf Simulator | Retail / Pro Shop,5,True,Indoor,True,"{""Wednesday"": [""Open 24 hours""]}",False,OPERATIONAL,True,crawled,independent clubmaker Pennsylvania,False,The Skramble House of Golf,"{""Accessibility"": {""Wheelchair accessible entrance"": true, ""Wheelchair accessible parking lot"": true}}",
The Cypress Club Kennett,Simulator,Club Fitting,False,(484) 999-1942,https://thecypressclubkennett.com/,660 E Cypress St 103 #103,Kennett Square,Pennsylvania,PA,19348,39.851558,-75.69699,America/New_York,5.0,Top Rated,0,9,True,True,"https://www.google.com/maps/place/The+Cypress+Club+Kennett/@39.851558,-75.69699,14z/data=!4m8!1m2!2m1!1sThe+Cypress+Club+Kennett!3m4!1s0x89c6f9bf68d22fb3:0x6db29e8820499c8a!8m2!3d39.851558!4d-75.69699",Club Fitting | Golf Lessons | Launch Monitor | Golf Simulator | Retail / Pro Shop,5,True,Indoor,True,"{""Wednesday"": [""6:30AM-11PM""]}",False,OPERATIONAL,True,crawled,custom club fitting Pennsylvania,False,The Cypress Club Kennett,"{""Accessibility"": {""Wheelchair accessible entrance"": true, ""Wheelchair accessible parking lot"": true, ""Wheelchair accessible restroom"": true}}",
PXG Philadelphia,Clubfitter,Club Fitting,False,(484) 561-6770,https://www.pxg.com/pages/golf-stores/pxg-philadelphia,555 S Henderson Rd,King Of Prussia,Pennsylvania,PA,19406,40.0800873,-75.3563392,America/New_York,4.8,Top Rated,0,79,True,True,"https://www.google.com/maps/place/PXG+Philadelphia/@40.080087299999995,-75.3563392,14z/data=!4m8!1m2!2m1!1sPXG+Philadelphia!3m4!1s0x89c6954a1cf2ed9d:0x431b697057e2a2a5!8m2!3d40.080087299999995!4d-75.3563392",Club Fitting | Launch Monitor | Golf Simulator | Retail / Pro Shop,4,True,Indoor,True,"{""Wednesday"": [""9AM-5PM""]}",False,OPERATIONAL,True,crawled,independent clubmaker Pennsylvania,False,PXG Philadelphia,"{""Accessibility"": {""Wheelchair accessible entrance"": true, ""Wheelchair accessible parking lot"": true}}",
Forwardgolf,Retailer,Golf Retail,False,(202) 378-2727,https://forwardgolf.com/pages/contact,823 Pine Tree Rd,Lafayette Hill,Pennsylvania,PA,19444,40.092248,-75.2398102,America/New_York,0.0,Unrated,0,1,True,False,"https://www.google.com/maps/place/forwardgolf/@40.092248,-75.2398102,14z/data=!4m8!1m2!2m1!1sforwardgolf!3m4!1s0x89c6bbfc5296aaab:0x108c2743624a4ef0!8m2!3d40.092248!4d-75.2398102",Retail / Pro Shop,1,False,Indoor,True,,False,OPERATIONAL,True,crawled,independent clubmaker Pennsylvania,False,forwardgolf,"{""Accessibility"": {""Wheelchair accessible parking lot"": true}}",
Lancaster GOLF Academy,Instruction,Golf Instruction,False,(717) 330-1959,https://www.lancastergolfacademy.com/,515 Harrisburg Ave,Lancaster,Pennsylvania,PA,17603,40.0496708,-76.3169547,America/New_York,4.9,Top Rated,0,2,True,True,"https://www.google.com/maps/place/Lancaster+Golf+Academy/@40.0496708,-76.3169547,14z/data=!4m8!1m2!2m1!1sLancaster+Golf+Academy!3m4!1s0x60f98a9064c090b9:0x7c97b339739c1a50!8m2!3d40.0496708!4d-76.3169547",Golf Lessons,1,False,Unknown,True,"{""Wednesday"": [""6AM-2PM""]}",False,OPERATIONAL,True,crawled,custom club fitting Pennsylvania,False,Lancaster Golf Academy,"{""Accessibility"": {""Wheelchair accessible entrance"": true, ""Wheelchair accessible parking lot"": true, ""Wheelchair accessible restroom"": true}}",
Pull The Pin,Clubfitter,Club Fitting,False,(717) 945-6817,https://www.pullthepinlancaster.com/,1264 Lititz Pike,Lancaster,Pennsylvania,PA,17601,40.0598117,-76.3075599,America/New_York,4.8,Top Rated,0,27,True,True,"https://www.google.com/maps/place/Pull+The+Pin/@40.0598117,-76.3075599,14z/data=!4m8!1m2!2m1!1sPull+The+Pin!3m4!1s0x89c62482d5c02337:0x4d53ca0a047ef5e7!8m2!3d40.0598117!4d-76.3075599",Club Fitting | Club Repair | Launch Monitor | Retail / Pro Shop | Shaft & Grip Sales,5,True,Indoor,True,"{""Wednesday"": [""10AM-7PM""]}",False,OPERATIONAL,True,crawled,independent clubmaker Pennsylvania,False,Pull The Pin,"{""Accessibility"": {""Wheelchair accessible entrance"": true, ""Wheelchair accessible parking lot"": true}}",
White Rose GOLF And Training Center - Lancaster,Simulator,Club Fitting,False,(717) 869-5865,https://www.lancasterindoorgolf.com/,1400 Manheim Pike Unit 2,Lancaster,Pennsylvania,PA,17601,40.0695303,-76.33193349999999,America/New_York,5.0,Top Rated,0,36,True,True,"https://www.google.com/maps/place/White+Rose+Golf+and+Training+Center+-+Lancaster/@40.0695303,-76.33193349999999,14z/data=!4m8!1m2!2m1!1sWhite+Rose+Golf+and+Training+Center+-+Lancaster!3m4!1s0x89c623c22724b715:0xdc83b0699d80dd51!8m2!3d40.0695303!4d-76.33193349999999",Club Fitting | Club Repair | Golf Lessons | Retail / Pro Shop,4,True,Indoor,True,"{""Wednesday"": [""11AM-8PM""]}",False,OPERATIONAL,True,crawled,custom club fitting Pennsylvania,False,White Rose Golf and Training Center - Lancaster,"{""Accessibility"": {""Wheelchair accessible entrance"": true, ""Wheelchair accessible parking lot"": true, ""Wheelchair accessible restroom"": true}}",
Flatbelly GOLF,Simulator,Golf Simulator,False,(724) 518-2633,https://flatbellygolf.godaddysites.com/,4855 PA-982,Latrobe,Pennsylvania,PA,15650,40.3103768,-79.36270379999999,America/New_York,0.0,Unrated,0,6,True,True,"https://www.google.com/maps/place/Flatbelly+Golf/@40.3103768,-79.36270379999999,14z/data=!4m8!1m2!2m1!1sFlatbelly+Golf!3m4!1s0x89cb33518046f527:0xe8c0bdb9c8893713!8m2!3d40.3103768!4d-79.36270379999999",Club Repair | Custom Club Building | Launch Monitor | Golf Simulator | Retail / Pro Shop | Shaft & Grip Sales,6,False,Indoor,True,"{""Wednesday"": [""3:30-6PM""]}",False,OPERATIONAL,True,crawled,independent clubmaker Pennsylvania,False,Flatbelly Golf,"{""Accessibility"": {""Wheelchair accessible parking lot"": true}}",
GOLF USA,Simulator,Club Fitting,False,(610) 906-3139,https://www.golfusalimerick.com/,232 W Ridge Pike,Limerick,Pennsylvania,PA,19468,40.2248795,-75.5141208,America/New_York,3.0,Standard,0,21,True,True,"https://www.google.com/maps/place/Golf+USA/@40.2248795,-75.5141208,14z/data=!4m8!1m2!2m1!1sGolf+USA!3m4!1s0x89c69ab80921a3db:0x49b9c909c2618aaa!8m2!3d40.2248795!4d-75.5141208",Club Fitting | Club Repair | Golf Lessons | Golf Simulator | Retail / Pro Shop,5,True,Indoor,True,"{""Wednesday"": [""10AM-6PM""]}",False,OPERATIONAL,True,crawled,independent clubmaker Pennsylvania,False,Golf USA,"{""Accessibility"": {""Wheelchair accessible entrance"": true, ""Wheelchair accessible parking lot"": true}}",
GOLF Balls Everywhere,Retailer,Golf Retail,False,(610) 497-8759,https://www.golfballseverywhere.com/,6 Ormond St,Linwood,Pennsylvania,PA,19061,39.8242056,-75.41950489999999,America/New_York,5.0,Top Rated,0,8,True,True,"https://www.google.com/maps/place/Golf+Balls+Everywhere/@39.8242056,-75.41950489999999,14z/data=!4m8!1m2!2m1!1sGolf+Balls+Everywhere!3m4!1s0x89c6e7ae925b65af:0x98f7b768f3d60f2b!8m2!3d39.8242056!4d-75.41950489999999",Retail / Pro Shop,1,False,Indoor,True,"{""Wednesday"": [""Closed""]}",False,OPERATIONAL,True,crawled,boutique golf shop Pennsylvania,False,Golf Balls Everywhere,"{""Accessibility"": {""Wheelchair accessible entrance"": true, ""Wheelchair accessible parking lot"": true}}",
TaylorMade Performance Fitting Center,Driving Range,Club Fitting,False,(412) 771-2699,https://taylormadeperformancefittingcenter.com/,1953 McKees Rocks Rd,Mckees Rocks,Pennsylvania,PA,15136,40.4640218,-80.09907729999999,America/New_York,5.0,Top Rated,0,192,True,True,"https://www.google.com/maps/place/TaylorMade+Performance+Fitting+Center/@40.4640218,-80.09907729999999,14z/data=!4m8!1m2!2m1!1sTaylorMade+Performance+Fitting+Center!3m4!1s0x88345f586d0e20c7:0x7d14a2cc8d8c7edc!8m2!3d40.4640218!4d-80.09907729999999",Club Fitting | Launch Monitor | Retail / Pro Shop | Shaft & Grip Sales,4,True,Outdoor,True,,False,OPERATIONAL,True,crawled,independent clubmaker Pennsylvania,False,TaylorMade Performance Fitting Center,"{""Accessibility"": {""Wheelchair accessible entrance"": true, ""Wheelchair accessible parking lot"": true}}",
Inclubgolf Newtown,Retailer,Golf Instruction,False,(303) 888-8665,https://www.inclubgolf.com/membership-newtown-pennsylvania,120 Pheasant Run,Newtown,Pennsylvania,PA,18940,40.2232992,-74.9110175,America/New_York,5.0,Top Rated,0,9,True,True,"https://www.google.com/maps/place/InClubGolf+Newtown/@40.2232992,-74.9110175,14z/data=!4m8!1m2!2m1!1sInClubGolf+Newtown!3m4!1s0x89c1546648ffffff:0xaf6c4d6f9a6bd9e!8m2!3d40.2232992!4d-74.9110175",Golf Lessons | Launch Monitor | Retail / Pro Shop,3,False,Indoor,True,"{""Wednesday"": [""5AM-11PM""]}",False,OPERATIONAL,True,crawled,independent clubmaker Pennsylvania,False,InClubGolf Newtown,"{""Accessibility"": {""Wheelchair accessible entrance"": true, ""Wheelchair accessible parking lot"": true, ""Wheelchair accessible restroom"": true}}",
Oakmont GOLF Center,Simulator,Club Fitting,False,(412) 828-1580,https://www.oakmontgolfcenter.com/,605 Allegheny Ave,Oakmont,Pennsylvania,PA,15139,40.520351,-79.8429397,America/New_York,4.8,Top Rated,0,38,True,True,"https://www.google.com/maps/place/Oakmont+Golf+Center/@40.520351,-79.8429397,14z/data=!4m8!1m2!2m1!1sOakmont+Golf+Center!3m4!1s0x8834934f90a31065:0x5da66cf673270db2!8m2!3d40.520351!4d-79.8429397",Club Fitting | Golf Lessons | Launch Monitor | Golf Simulator | Retail / Pro Shop | Shaft & Grip Sales,6,True,Indoor,True,"{""Wednesday"": [""10AM-6PM""]}",False,OPERATIONAL,True,crawled,custom club fitting Pennsylvania,False,Oakmont Golf Center,"{""Accessibility"": {""Wheelchair accessible entrance"": true, ""Wheelchair accessible parking lot"": true, ""Wheelchair accessible restroom"": true}}",
Barlettas GOLF Shop INC,Retailer,Golf Retail,False,(215) 877-0661,https://balagolfclub.com/,2200 Belmont Ave,Philadelphia,Pennsylvania,PA,19131,39.9968443,-75.22455839999999,America/New_York,5.0,Top Rated,0,3,True,False,"https://www.google.com/maps/place/Barlettas+Golf+Shop+Inc/@39.9968443,-75.22455839999999,14z/data=!4m8!1m2!2m1!1sBarlettas+Golf+Shop+Inc!3m4!1s0x89c6c730e993fa3d:0xeb2db3db3f40e192!8m2!3d39.9968443!4d-75.22455839999999",Retail / Pro Shop,1,False,Indoor,True,"{""Wednesday"": [""10AM-5PM""]}",False,OPERATIONAL,True,crawled,independent clubmaker Pennsylvania,False,Barlettas Golf Shop Inc,"{""Accessibility"": {""Wheelchair accessible entrance"": true, ""Wheelchair accessible parking lot"": true}}",
Paul C. Fischer PRO Shop,Retailer,Golf Instruction,False,(814) 342-1114,https://philipsburgelks.org/pro-shop/,Country Club Ln,Philipsburg,Pennsylvania,PA,16866,40.9004004,-78.2019558,America/New_York,5.0,Top Rated,0,2,True,True,"https://www.google.com/maps/place/Paul+C.+Fischer+Pro+Shop/@40.900400399999995,-78.2019558,14z/data=!4m8!1m2!2m1!1sPaul+C.+Fischer+Pro+Shop!3m4!1s0x89cc13e123b1050b:0xfe896b35c1820b89!8m2!3d40.900400399999995!4d-78.2019558",Golf Lessons | Retail / Pro Shop,2,False,Indoor,True,"{""Wednesday"": [""8AM-7PM""]}",False,OPERATIONAL,True,crawled,custom club fitting Pennsylvania,False,Paul C. Fischer Pro Shop,"{""Accessibility"": {""Wheelchair accessible entrance"": true, ""Wheelchair accessible parking lot"": true}}",
GOLF Specialtees,Clubfitter,Club Fitting,False,(412) 343-2323,https://golfspecialtees.com/,3732 Library Rd,Pittsburgh,Pennsylvania,PA,15234,40.3646712,-80.0214816,America/New_York,4.9,Top Rated,0,7,True,True,"https://www.google.com/maps/place/Golf+Specialtees/@40.3646712,-80.0214816,14z/data=!4m8!1m2!2m1!1sGolf+Specialtees!3m4!1s0x8834f9e2bc529e53:0xebbb8efffab1fe8f!8m2!3d40.3646712!4d-80.0214816",Club Fitting | Club Repair | Retail / Pro Shop | Shaft & Grip Sales,4,True,Indoor,True,"{""Wednesday"": [""10AM-7PM""]}",False,OPERATIONAL,True,crawled,custom club fitting Pennsylvania,False,Golf Specialtees,"{""Accessibility"": {""Wheelchair accessible parking lot"": true}}",
Big Screen GOLF,Simulator,Club Fitting,False,(610) 600-4653,https://www.bigscreengolf.com/,381 Circle of Progress Dr,Pottstown,Pennsylvania,PA,19464,40.2656997,-75.66318489999999,America/New_York,5.0,Top Rated,0,65,True,True,"https://www.google.com/maps/place/Big+Screen+Golf/@40.2656997,-75.66318489999999,14z/data=!4m8!1m2!2m1!1sBig+Screen+Golf!3m4!1s0x89c687ae72e9e9b9:0x61760ae27f6c0be6!8m2!3d40.2656997!4d-75.66318489999999",Club Fitting | Golf Lessons | Golf Simulator | Retail / Pro Shop | Membership / Club Programs,5,True,Indoor,True,"{""Wednesday"": [""10AM-10PM""]}",False,OPERATIONAL,True,recrawled,custom club fitting Pennsylvania,False,Big Screen Golf,"{""Accessibility"": {""Wheelchair accessible entrance"": true, ""Wheelchair accessible parking lot"": true, ""Wheelchair accessible restroom"": true}}",
GOLF Car Specialties,Retailer,Golf Retail,False,(610) 495-8080,https://www.golfcarspecialties.com/,3363 W Ridge Pike,Pottstown,Pennsylvania,PA,19464,40.2431715,-75.5510056,America/New_York,4.8,Top Rated,0,10,True,True,"https://www.google.com/maps/place/Golf+Car+Specialties/@40.243171499999995,-75.5510056,14z/data=!4m8!1m2!2m1!1sGolf+Car+Specialties!3m4!1s0x89c6851ea8ebe7b5:0x32a677d01362c0c!8m2!3d40.243171499999995!4d-75.5510056",Retail / Pro Shop,1,False,Indoor,True,"{""Wednesday"": [""8AM-4:30PM""]}",False,OPERATIONAL,True,crawled,independent clubmaker Pennsylvania,False,Golf Car Specialties,"{""Accessibility"": {""Wheelchair accessible entrance"": true, ""Wheelchair accessible parking lot"": true}}",
Freddy Battaglia's Goods,Retailer,Golf Retail,False,(570) 344-3112,https://www.battaglias.com/,501 Wyoming Ave,Scranton,Pennsylvania,PA,18509,41.41265509999999,-75.6611902,America/New_York,4.7,Top Rated,0,8,True,True,"https://www.google.com/maps/place/Freddy+Battaglia%27s+Goods/@41.412655099999995,-75.6611902,14z/data=!4m8!1m2!2m1!1sFreddy+Battaglia%27s+Goods!3m4!1s0x89c4ded367365ed9:0x8a9cdcc1c887ff3e!8m2!3d41.412655099999995!4d-75.6611902",Retail / Pro Shop,1,False,Indoor,True,"{""Wednesday"": [""10AM-5PM""]}",False,OPERATIONAL,True,crawled,boutique golf shop Wyoming,False,Freddy Battaglia's Goods,"{""Accessibility"": {""Wheelchair accessible entrance"": true, ""Wheelchair accessible parking lot"": true}}",
Peak Performance GOLF Academy,Instruction,Golf Instruction,False,(215) 715-1307,https://www.peakperformancegolfacademy.com/,324 N Main St #12,Sellersville,Pennsylvania,PA,18960,40.3619602,-75.31311629999999,America/New_York,5.0,Top Rated,0,8,True,True,"https://www.google.com/maps/place/Peak+Performance+Golf+Academy/@40.3619602,-75.31311629999999,14z/data=!4m8!1m2!2m1!1sPeak+Performance+Golf+Academy!3m4!1s0x89c41fbed8c725b9:0xc24c0401607631fa!8m2!3d40.3619602!4d-75.31311629999999",Golf Lessons,1,False,Unknown,True,"{""Wednesday"": [""9:30AM-3PM""]}",False,OPERATIONAL,True,crawled,independent clubmaker Pennsylvania,False,Peak Performance Golf Academy,"{""Accessibility"": {""Wheelchair accessible entrance"": true, ""Wheelchair accessible parking lot"": true, ""Wheelchair accessible restroom"": true}, ""Other"": {""LGBTQ+ friendly"": true}}",
Sittler GOLF,Simulator,Club Fitting,False,(610) 678-8109,https://www.sittlergolf.com/,497 Mountain Home Rd,Sinking Spring,Pennsylvania,PA,19608,40.314611,-76.0487062,America/New_York,4.5,Highly Rated,0,89,True,True,"https://www.google.com/maps/place/Sittler+Golf/@40.314611,-76.0487062,14z/data=!4m8!1m2!2m1!1sSittler+Golf!3m4!1s0x89c5d295f4f38a03:0xb74338c0e343a905!8m2!3d40.314611!4d-76.0487062",Club Fitting | Club Repair | Custom Club Building | Golf Lessons | Launch Monitor | Golf Simulator | Club Rentals | Retail / Pro Shop,8,True,Indoor,True,"{""Wednesday"": [""10AM-7PM""]}",False,OPERATIONAL,True,crawled,independent clubmaker Pennsylvania,False,Sittler Golf,"{""Accessibility"": {""Wheelchair accessible entrance"": true, ""Wheelchair accessible parking lot"": true}}",
The GOLF Garage,Simulator,Golf Simulator,False,(267) 355-3586,https://andrewdecordregolf.com/,393 Moyer Rd,Souderton,Pennsylvania,PA,18964,40.2935123,-75.359526,America/New_York,4.0,Well Reviewed,0,4,True,True,"https://www.google.com/maps/place/The+Golf+Garage/@40.293512299999996,-75.359526,14z/data=!4m8!1m2!2m1!1sThe+Golf+Garage!3m4!1s0x89c69f337c909c17:0x6340a54a13e369c6!8m2!3d40.293512299999996!4d-75.359526",,0,False,Indoor,True,"{""Wednesday"": [""Open 24 hours""]}",False,OPERATIONAL,True,crawled,independent clubmaker Pennsylvania,False,The Golf Garage,"{""Accessibility"": {""Wheelchair accessible entrance"": true, ""Wheelchair accessible parking lot"": true}}",unknown
Impact GOLF Studio,Instruction,Golf Instruction,False,(570) 335-2072,https://edbathgolfinstruction.weebly.com/,113 Fox Run Cir,South Abington Township,Pennsylvania,PA,18411,41.4927312,-75.67645639999999,America/New_York,5.0,Top Rated,0,5,True,True,"https://www.google.com/maps/place/Impact+Golf+Studio/@41.4927312,-75.67645639999999,14z/data=!4m8!1m2!2m1!1sImpact+Golf+Studio!3m4!1s0x89c4d9f21eeb4e7d:0x4fbea5ddfe8319a!8m2!3d41.4927312!4d-75.67645639999999",Golf Lessons,1,False,Unknown,True,"{""Wednesday"": [""Open 24 hours""]}",False,OPERATIONAL,True,crawled,independent clubmaker Pennsylvania,False,Impact Golf Studio,"{""Accessibility"": {""Wheelchair accessible parking lot"": true}}",
Scranton GOLF Center,Simulator,Golf Simulator,False,(570) 207-6777,https://www.scrantongolfcenter.com/index.html,803 Old State Rd,South Abington Township,Pennsylvania,PA,18411,41.5009289,-75.71226349999999,America/New_York,4.5,Highly Rated,0,8,True,True,"https://www.google.com/maps/place/Scranton+Golf+Center/@41.5009289,-75.71226349999999,14z/data=!4m8!1m2!2m1!1sScranton+Golf+Center!3m4!1s0x89c4d98d49a9bed1:0x31c4fdee22170a47!8m2!3d41.5009289!4d-75.71226349999999",,0,False,Indoor,True,"{""Wednesday"": [""12-9PM""]}",False,OPERATIONAL,True,crawled,custom club fitting Pennsylvania,False,Scranton Golf Center,"{""Accessibility"": {""Wheelchair accessible entrance"": true, ""Wheelchair accessible parking lot"": true, ""Wheelchair accessible restroom"": true}}",unknown
Mad Golfer,Driving Range,Driving Range,False,(215) 357-1622,https://www.madgolfergolfclub.com/,114 Street Rd,Southampton,Pennsylvania,PA,18966,40.1812484,-75.05596349999999,America/New_York,4.3,Highly Rated,0,143,True,True,"https://www.google.com/maps/place/Mad+Golfer/@40.1812484,-75.05596349999999,14z/data=!4m8!1m2!2m1!1sMad+Golfer!3m4!1s0x89c6add400b35679:0x2f72f88a5c0a4f4c!8m2!3d40.1812484!4d-75.05596349999999",Club Fitting | Retail / Pro Shop | Driving Range,3,False,Outdoor,True,"{""Wednesday"": [""10AM-3PM""]}",False,OPERATIONAL,True,crawled,custom club fitting California,False,Mad Golfer,"{""Accessibility"": {""Wheelchair accessible entrance"": true, ""Wheelchair accessible parking lot"": true}}",enriched
Golfcraft,Clubfitter,Club Fitting,False,(860) 716-5549,https://www.golfcraftpa.com/,901 N Bethlehem Pike,Spring House,Pennsylvania,PA,19477,40.1807844,-75.2272131,America/New_York,0.0,Unrated,0,1,True,True,"https://www.google.com/maps/place/GolfCraft/@40.1807844,-75.2272131,14z/data=!4m8!1m2!2m1!1sGolfCraft!3m4!1s0x89c6a530f95e9999:0x97c41ea17555ed4c!8m2!3d40.1807844!4d-75.2272131",Club Fitting | Custom Club Building | Retail / Pro Shop | Shaft & Grip Sales,4,True,Indoor,True,,False,OPERATIONAL,True,crawled,independent clubmaker Pennsylvania,False,GolfCraft,"{""Accessibility"": {""Wheelchair accessible parking lot"": true}}",
Trublu GOLF,Retailer,Custom Club Building,False,(570) 637-7320,https://trublugolf.com/,19850 State Rte 187,Towanda,Pennsylvania,PA,18848,41.7401967,-76.3727148,America/New_York,5.0,Top Rated,0,37,True,True,"https://www.google.com/maps/place/TruBlu+Golf/@41.7401967,-76.3727148,14z/data=!4m8!1m2!2m1!1sTruBlu+Golf!3m4!1s0x89daabb05e1005c5:0x4777ea89eb622305!8m2!3d41.7401967!4d-76.3727148",Custom Club Building | Retail / Pro Shop,2,False,Indoor,True,,False,OPERATIONAL,True,crawled,independent clubmaker Pennsylvania,False,TruBlu Golf,"{""Accessibility"": {""Wheelchair accessible parking lot"": true}}",
Flagler GOLF Academy,Instruction,Golf Instruction,False,(267) 664-3789,https://flaglergolfacademy.com/,1225 W Street Rd,Warminster,Pennsylvania,PA,18974,40.2189624,-75.11508909999999,America/New_York,4.7,Top Rated,0,12,True,True,"https://www.google.com/maps/place/Flagler+Golf+Academy/@40.218962399999995,-75.11508909999999,14z/data=!4m8!1m2!2m1!1sFlagler+Golf+Academy!3m4!1s0x89c6b0619d9e9361:0x94e071e902e640e6!8m2!3d40.218962399999995!4d-75.11508909999999",Golf Lessons,1,False,Unknown,True,,False,OPERATIONAL,True,crawled,independent clubmaker Pennsylvania,False,Flagler Golf Academy,"{""Accessibility"": {""Wheelchair accessible entrance"": true, ""Wheelchair accessible parking lot"": true}}",
Mbcustomgolf,Clubfitter,Club Fitting,False,(484) 256-0815,https://www.mbcustomgolf.com/,131 E Washington St,Wernersville,Pennsylvania,PA,19565,40.3306426,-76.075812,America/New_York,0.0,Unrated,0,1,True,False,"https://www.google.com/maps/place/MBCustomGolf/@40.3306426,-76.075812,14z/data=!4m8!1m2!2m1!1sMBCustomGolf!3m4!1s0x89c6731d65c39ea5:0xd12b0d5b14b9e3eb!8m2!3d40.3306426!4d-76.075812",Club Fitting | Club Repair | Custom Club Building | Launch Monitor | Retail / Pro Shop | Shaft & Grip Sales,6,True,Indoor,True,,False,OPERATIONAL,True,crawled,independent clubmaker Pennsylvania,False,MBCustomGolf,{},
Nick Biondi GOLF,Instruction,Golf Instruction,False,(570) 575-7638,https://www.nbiondi.com/,1100 Country Club Rd,West Chester,Pennsylvania,PA,19382,39.9141723,-75.6186676,America/New_York,5.0,Top Rated,0,7,True,True,"https://www.google.com/maps/place/Nick+Biondi+Golf/@39.9141723,-75.6186676,14z/data=!4m8!1m2!2m1!1sNick+Biondi+Golf!3m4!1s0x89c6f1d3574efa29:0x19c7d3cc25102cab!8m2!3d39.9141723!4d-75.6186676",Golf Lessons,1,False,Unknown,True,"{""Wednesday"": [""9:30AM-5:30PM""]}",False,OPERATIONAL,True,crawled,independent clubmaker Pennsylvania,False,Nick Biondi Golf,"{""Accessibility"": {""Wheelchair accessible entrance"": true, ""Wheelchair accessible parking lot"": true}}",
Penn Oaks GOLF Club,Driving Range,Membership Programs,False,(610) 399-0501,https://www.pennoaksgolfclub.com/,150 Penn Oaks Dr,West Chester,Pennsylvania,PA,19382,39.908674,-75.560541,America/New_York,4.6,Highly Rated,0,269,True,True,"https://www.google.com/maps/place/Penn+Oaks+Golf+Club/@39.908674,-75.560541,14z/data=!4m8!1m2!2m1!1sPenn+Oaks+Golf+Club!3m4!1s0x89c6f042ac27b4e9:0xc4a8ba245e1ee29d!8m2!3d39.908674!4d-75.560541",Membership / Club Programs,1,False,Outdoor,True,"{""Wednesday"": [""11AM-9PM""]}",False,OPERATIONAL,True,recrawled,custom club fitting Pennsylvania,False,Penn Oaks Golf Club,"{""Accessibility"": {""Wheelchair accessible entrance"": true, ""Wheelchair accessible parking lot"": true, ""Wheelchair accessible restroom"": true, ""Wheelchair accessible seating"": true}, ""Other"": {""LGBTQ+ friendly"": true}}",
Musselman's GOLF,Retailer,Golf Instruction,False,(570) 567-7821,https://www.musselmansgolf.com/,2055 Kenwood Ave,Williamsport,Pennsylvania,PA,17701,41.2506219,-77.0493175,America/New_York,5.0,Top Rated,0,1,True,True,"https://www.google.com/maps/place/Musselman%27s+Golf/@41.2506219,-77.0493175,14z/data=!4m8!1m2!2m1!1sMusselman%27s+Golf!3m4!1s0x89cfa8dc72b02c37:0xe09e5b02bfc1ac5e!8m2!3d41.2506219!4d-77.0493175",Club Repair | Custom Club Building | Golf Lessons | Retail / Pro Shop | Shaft & Grip Sales,5,False,Indoor,True,"{""Wednesday"": [""9AM-5PM""]}",False,OPERATIONAL,True,crawled,independent clubmaker Pennsylvania,False,Musselman's Golf,"{""Accessibility"": {""Wheelchair accessible entrance"": true, ""Wheelchair accessible parking lot"": true}, ""Other"": {""Identifies as veteran-owned"": true}}",
White Rose GOLF & Training Center - York,Clubfitter,Club Fitting,False,(717) 885-5466,https://www.yorkindoorgolf.com/,807 Loucks Rd,York,Pennsylvania,PA,17404,39.9814855,-76.75180639999999,America/New_York,4.5,Highly Rated,0,43,True,True,"https://www.google.com/maps/place/White+Rose+Golf+%26+Training+Center+-+York/@39.9814855,-76.75180639999999,14z/data=!4m8!1m2!2m1!1sWhite+Rose+Golf+%26+Training+Center+-+York!3m4!1s0x89c88c3982c560cf:0x4dbb5e7fa7a9cb58!8m2!3d39.9814855!4d-76.75180639999999",Club Fitting | Club Repair | Golf Lessons | Retail / Pro Shop,4,True,Indoor,True,"{""Wednesday"": [""11AM-8PM""]}",False,OPERATIONAL,True,crawled,custom club fitting Hawaii,False,White Rose Golf & Training Center - York,"{""Accessibility"": {""Wheelchair accessible entrance"": true, ""Wheelchair accessible parking lot"": true, ""Wheelchair accessible restroom"": true}}",
2nd Time Around Sports Cranston,Clubfitter,Club Fitting,False,(401) 944-9380,https://www.2ndtimearoundsports.com/,453 Atwood Ave,Cranston,Rhode Island,RI,02920,41.7883073,-71.4719654,America/New_York,4.6,Highly Rated,0,163,True,True,"https://www.google.com/maps/place/2nd+Time+Around+Sports+Cranston/@41.7883073,-71.4719654,14z/data=!4m8!1m2!2m1!1s2nd+Time+Around+Sports+Cranston!3m4!1s0x89e44f33b0c06c67:0xd6585d9c2cf53913!8m2!3d41.7883073!4d-71.4719654",Club Fitting | Retail / Pro Shop,2,True,Indoor,True,"{""Wednesday"": [""11AM-7PM""]}",False,OPERATIONAL,True,crawled,boutique golf shop Rhode Island,False,2nd Time Around Sports Cranston,"{""Accessibility"": {""Wheelchair accessible entrance"": true, ""Wheelchair accessible parking lot"": true}}",
GOLF Academy With Todd Campbell,Simulator,Club Fitting,False,(508) 951-4371,https://toddcampbellgolfacademy.com/,"Country Club, 69 Burlingame Rd",Cranston,Rhode Island,RI,02921,41.7375998,-71.51670779999999,America/New_York,5.0,Top Rated,0,409,True,True,"https://www.google.com/maps/place/GOLF+Academy+with+Todd+Campbell/@41.7375998,-71.51670779999999,14z/data=!4m8!1m2!2m1!1sGOLF+Academy+with+Todd+Campbell!3m4!1s0x89e44f01f2aefd89:0x29fabcb59238ec43!8m2!3d41.7375998!4d-71.51670779999999",Club Fitting | Golf Lessons | Launch Monitor | Retail / Pro Shop,4,True,Indoor,True,"{""Wednesday"": [""10AM-1PM""]}",False,OPERATIONAL,True,crawled,independent clubmaker Rhode Island,False,GOLF Academy with Todd Campbell,"{""Accessibility"": {""Wheelchair accessible entrance"": true, ""Wheelchair accessible parking lot"": true}}",
Golfers' Warehouse,Clubfitter,Club Fitting,False,(401) 467-8740,https://stores.worldwidegolfshops.com/ri/cranston/golfers-warehouse-crn.html,60 Freeway Dr,Cranston,Rhode Island,RI,02920,41.7506,-71.4499953,America/New_York,4.2,Well Reviewed,0,30,True,True,"https://www.google.com/maps/place/Golfers%27+Warehouse/@41.7506,-71.4499953,14z/data=!4m8!1m2!2m1!1sGolfers%27+Warehouse!3m4!1s0x89e44eec7f270cc1:0x84eb3a7f29f500f7!8m2!3d41.7506!4d-71.4499953",Club Fitting | Club Repair | Custom Club Building | Launch Monitor | Golf Simulator | Retail / Pro Shop | Shaft & Grip Sales,7,True,Indoor,True,"{""Wednesday"": [""10AM-6PM""]}",False,OPERATIONAL,True,crawled,independent clubmaker Rhode Island,False,Golfers' Warehouse,"{""Accessibility"": {""Wheelchair accessible entrance"": true, ""Wheelchair accessible parking lot"": true}}",
Mygolfconditioning.com,Instruction,Golf Instruction,False,(617) 763-3939,https://www.mygolfconditioning.com/,2 Pearl St,East Greenwich,Rhode Island,RI,02818,41.6613522,-71.4547187,America/New_York,5.0,Top Rated,0,129,True,True,"https://www.google.com/maps/place/MyGolfConditioning.com/@41.661352199999996,-71.4547187,14z/data=!4m8!1m2!2m1!1sMyGolfConditioning.com!3m4!1s0x89e4dd7ef13b7489:0xca8b852d940f7445!8m2!3d41.661352199999996!4d-71.4547187",,0,False,Unknown,True,"{""Wednesday"": [""8:30AM-8PM""]}",False,OPERATIONAL,True,crawl_failed,independent clubmaker Rhode Island,False,MyGolfConditioning.com,"{""Accessibility"": {""Wheelchair accessible entrance"": true, ""Wheelchair accessible parking lot"": true, ""Wheelchair accessible restroom"": true}}",failed
Ocean State GOLF Academy,Retailer,Golf Instruction,False,(480) 757-5575,https://oceanstategolfacademy.com/,860 Waterman Ave Unit 4,East Providence,Rhode Island,RI,02914,41.8125071,-71.3493491,America/New_York,5.0,Top Rated,0,33,True,True,"https://www.google.com/maps/place/Ocean+State+Golf+Academy/@41.8125071,-71.3493491,14z/data=!4m8!1m2!2m1!1sOcean+State+Golf+Academy!3m4!1s0x89e44fb1d57d4fc7:0xcaf3654e4b2efaea!8m2!3d41.8125071!4d-71.3493491",Golf Lessons | Launch Monitor | Retail / Pro Shop,3,False,Indoor,True,"{""Wednesday"": [""11AM-7PM""]}",False,OPERATIONAL,True,crawled,custom club fitting Rhode Island,False,Ocean State Golf Academy,"{""Accessibility"": {""Wheelchair accessible entrance"": true, ""Wheelchair accessible parking lot"": true, ""Wheelchair accessible restroom"": true}}",
Robert Mark GOLF,Retailer,Golf Retail,False,(401) 623-1090,https://www.robertmarkgolf.com/pages/contact,560 Mineral Spring Ave,Pawtucket,Rhode Island,RI,02860,41.8721851,-71.4060221,America/New_York,2.3,Standard,0,2,True,True,"https://www.google.com/maps/place/Robert+Mark+Golf/@41.872185099999996,-71.4060221,14z/data=!4m8!1m2!2m1!1sRobert+Mark+Golf!3m4!1s0x89e444a1e2f8265b:0x783362fa80d0d515!8m2!3d41.872185099999996!4d-71.4060221",Retail / Pro Shop,1,False,Indoor,True,,False,OPERATIONAL,True,crawled,independent clubmaker Rhode Island,False,Robert Mark Golf,"{""Accessibility"": {""Wheelchair accessible parking lot"": true}}",
Swingjuice GOLF Shop,Retailer,Golf Retail,False,(401) 642-5715,https://www.swingjuice.com/,99 S Bend St,Pawtucket,Rhode Island,RI,02860,41.8752554,-71.3724707,America/New_York,4.7,Top Rated,0,19,True,True,"https://www.google.com/maps/place/SwingJuice+Golf+Shop/@41.8752554,-71.3724707,14z/data=!4m8!1m2!2m1!1sSwingJuice+Golf+Shop!3m4!1s0x89e4459f5102b3f7:0xa03ffe1c4e3bf073!8m2!3d41.8752554!4d-71.3724707",Retail / Pro Shop,1,False,Indoor,True,"{""Wednesday"": [""9:30AM-3:30PM""]}",False,OPERATIONAL,True,crawled,boutique golf shop Rhode Island,False,SwingJuice Golf Shop,"{""Accessibility"": {""Wheelchair accessible parking lot"": true, ""Wheelchair accessible restroom"": true, ""Assistive hearing loop"": false, ""Wheelchair accessible seating"": false}}",
Newport Indoor GOLF,Simulator,Club Fitting,False,(401) 847-1947,https://www.newportindoorgolf.com/,1947 W Main Rd,Portsmouth,Rhode Island,RI,02871,41.5692558,-71.27951039999999,America/New_York,4.8,Top Rated,0,32,True,True,"https://www.google.com/maps/place/Newport+Indoor+Golf/@41.5692558,-71.27951039999999,14z/data=!4m8!1m2!2m1!1sNewport+Indoor+Golf!3m4!1s0x89e5abbf752a0e45:0xa2582e568f307d5!8m2!3d41.5692558!4d-71.27951039999999",Club Fitting | Golf Lessons | Launch Monitor | Golf Simulator | Retail / Pro Shop,5,True,Indoor,True,"{""Wednesday"": [""8AM-11PM""]}",False,OPERATIONAL,True,crawled,independent clubmaker Rhode Island,False,Newport Indoor Golf,"{""Accessibility"": {""Wheelchair accessible entrance"": true, ""Wheelchair accessible parking lot"": true, ""Wheelchair accessible restroom"": true}}",
Rhode Island GOLF Association,Retailer,Golf Retail,False,(401) 272-1350,https://www.rigalinks.org/,1 Buttonhole Dr #2,Providence,Rhode Island,RI,02909,41.825881,-71.46477999999999,America/New_York,5.0,Top Rated,0,1,True,False,"https://www.google.com/maps/place/Rhode+Island+Golf+Association/@41.825880999999995,-71.46477999999999,14z/data=!4m8!1m2!2m1!1sRhode+Island+Golf+Association!3m4!1s0x89e444c3c84b9c1d:0x26ce57b84cedf0bf!8m2!3d41.825880999999995!4d-71.46477999999999",Retail / Pro Shop | Membership / Club Programs,2,False,Indoor,True,"{""Wednesday"": [""9AM-4PM""]}",False,OPERATIONAL,True,recrawled,independent clubmaker Rhode Island,False,Rhode Island Golf Association,"{""Accessibility"": {""Wheelchair accessible entrance"": true, ""Wheelchair accessible parking lot"": true}}",
Spargo GOLF,Clubfitter,Club Fitting,False,(401) 946-4653,https://www.spargogolf.com/,1 Buttonhole Dr,Providence,Rhode Island,RI,02909,41.8257682,-71.4646869,America/New_York,4.9,Top Rated,0,4,True,True,"https://www.google.com/maps/place/Spargo+Golf/@41.8257682,-71.4646869,14z/data=!4m8!1m2!2m1!1sSpargo+Golf!3m4!1s0x89e44eadcd53a01d:0x54c199848a06149!8m2!3d41.8257682!4d-71.4646869",Club Fitting | Club Repair | Custom Club Building | Launch Monitor | Retail / Pro Shop | Shaft & Grip Sales,6,True,Indoor,True,"{""Wednesday"": [""Closed""]}",False,OPERATIONAL,True,crawled,independent clubmaker Rhode Island,False,Spargo Golf,"{""Accessibility"": {""Wheelchair accessible entrance"": true, ""Wheelchair accessible parking lot"": true}}",
GOLF 365 Ri,Simulator,Club Fitting,False,(401) 437-7560,https://golf365ri.com/,85 Byfield St,Warwick,Rhode Island,RI,02888,41.7570112,-71.43256769999999,America/New_York,4.8,Top Rated,0,9,True,True,"https://www.google.com/maps/place/Golf+365+RI/@41.7570112,-71.43256769999999,14z/data=!4m8!1m2!2m1!1sGolf+365+RI!3m4!1s0x89e44f6100695f7d:0xeb24eba56d3c212c!8m2!3d41.7570112!4d-71.43256769999999",Club Fitting | Golf Lessons | Golf Simulator | Retail / Pro Shop,4,True,Indoor,True,"{""Wednesday"": [""6AM-10PM""]}",False,OPERATIONAL,True,crawled,independent clubmaker Rhode Island,False,Golf 365 RI,"{""Accessibility"": {""Wheelchair accessible entrance"": true, ""Wheelchair accessible parking lot"": true, ""Wheelchair accessible restroom"": true}}",
Westerly GOLF Services,Retailer,Golf Retail,False,(860) 212-1339,https://www.westerlygolfservices.com/,2 Forrestal Dr,Westerly,Rhode Island,RI,02891,41.3957653,-71.8020263,America/New_York,5.0,Top Rated,0,5,True,True,"https://www.google.com/maps/place/Westerly+Golf+Services/@41.3957653,-71.8020263,14z/data=!4m8!1m2!2m1!1sWesterly+Golf+Services!3m4!1s0x89e5e70b547c66b9:0x706fa3ae0f1f187!8m2!3d41.3957653!4d-71.8020263",Retail / Pro Shop | Shaft & Grip Sales,2,False,Indoor,True,"{""Wednesday"": [""4:30-7PM""]}",False,OPERATIONAL,True,crawled,independent clubmaker Rhode Island,False,Westerly Golf Services,"{""Accessibility"": {""Wheelchair accessible parking lot"": true}}",
GOLF Apparel Shop,Retailer,Golf Retail,False,(854) 236-1402,https://www.golfapparelshop.com/,1414 Fording Island Rd,Bluffton,South Carolina,SC,29910,32.2387801,-80.8184875,America/New_York,5.0,Top Rated,0,4,True,False,"https://www.google.com/maps/place/Golf+Apparel+Shop/@32.2387801,-80.8184875,14z/data=!4m8!1m2!2m1!1sGolf+Apparel+Shop!3m4!1s0x88fb89005b34cc89:0xbf0604730752ed04!8m2!3d32.2387801!4d-80.8184875",Retail / Pro Shop,1,False,Indoor,True,"{""Wednesday"": [""10AM-8PM""]}",False,OPERATIONAL,True,crawled,boutique golf shop North Carolina,False,Golf Apparel Shop,"{""Accessibility"": {""Wheelchair accessible entrance"": true, ""Wheelchair accessible parking lot"": true}}",
Swing Tech GOLF,Simulator,Club Fitting,False,(843) 941-4111,https://swingtechgolf.org/,102 Buckwalter Pkwy Suite 3T,Bluffton,South Carolina,SC,29910,32.2842204,-80.91144609999999,America/New_York,5.0,Top Rated,0,7,True,True,"https://www.google.com/maps/place/Swing+Tech+Golf/@32.284220399999995,-80.91144609999999,14z/data=!4m8!1m2!2m1!1sSwing+Tech+Golf!3m4!1s0x88fb8ffbffafcd1d:0x921941597dc640b1!8m2!3d32.284220399999995!4d-80.91144609999999",Club Fitting | Club Repair | Custom Club Building | Golf Lessons | Launch Monitor | Golf Simulator | Retail / Pro Shop | Shaft & Grip Sales,8,True,Indoor,True,"{""Wednesday"": [""9AM-5PM""]}",False,OPERATIONAL,True,crawled,custom club fitting South Carolina,False,Swing Tech Golf,"{""Accessibility"": {""Wheelchair accessible entrance"": true, ""Wheelchair accessible parking lot"": true}, ""Other"": {""Identifies as veteran-owned"": true}}",
Doc Griffin GOLF,Clubfitter,Club Fitting,False,(803) 798-1030,https://www.docgriffingolf.com/,1624 Main St,Columbia,South Carolina,SC,29201,34.0074134,-81.03556999999999,America/New_York,4.6,Highly Rated,0,3,True,False,"https://www.google.com/maps/place/Doc+Griffin+Golf/@34.0074134,-81.03556999999999,14z/data=!4m8!1m2!2m1!1sDoc+Griffin+Golf!3m4!1s0x88f8a37c35afc225:0xc0b17cef524df6f6!8m2!3d34.0074134!4d-81.03556999999999",Club Fitting | Retail / Pro Shop | Shaft & Grip Sales,3,True,Indoor,True,"{""Wednesday"": [""Closed""]}",False,OPERATIONAL,True,crawled,independent clubmaker South Carolina,False,Doc Griffin Golf,"{""Accessibility"": {""Wheelchair accessible entrance"": true, ""Wheelchair accessible parking lot"": true}}",
H. Haney GOLF Academy,Instruction,Golf Instruction,False,(803) 546-2939,https://www.hhaneygolf.com/,6030 St Andrews Rd Suite E,Columbia,South Carolina,SC,29212,34.0536832,-81.1593139,America/New_York,4.9,Top Rated,0,26,True,True,"https://www.google.com/maps/place/H.+Haney+Golf+Academy/@34.0536832,-81.1593139,14z/data=!4m8!1m2!2m1!1sH.+Haney+Golf+Academy!3m4!1s0x88f8a280fbe34afb:0x4b130edb3b2f2b53!8m2!3d34.0536832!4d-81.1593139",Golf Lessons,1,False,Unknown,True,"{""Wednesday"": [""9AM-8PM""]}",False,OPERATIONAL,True,crawled,boutique golf shop South Carolina,False,H. Haney Golf Academy,"{""Accessibility"": {""Wheelchair accessible entrance"": true, ""Wheelchair accessible parking lot"": true, ""Wheelchair accessible restroom"": true}}",
Koosa GOLF Northeast,Clubfitter,Club Fitting,False,(803) 851-6310,https://www.koosagolf.com/,9365 Two Notch Rd,Columbia,South Carolina,SC,29223,34.0991329,-80.9195766,America/New_York,4.6,Highly Rated,0,5,True,False,"https://www.google.com/maps/place/Koosa+Golf+Northeast/@34.0991329,-80.9195766,14z/data=!4m8!1m2!2m1!1sKoosa+Golf+Northeast!3m4!1s0x88f8a94740fab4ab:0x4278c76e11e69f8e!8m2!3d34.0991329!4d-80.9195766",Club Fitting | Retail / Pro Shop,2,True,Indoor,True,"{""Wednesday"": [""10AM-7PM""]}",False,OPERATIONAL,True,crawled,boutique golf shop South Carolina,False,Koosa Golf Northeast,"{""Accessibility"": {""Wheelchair accessible entrance"": true, ""Wheelchair accessible parking lot"": true}}",
Palmetto Leisure,Retailer,Golf Retail,False,(843) 225-2135,https://www.palmettoleisure.com/,1950 Bush River Rd Unit 3,Columbia,South Carolina,SC,29210,34.0297323,-81.1186032,America/New_York,4.2,Well Reviewed,0,28,True,True,"https://www.google.com/maps/place/Palmetto+Leisure+%28Hot+Tubs-Billiards-Golf+Carts%29/@34.0297323,-81.1186032,14z/data=!4m8!1m2!2m1!1sPalmetto+Leisure+%28Hot+Tubs-Billiards-Golf+Carts%29!3m4!1s0x88f8b04c7b154263:0x44112d5d2d9492b2!8m2!3d34.0297323!4d-81.1186032",Retail / Pro Shop,1,False,Indoor,True,"{""Wednesday"": [""11AM-6PM""]}",False,OPERATIONAL,True,crawled,boutique golf shop South Carolina,False,Palmetto Leisure,"{""Accessibility"": {""Wheelchair accessible entrance"": true, ""Wheelchair accessible parking lot"": true}}",
Todd & Moore,Clubfitter,Club Fitting,False,(803) 765-0150,https://toddandmoore.com/,620 Huger St,Columbia,South Carolina,SC,29201,33.9906503,-81.0412952,America/New_York,4.5,Highly Rated,0,116,True,True,"https://www.google.com/maps/place/Todd+%26+Moore/@33.9906503,-81.0412952,14z/data=!4m8!1m2!2m1!1sTodd+%26+Moore!3m4!1s0x88f8bb25261bf7c5:0x7df8ff37653c2b1c!8m2!3d33.9906503!4d-81.0412952",Club Fitting | Retail / Pro Shop,2,True,Indoor,True,"{""Wednesday"": [""10AM-6PM""]}",False,OPERATIONAL,True,crawled,boutique golf shop South Carolina,False,Todd & Moore,"{""Accessibility"": {""Wheelchair accessible entrance"": true, ""Wheelchair accessible parking lot"": true}}",
Haas Family GOLF,Driving Range,Club Fitting,False,(864) 288-0001,https://www.haasfamilygolf.com/,8000 Pelham Rd,Greenville,South Carolina,SC,29615,34.8530547,-82.23647009999999,America/New_York,4.6,Highly Rated,0,136,True,True,"https://www.google.com/maps/place/Haas+Family+Golf/@34.8530547,-82.23647009999999,14z/data=!4m8!1m2!2m1!1sHaas+Family+Golf!3m4!1s0x885829c0b6a6ffbd:0x644a074c8ffe4a8f!8m2!3d34.8530547!4d-82.23647009999999",Club Fitting | Club Repair | Golf Lessons | Retail / Pro Shop | Shaft & Grip Sales,5,True,Outdoor,True,"{""Wednesday"": [""9AM-8PM""]}",False,OPERATIONAL,True,crawled,custom club fitting South Carolina,False,Haas Family Golf,"{""Accessibility"": {""Wheelchair accessible entrance"": true, ""Wheelchair accessible parking lot"": true}}",
The GOLF Fix,Simulator,Golf Simulator,False,(864) 202-6462,https://thegolffix.us/,214 Phoenix St,Greenwood,South Carolina,SC,29646,34.1913846,-82.159688,America/New_York,4.9,Top Rated,0,8,True,True,"https://www.google.com/maps/place/The+Golf+Fix/@34.1913846,-82.159688,14z/data=!4m8!1m2!2m1!1sThe+Golf+Fix!3m4!1s0x88f801d3ad45199d:0x32f1f1afd946ca08!8m2!3d34.1913846!4d-82.159688",Golf Simulator | Retail / Pro Shop,2,False,Indoor,True,"{""Wednesday"": [""10AM-7PM""]}",False,OPERATIONAL,True,crawled,independent clubmaker South Carolina,False,The Golf Fix,"{""Accessibility"": {""Wheelchair accessible entrance"": true, ""Wheelchair accessible parking lot"": true}}",
Clemmons GOLF,Clubfitter,Club Fitting,False,(864) 301-4117,https://clemmonsgolf.com/,980 Batesville Rd STE E,Greer,South Carolina,SC,29651,34.8507651,-82.2287443,America/New_York,4.6,Highly Rated,0,97,True,True,"https://www.google.com/maps/place/Clemmons+Golf/@34.8507651,-82.2287443,14z/data=!4m8!1m2!2m1!1sClemmons+Golf!3m4!1s0x885829f0e17db199:0x73b9ed770c06dd77!8m2!3d34.8507651!4d-82.2287443",Club Fitting | Club Repair | Custom Club Building | Golf Lessons | Launch Monitor | Retail / Pro Shop | Shaft & Grip Sales,7,True,Indoor,True,"{""Wednesday"": [""9AM-5PM""]}",False,OPERATIONAL,True,crawled,independent clubmaker South Carolina,False,Clemmons Golf,"{""Accessibility"": {""Wheelchair accessible entrance"": true, ""Wheelchair accessible parking lot"": true, ""Wheelchair accessible seating"": true}}",
Hhi GOLF Shoppe,Clubfitter,Club Fitting,False,(843) 715-0427,https://hhigolfshoppe.com/,890 William Hilton Pkwy Suite 66,Hilton Head Island,South Carolina,SC,29928,32.1696933,-80.739847,America/New_York,4.9,Top Rated,0,17,True,True,"https://www.google.com/maps/place/HHI+Golf+Shoppe/@32.1696933,-80.739847,14z/data=!4m8!1m2!2m1!1sHHI+Golf+Shoppe!3m4!1s0x88fc79eb894158eb:0xa29365e845e6bb5b!8m2!3d32.1696933!4d-80.739847",Club Fitting | Launch Monitor | Retail / Pro Shop | Trade-In / Used Clubs,4,True,Indoor,True,"{""Wednesday"": [""9AM-5PM""]}",False,OPERATIONAL,True,crawled,boutique golf shop South Carolina,False,HHI Golf Shoppe,"{""Accessibility"": {""Wheelchair accessible entrance"": true, ""Wheelchair accessible parking lot"": true}}",
Mastery GOLF Performance - Hilton Head GOLF Lessons,Instruction,Golf Instruction,False,(843) 321-8935,https://www.masterygolfperformance.com/,1533 Fording Island Rd Ste 304,Hilton Head Island,South Carolina,SC,29926,32.2378123,-80.80823439999999,America/New_York,5.0,Top Rated,0,110,True,True,"https://www.google.com/maps/place/Mastery+Golf+Performance+-+Hilton+Head+Golf+Lessons/@32.2378123,-80.80823439999999,14z/data=!4m8!1m2!2m1!1sMastery+Golf+Performance+-+Hilton+Head+Golf+Lessons!3m4!1s0x88fc775749f4693d:0x46bb4aff44f3f3a8!8m2!3d32.2378123!4d-80.80823439999999",Golf Lessons | Launch Monitor,2,False,Unknown,True,"{""Wednesday"": [""9AM-6PM""]}",False,OPERATIONAL,True,crawled,custom club fitting South Carolina,False,Mastery Golf Performance - Hilton Head Golf Lessons,"{""Accessibility"": {""Wheelchair accessible entrance"": true, ""Wheelchair accessible parking lot"": true, ""Wheelchair accessible restroom"": true}}",
The Golfhouse,Retailer,Golf Retail,False,(843) 364-5024,https://www.golfhousesc.com/,359 Treeland Dr # C,Ladson,South Carolina,SC,29456,33.0123825,-80.1119537,America/New_York,4.9,Top Rated,0,11,True,True,"https://www.google.com/maps/place/The+GOLFHOUSE/@33.0123825,-80.1119537,14z/data=!4m8!1m2!2m1!1sThe+GOLFHOUSE!3m4!1s0x88fe8b0716064f17:0x1dab2f881da914b3!8m2!3d33.0123825!4d-80.1119537",,0,False,Indoor,True,,False,OPERATIONAL,True,crawled,custom club fitting South Carolina,False,The GOLFHOUSE,"{""Accessibility"": {""Wheelchair accessible entrance"": true, ""Wheelchair accessible parking lot"": true}}",failed
Koosa GOLF,Clubfitter,Club Fitting,False,(803) 359-3333,https://www.koosagolf.com/,5058 Sunset Blvd,Lexington,South Carolina,SC,29072,34.0092438,-81.19285289999999,America/New_York,4.6,Highly Rated,0,3,True,True,"https://www.google.com/maps/place/Koosa+Golf/@34.0092438,-81.19285289999999,14z/data=!4m8!1m2!2m1!1sKoosa+Golf!3m4!1s0x88f8978ecc7b340f:0x7e73894d82892a8c!8m2!3d34.0092438!4d-81.19285289999999",Club Fitting | Retail / Pro Shop | Shaft & Grip Sales,3,True,Indoor,True,"{""Wednesday"": [""10AM-7PM""]}",False,OPERATIONAL,True,crawled,independent clubmaker South Carolina,False,Koosa Golf,"{""Accessibility"": {""Wheelchair accessible entrance"": true, ""Wheelchair accessible parking lot"": true}}",
David Ayres' Lowcountry Custom GOLF,Clubfitter,Club Fitting,False,(843) 492-7009,https://lowcountrycustomgolf.com/,1137 Johnnie Dodds Blvd,Mt Pleasant,South Carolina,SC,29464,32.8118041,-79.8578442,America/New_York,4.9,Top Rated,0,73,True,True,"https://www.google.com/maps/place/David+Ayres%27+Lowcountry+Custom+Golf/@32.811804099999996,-79.8578442,14z/data=!4m8!1m2!2m1!1sDavid+Ayres%27+Lowcountry+Custom+Golf!3m4!1s0x88fe7190e52a1b35:0xbbe640d8ddd49613!8m2!3d32.811804099999996!4d-79.8578442",Club Fitting | Club Repair | Custom Club Building | Golf Lessons | Launch Monitor | Club Rentals | Retail / Pro Shop | Shaft & Grip Sales,8,True,Indoor,True,"{""Wednesday"": [""9AM-6PM""]}",False,OPERATIONAL,True,crawled,independent clubmaker South Carolina,False,David Ayres' Lowcountry Custom Golf,"{""Accessibility"": {""Wheelchair accessible entrance"": true, ""Wheelchair accessible parking lot"": true}}",
Akers Discount GOLF,Retailer,Club Repair,False,(843) 357-1621,https://akersdiscountgolf.com/,5141 US Highway 17 Bypass South,Murrells Inlet,South Carolina,SC,29576,33.5359438,-79.0568507,America/New_York,4.5,Highly Rated,0,29,True,True,"https://www.google.com/maps/place/Akers+Discount+Golf/@33.5359438,-79.0568507,14z/data=!4m8!1m2!2m1!1sAkers+Discount+Golf!3m4!1s0x890038f8e674765b:0xfeddcbbe82a82551!8m2!3d33.5359438!4d-79.0568507",Club Repair | Retail / Pro Shop | Shaft & Grip Sales,3,False,Indoor,True,"{""Wednesday"": [""8:30AM-5PM""]}",False,OPERATIONAL,True,crawled,independent clubmaker South Carolina,False,Akers Discount Golf,"{""Accessibility"": {""Wheelchair accessible entrance"": true, ""Wheelchair accessible parking lot"": true}}",
Classic Swing GOLF School,Clubfitter,Club Fitting,False,(843) 903-5560,https://www.classicswing.com/,1500 Legends Rd,Myrtle Beach,South Carolina,SC,29579,33.7443006,-79.0025601,America/New_York,4.8,Top Rated,0,11,True,True,"https://www.google.com/maps/place/Classic+Swing+Golf+School/@33.744300599999995,-79.0025601,14z/data=!4m8!1m2!2m1!1sClassic+Swing+Golf+School!3m4!1s0x89006c799240e9f9:0x64e6c1b8d627b7ef!8m2!3d33.744300599999995!4d-79.0025601",Club Fitting | Custom Club Building | Golf Lessons | Retail / Pro Shop,4,True,Indoor,True,"{""Wednesday"": [""8:30AM-5PM""]}",False,OPERATIONAL,True,crawled,independent clubmaker South Carolina,False,Classic Swing Golf School,"{""Accessibility"": {""Wheelchair accessible entrance"": true, ""Wheelchair accessible parking lot"": true, ""Wheelchair accessible restroom"": true}}",
Mulligan GOLF Gift Store,Retailer,Golf Retail,False,(347) 726-1687,https://mulliganhooligangolf.com/,1179 Celebrity Cir,Myrtle Beach,South Carolina,SC,29577,33.7143664,-78.8781187,America/New_York,5.0,Top Rated,0,85,True,True,"https://www.google.com/maps/place/Mulligan+Golf+Gift+Store/@33.714366399999996,-78.8781187,14z/data=!4m8!1m2!2m1!1sMulligan+Golf+Gift+Store!3m4!1s0x8900694b9f5951df:0x558ed8e56da08920!8m2!3d33.714366399999996!4d-78.8781187",Retail / Pro Shop,1,False,Indoor,True,"{""Wednesday"": [""11AM-7PM""]}",False,OPERATIONAL,True,crawled,boutique golf shop South Carolina,False,Mulligan Golf Gift Store,"{""Accessibility"": {""Wheelchair accessible entrance"": true, ""Wheelchair accessible parking lot"": true}}",
Mulligan GOLF Gift Store,Retailer,Golf Retail,False,(347) 726-1687,https://mulliganhooligangolf.com/,4872 US-17,North Myrtle Beach,South Carolina,SC,29582,33.7986346,-78.74560819999999,America/New_York,5.0,Top Rated,0,126,True,True,"https://www.google.com/maps/place/Mulligan+Golf+Gift+Store/@33.7986346,-78.74560819999999,14z/data=!4m8!1m2!2m1!1sMulligan+Golf+Gift+Store!3m4!1s0x890063fae30a5033:0xfb75b6f03e295fa2!8m2!3d33.7986346!4d-78.74560819999999",Retail / Pro Shop,1,False,Indoor,True,"{""Wednesday"": [""10AM-6PM""]}",False,OPERATIONAL,True,crawled,boutique golf shop South Carolina,False,Mulligan Golf Gift Store,"{""Accessibility"": {""Wheelchair accessible entrance"": true, ""Wheelchair accessible parking lot"": true}}",
Steve Dresser GOLF Academy,Driving Range,Club Fitting,False,(843) 237-7908,https://stevedressergolfacademy.com/,80 Pinehurst Ln,Pawleys Island,South Carolina,SC,29585,33.447416,-79.1485811,America/New_York,4.9,Top Rated,0,3,True,True,"https://www.google.com/maps/place/Steve+Dresser+Golf+Academy/@33.447416,-79.1485811,14z/data=!4m8!1m2!2m1!1sSteve+Dresser+Golf+Academy!3m4!1s0x8900311b516f467f:0x4e30e26b1c765586!8m2!3d33.447416!4d-79.1485811",Club Fitting | Custom Club Building | Golf Lessons | Retail / Pro Shop,4,True,Outdoor,True,,False,OPERATIONAL,True,crawled,custom club fitting South Carolina,False,Steve Dresser Golf Academy,"{""Accessibility"": {""Wheelchair accessible entrance"": true, ""Wheelchair accessible parking lot"": true, ""Wheelchair accessible restroom"": true}}",
Surf And Turf Sports,Retailer,Golf Retail,False,(843) 979-1111,https://surfturfsports.com/,11983 Ocean Hwy unit a,Pawleys Island,South Carolina,SC,29585,33.4574931,-79.11468049999999,America/New_York,5.0,Top Rated,0,24,True,True,"https://www.google.com/maps/place/Surf+And+Turf+Sports/@33.4574931,-79.11468049999999,14z/data=!4m8!1m2!2m1!1sSurf+And+Turf+Sports!3m4!1s0x8900314f8c318441:0x6e37369f90e7961d!8m2!3d33.4574931!4d-79.11468049999999",Retail / Pro Shop,1,False,Indoor,True,"{""Wednesday"": [""9AM-5PM""]}",False,OPERATIONAL,True,crawled,boutique golf shop South Carolina,False,Surf And Turf Sports,"{""Accessibility"": {""Wheelchair accessible entrance"": true, ""Wheelchair accessible parking lot"": true}}",
By Pass GOLF Shop & Driving,Retailer,Golf Retail,False,(864) 576-7120,https://295bypassgolf.com/,133 Southport Rd,Spartanburg,South Carolina,SC,29306,34.916421,-81.9680185,America/New_York,4.8,Top Rated,0,8,True,True,"https://www.google.com/maps/place/By+Pass+Golf+Shop+%26+Driving/@34.916421,-81.9680185,14z/data=!4m8!1m2!2m1!1sBy+Pass+Golf+Shop+%26+Driving!3m4!1s0x88579dcf62fbeb89:0xfd943b0ae74fa44e!8m2!3d34.916421!4d-81.9680185",Retail / Pro Shop,1,False,Indoor,True,"{""Wednesday"": [""9AM-5:30PM""]}",False,OPERATIONAL,True,crawled,independent clubmaker South Carolina,False,By Pass Golf Shop & Driving,"{""Accessibility"": {""Wheelchair accessible entrance"": true, ""Wheelchair accessible parking lot"": true}}",
Elite GOLF Performance,Retailer,Golf Instruction,False,(301) 938-0246,https://elitegolfperformanceusa.com/,455 Deanna Ln Ste B,Wando,South Carolina,SC,29492,32.9049339,-79.9181772,America/New_York,5.0,Top Rated,0,6,True,True,"https://www.google.com/maps/place/Elite+Golf+Performance/@32.904933899999996,-79.9181772,14z/data=!4m8!1m2!2m1!1sElite+Golf+Performance!3m4!1s0x88fe6f89d8d0c7f1:0x42a1d2686137fe61!8m2!3d32.904933899999996!4d-79.9181772",Golf Lessons | Retail / Pro Shop,2,False,Indoor,True,"{""Wednesday"": [""8AM-6PM""]}",False,OPERATIONAL,True,crawled,custom club fitting South Carolina,False,Elite Golf Performance,"{""Accessibility"": {""Wheelchair accessible entrance"": true, ""Wheelchair accessible parking lot"": true, ""Wheelchair accessible restroom"": true}}",
Par Tee GOLF Center,Driving Range,Club Fitting,False,(803) 796-5900,https://parteegolfsc.com/,3209 Charleston Hwy,West Columbia,South Carolina,SC,29172,33.9170581,-81.073494,America/New_York,4.7,Top Rated,0,87,True,True,"https://www.google.com/maps/place/Par+Tee+Golf+Center/@33.9170581,-81.073494,14z/data=!4m8!1m2!2m1!1sPar+Tee+Golf+Center!3m4!1s0x88f8b9556de77a69:0xab7d9e41570ac4b2!8m2!3d33.9170581!4d-81.073494",Club Fitting | Club Repair | Custom Club Building | Golf Lessons | Club Rentals | Retail / Pro Shop,6,True,Outdoor,True,"{""Wednesday"": [""8AM-7PM""]}",False,OPERATIONAL,True,crawled,custom club fitting South Carolina,False,Par Tee Golf Center,"{""Accessibility"": {""Wheelchair accessible entrance"": true, ""Wheelchair accessible parking lot"": true}}",
South Dakota Outdoor Shop,Retailer,Golf Retail,False,(605) 673-2240,https://southdakotaoutdoorshop.com/,429 Mt Rushmore Rd,Custer,South Dakota,SD,57730,43.7663756,-103.6011168,America/Denver,5.0,Top Rated,0,41,True,True,"https://www.google.com/maps/place/South+Dakota+Outdoor+Shop/@43.766375599999996,-103.6011168,14z/data=!4m8!1m2!2m1!1sSouth+Dakota+Outdoor+Shop!3m4!1s0x8762cd316edb1845:0x6fd425e4c2d187b7!8m2!3d43.766375599999996!4d-103.6011168",Retail / Pro Shop,1,False,Indoor,True,"{""Wednesday"": [""11AM-6PM""]}",False,OPERATIONAL,True,crawled,boutique golf shop South Dakota,False,South Dakota Outdoor Shop,"{""Accessibility"": {""Wheelchair accessible entrance"": true, ""Wheelchair accessible parking lot"": true}, ""Other"": {""LGBTQ+ friendly"": true}}",
Austad's GOLF - Rapid City,Clubfitter,Club Fitting,False,(605) 791-1951,https://austads.com/pages/rapid-city-store,532 E Anamosa St,Rapid City,South Dakota,SD,57701,44.0971913,-103.2022894,America/Denver,4.8,Top Rated,0,29,True,True,"https://www.google.com/maps/place/Austad%27s+Golf+-+Rapid+City/@44.0971913,-103.2022894,14z/data=!4m8!1m2!2m1!1sAustad%27s+Golf+-+Rapid+City!3m4!1s0x877d5df8ccb9df9f:0xe6779edb38b3ac5a!8m2!3d44.0971913!4d-103.2022894",Club Fitting | Club Repair | Golf Lessons | Golf Simulator | Launch Monitor | Shaft & Grip Sales | Retail / Pro Shop | Trade-In / Used Clubs,8,True,Indoor,True,"{""Wednesday"": [""10AM-6PM""]}",False,OPERATIONAL,True,crawled,boutique golf shop South Dakota,False,Austad's Golf - Rapid City,"{""Accessibility"": {""Wheelchair accessible entrance"": true, ""Wheelchair accessible parking lot"": true}}",
Austad's GOLF - Sioux Falls,Clubfitter,Club Fitting,False,(605) 331-4653,https://austads.com/pages/sioux-falls-store,2801 E 10th St,Sioux Falls,South Dakota,SD,57103,43.5460267,-96.6904623,America/Chicago,4.7,Top Rated,0,63,True,True,"https://www.google.com/maps/place/Austad%27s+Golf+-+Sioux+Falls/@43.5460267,-96.6904623,14z/data=!4m8!1m2!2m1!1sAustad%27s+Golf+-+Sioux+Falls!3m4!1s0x878eb6074e881847:0xe1eca1d1afe709c2!8m2!3d43.5460267!4d-96.6904623",Club Fitting | Club Repair | Golf Lessons | Launch Monitor | Golf Simulator | Retail / Pro Shop | Shaft & Grip Sales,7,True,Indoor,True,"{""Wednesday"": [""10AM-6PM""]}",False,OPERATIONAL,True,crawled,independent clubmaker South Dakota,False,Austad's Golf - Sioux Falls,"{""Accessibility"": {""Wheelchair accessible entrance"": true, ""Wheelchair accessible parking lot"": true, ""Wheelchair accessible restroom"": true}}",
Dakota Sports,Retailer,Golf Retail,False,(605) 332-2131,https://dakotasportsonline.com/,3410 S Kiwanis Ave,Sioux Falls,South Dakota,SD,57105,43.5133478,-96.7590075,America/Chicago,4.6,Highly Rated,0,26,True,True,"https://www.google.com/maps/place/Dakota+Sports/@43.5133478,-96.7590075,14z/data=!4m8!1m2!2m1!1sDakota+Sports!3m4!1s0x878eca02abc1bee5:0x721e165d0ce5ac76!8m2!3d43.5133478!4d-96.7590075",Retail / Pro Shop,1,False,Indoor,True,"{""Wednesday"": [""8AM-7PM""]}",False,OPERATIONAL,True,crawled,boutique golf shop South Dakota,False,Dakota Sports,"{""Accessibility"": {""Wheelchair accessible entrance"": true, ""Wheelchair accessible parking lot"": true}}",
Midwest Disc Supply,Retailer,Golf Retail,False,,https://www.facebook.com/MidwestDiscSupply,5010 S Marion Rd,Sioux Falls,South Dakota,SD,57106,43.4996047,-96.789617,America/Chicago,5.0,Top Rated,0,6,True,True,"https://www.google.com/maps/place/Midwest+Disc+Supply/@43.4996047,-96.78961699999999,14z/data=!4m8!1m2!2m1!1sMidwest+Disc+Supply!3m4!1s0x878ec9fbdee1ed17:0x7afacdc01a3f4cb!8m2!3d43.4996047!4d-96.78961699999999",,0,False,Indoor,True,"{""Wednesday"": [""12-11PM""]}",False,OPERATIONAL,True,crawled,boutique golf shop South Dakota,False,Midwest Disc Supply,"{""Accessibility"": {""Wheelchair accessible entrance"": true, ""Wheelchair accessible parking lot"": true}}",unknown
Sanford International,Retailer,Golf Retail,False,(605) 271-7825,https://sanfordinternational.com/,1105 S Minnesota Ave,Sioux Falls,South Dakota,SD,57105,43.5353299,-96.731476,America/Chicago,5.0,Top Rated,0,14,True,True,"https://www.google.com/maps/place/Sanford+International/@43.5353299,-96.731476,14z/data=!4m8!1m2!2m1!1sSanford+International!3m4!1s0x878eb5eb32f968cd:0xa50e6ef847545375!8m2!3d43.5353299!4d-96.731476",,0,False,Indoor,True,"{""Wednesday"": [""8AM-5PM""]}",False,OPERATIONAL,True,crawl_failed,boutique golf shop South Dakota,False,Sanford International,"{""Accessibility"": {""Wheelchair accessible entrance"": true, ""Wheelchair accessible parking lot"": true}}",failed
Par GOLF Tn,Simulator,Golf Simulator,False,(615) 882-4727,https://www.pargolftn.com/,5111 Peter Taylor Park Dr #300,Brentwood,Tennessee,TN,37027,36.0340654,-86.8004588,America/Chicago,5.0,Top Rated,0,15,True,True,"https://www.google.com/maps/place/Par+Golf+TN/@36.034065399999996,-86.8004588,14z/data=!4m8!1m2!2m1!1sPar+Golf+TN!3m4!1s0x88647bff9351f251:0x8337e6e83332cdb2!8m2!3d36.034065399999996!4d-86.8004588",Golf Simulator | Retail / Pro Shop,2,False,Indoor,True,"{""Wednesday"": [""7AM-7PM""]}",False,OPERATIONAL,True,crawled,custom club fitting Tennessee,False,Par Golf TN,"{""Accessibility"": {""Wheelchair accessible entrance"": true, ""Wheelchair accessible parking lot"": true}}",
Bristol GOLF & Club Fitting,Clubfitter,Club Fitting,False,(423) 797-4470,https://bristolgolfclubfitting.com/,1393 Volunteer Pkwy,Bristol,Tennessee,TN,37620,36.5578327,-82.2106558,America/New_York,4.8,Top Rated,0,4,True,True,"https://www.google.com/maps/place/Bristol+Golf+%26+Club+Fitting/@36.5578327,-82.2106558,14z/data=!4m8!1m2!2m1!1sBristol+Golf+%26+Club+Fitting!3m4!1s0x885077d9cb6eaa69:0x30634a796cc62bf1!8m2!3d36.5578327!4d-82.2106558",Club Fitting | Custom Club Building | Golf Lessons | Launch Monitor | Retail / Pro Shop | Shaft & Grip Sales,6,True,Indoor,True,"{""Wednesday"": [""9AM-5:30PM""]}",False,OPERATIONAL,True,crawled,independent clubmaker Tennessee,False,Bristol Golf & Club Fitting,"{""Accessibility"": {""Wheelchair accessible entrance"": true, ""Wheelchair accessible parking lot"": true}}",
"""we Buy Golf""",Retailer,Golf Retail,False,(423) 558-0372,https://www.mikesgolfshop.com/,6228 Airpark Dr Suite A,Chattanooga,Tennessee,TN,37421,35.0352378,-85.1844983,America/New_York,4.5,Highly Rated,0,26,True,True,"https://www.google.com/maps/place/%22We+Buy+Golf%22+%7C+Mike%27s+Golf+Shop/@35.0352378,-85.1844983,14z/data=!4m8!1m2!2m1!1s%22We+Buy+Golf%22+%7C+Mike%27s+Golf+Shop!3m4!1s0x886063fece8e5e3d:0x42ffa51f0bb3ffdd!8m2!3d35.0352378!4d-85.1844983",Retail / Pro Shop | Shaft & Grip Sales,2,False,Indoor,True,"{""Wednesday"": [""9AM-6PM""]}",False,OPERATIONAL,True,crawled,independent clubmaker Tennessee,False,"""We Buy Golf"" | Mike's Golf Shop","{""Accessibility"": {""Wheelchair accessible entrance"": true, ""Wheelchair accessible parking lot"": true}}",
Council Fire GOLF Club Maintenance,Golf Course / Pro Shop,Club Fitting,False,(423) 499-6300,https://www.councilfireclub.com/our-story,469 Julian Rd,Chattanooga,Tennessee,TN,37421,34.987048,-85.15851699999999,America/New_York,4.4,Highly Rated,0,25,True,False,"https://www.google.com/maps/place/Council+Fire+Golf+Club+Maintenance/@34.987048,-85.15851699999999,14z/data=!4m8!1m2!2m1!1sCouncil+Fire+Golf+Club+Maintenance!3m4!1s0x8860644d56ee6507:0xa798b42cfcb400b8!8m2!3d34.987048!4d-85.15851699999999",Club Fitting | Golf Lessons | Retail / Pro Shop,3,True,Outdoor,True,"{""Wednesday"": [""8AM-6PM""]}",False,OPERATIONAL,True,crawled,custom club fitting Tennessee,False,Council Fire Golf Club Maintenance,"{""Accessibility"": {""Wheelchair accessible entrance"": true, ""Wheelchair accessible parking lot"": true, ""Wheelchair accessible restroom"": true}}",
First Tee Of Tennessee - Chattanooga Region,Retailer,Golf Instruction,False,(423) 855-8535,https://firstteetennessee.org/,2453 Hickory Valley Rd,Chattanooga,Tennessee,TN,37421,35.0531177,-85.16361959999999,America/New_York,5.0,Top Rated,0,7,True,False,"https://www.google.com/maps/place/First+Tee+Of+Tennessee+-+Chattanooga+Region/@35.0531177,-85.16361959999999,14z/data=!4m8!1m2!2m1!1sFirst+Tee+Of+Tennessee+-+Chattanooga+Region!3m4!1s0x886066ea7660a959:0xbde23439b1127a8d!8m2!3d35.0531177!4d-85.16361959999999",Golf Lessons | Retail / Pro Shop,2,False,Indoor,True,"{""Wednesday"": [""8AM-7PM""]}",False,OPERATIONAL,True,crawled,custom club fitting Tennessee,False,First Tee Of Tennessee - Chattanooga Region,"{""Accessibility"": {""Wheelchair accessible entrance"": true, ""Wheelchair accessible parking lot"": true, ""Wheelchair accessible restroom"": true}}",
Valley GOLF Co.,Retailer,Golf Retail,False,(423) 394-1500,https://valleygolfco.com/,604 Browns Ferry Rd,Chattanooga,Tennessee,TN,37419,35.0408873,-85.357034,America/New_York,5.0,Top Rated,0,10,True,True,"https://www.google.com/maps/place/Valley+Golf+Co./@35.0408873,-85.357034,14z/data=!4m8!1m2!2m1!1sValley+Golf+Co.!3m4!1s0x88605963ad39a175:0xbf24e4e306bf99db!8m2!3d35.0408873!4d-85.357034",,0,False,Indoor,True,"{""Wednesday"": [""10AM-5PM""]}",False,OPERATIONAL,True,crawled,boutique golf shop Tennessee,False,Valley Golf Co.,"{""Accessibility"": {""Wheelchair accessible entrance"": true, ""Wheelchair accessible parking lot"": true}}",unknown
Greg Norman Signature GOLF Course At The Grove,Golf Course / Pro Shop,Club Fitting,False,(615) 368-3032,https://groveliving.com/golf/,6200 Wildings Blvd,College Grove,Tennessee,TN,37046,35.8181822,-86.7321092,America/Chicago,5.0,Top Rated,0,29,True,False,"https://www.google.com/maps/place/Greg+Norman+Signature+Golf+Course+at+the+Grove/@35.818182199999995,-86.7321092,14z/data=!4m8!1m2!2m1!1sGreg+Norman+Signature+Golf+Course+at+the+Grove!3m4!1s0x8863896a67d4c3a5:0xd325ea2f34ff241!8m2!3d35.818182199999995!4d-86.7321092",Club Fitting | Golf Lessons | Launch Monitor | Golf Simulator | Retail / Pro Shop,5,True,Indoor,True,"{""Wednesday"": [""7AM-6PM""]}",False,OPERATIONAL,True,crawled,custom club fitting Tennessee,False,Greg Norman Signature Golf Course at the Grove,"{""Accessibility"": {""Wheelchair accessible entrance"": true, ""Wheelchair accessible parking lot"": true}}",
Felix Clubworks,Clubfitter,Club Fitting,False,(901) 268-7544,https://www.felixclubworks.com/,12191 Monterey Rd,Collierville,Tennessee,TN,38017,35.1244994,-89.65596339999999,America/Chicago,5.0,Top Rated,0,31,True,True,"https://www.google.com/maps/place/Felix+Clubworks/@35.1244994,-89.65596339999999,14z/data=!4m8!1m2!2m1!1sFelix+Clubworks!3m4!1s0x887fa333e0101b53:0x146332c99f49f8f1!8m2!3d35.1244994!4d-89.65596339999999",Club Fitting | Club Repair | Retail / Pro Shop,3,True,Indoor,True,"{""Wednesday"": [""9AM-5PM""]}",False,OPERATIONAL,True,recrawled,independent clubmaker Tennessee,False,Felix Clubworks,"{""Accessibility"": {""Wheelchair accessible entrance"": true, ""Wheelchair accessible parking lot"": true}}",
Freedom GOLF Lab,Clubfitter,Club Fitting,False,(931) 374-6023,https://www.freedomgolflab.com/,1221 N Commerce St B,Columbia,Tennessee,TN,38401,35.6390961,-87.01332959999999,America/Chicago,5.0,Top Rated,0,8,True,True,"https://www.google.com/maps/place/Freedom+Golf+Lab/@35.639096099999996,-87.01332959999999,14z/data=!4m8!1m2!2m1!1sFreedom+Golf+Lab!3m4!1s0x8863713dbbf58743:0x278d87dd59099cd!8m2!3d35.639096099999996!4d-87.01332959999999",Club Fitting | Golf Lessons | Launch Monitor | Retail / Pro Shop | Shaft & Grip Sales,5,True,Indoor,True,"{""Wednesday"": [""9AM-7PM""]}",False,OPERATIONAL,True,crawled,independent clubmaker Tennessee,False,Freedom Golf Lab,"{""Accessibility"": {""Wheelchair accessible entrance"": true, ""Wheelchair accessible parking lot"": true}}",
Franklin Bridge GOLF Club,Instruction,Golf Instruction,False,(615) 794-9400,https://www.franklinbridgegolf.com/,750 Riverview Dr,Franklin,Tennessee,TN,37064,35.8911471,-86.83938769999999,America/Chicago,4.2,Well Reviewed,0,527,True,True,"https://www.google.com/maps/place/Franklin+Bridge+Golf+Club/@35.8911471,-86.83938769999999,14z/data=!4m8!1m2!2m1!1sFranklin+Bridge+Golf+Club!3m4!1s0x88647f40ee5146ef:0x602c4612e338371!8m2!3d35.8911471!4d-86.83938769999999",Golf Lessons | Golf Travel | Membership / Club Programs,3,False,Unknown,True,"{""Wednesday"": [""6AM-6:30PM""]}",False,OPERATIONAL,True,recrawled,custom club fitting Tennessee,False,Franklin Bridge Golf Club,"{""Accessibility"": {""Wheelchair accessible entrance"": true, ""Wheelchair accessible parking lot"": true}}",
Franklin Bridge Performance Institute,Clubfitter,Club Fitting,False,(205) 200-4686,https://www.fbpigolf.com/,750 Riverview Dr,Franklin,Tennessee,TN,37064,35.8915376,-86.8401141,America/Chicago,5.0,Top Rated,0,51,True,True,"https://www.google.com/maps/place/Franklin+Bridge+Performance+Institute/@35.8915376,-86.8401141,14z/data=!4m8!1m2!2m1!1sFranklin+Bridge+Performance+Institute!3m4!1s0x88647f1dbf9701fb:0x4d3869583b7731a2!8m2!3d35.8915376!4d-86.8401141",Club Fitting | Club Repair | Custom Club Building | Golf Lessons | Launch Monitor | Retail / Pro Shop | Shaft & Grip Sales,7,True,Indoor,True,"{""Wednesday"": [""8AM-6PM""]}",False,OPERATIONAL,True,crawled,independent clubmaker Tennessee,False,Franklin Bridge Performance Institute,"{""Accessibility"": {""Wheelchair accessible entrance"": true, ""Wheelchair accessible parking lot"": true, ""Wheelchair accessible restroom"": true}}",
GOLF House Tennessee,Retailer,Golf Instruction,False,(615) 790-7600,https://www.tngolf.org/learning-center-3548.html,400 Franklin Rd,Franklin,Tennessee,TN,37069,35.952321,-86.8451268,America/Chicago,4.8,Top Rated,0,53,True,False,"https://www.google.com/maps/place/Golf+House+Tennessee/@35.952321,-86.8451268,14z/data=!4m8!1m2!2m1!1sGolf+House+Tennessee!3m4!1s0x88647e99a588e265:0xbe0728bf9c8144eb!8m2!3d35.952321!4d-86.8451268",Golf Lessons | Retail / Pro Shop,2,False,Indoor,True,"{""Wednesday"": [""9AM-5PM""]}",False,OPERATIONAL,True,crawled,independent clubmaker Tennessee,False,Golf House Tennessee,"{""Accessibility"": {""Wheelchair accessible entrance"": true, ""Wheelchair accessible parking lot"": true, ""Wheelchair accessible restroom"": true}}",
The GOLF Performance Center At Westhaven,Clubfitter,Club Fitting,False,(615) 599-4420,https://www.golfperformancecenterwesthaven.com/,4001 Golf Club Ln,Franklin,Tennessee,TN,37064,35.9352201,-86.9366692,America/Chicago,5.0,Top Rated,0,4,True,True,"https://www.google.com/maps/place/The+Golf+Performance+Center+at+Westhaven/@35.935220099999995,-86.9366692,14z/data=!4m8!1m2!2m1!1sThe+Golf+Performance+Center+at+Westhaven!3m4!1s0x886481afdab03543:0x5b5cff8957d512db!8m2!3d35.935220099999995!4d-86.9366692",Club Fitting | Club Repair | Golf Lessons | Launch Monitor | Retail / Pro Shop | Shaft & Grip Sales,6,True,Indoor,True,"{""Wednesday"": [""8:30AM-5PM""]}",False,OPERATIONAL,True,crawled,custom club fitting Tennessee,False,The Golf Performance Center at Westhaven,"{""Accessibility"": {""Wheelchair accessible entrance"": true, ""Wheelchair accessible parking lot"": true, ""Wheelchair accessible restroom"": true}}",
Tennessee Grasslands GOLF And Tennis Performance Improvement Center,Simulator,Golf Simulator,False,(615) 575-4333,https://www.tngrasslands.com/,1149 Browns Ln,Gallatin,Tennessee,TN,37066,36.3474158,-86.4901189,America/Chicago,0.0,Unrated,0,1,True,True,"https://www.google.com/maps/place/Tennessee+Grasslands+Golf+and+Tennis+Performance+Improvement+Center/@36.3474158,-86.4901189,14z/data=!4m8!1m2!2m1!1sTennessee+Grasslands+Golf+and+Tennis+Performance+Improvement+Center!3m4!1s0x88643bd3c87ad955:0xda4aec27c21cabc!8m2!3d36.3474158!4d-86.4901189",Retail / Pro Shop | Membership Programs,2,False,Indoor,True,"{""Wednesday"": [""Closed""]}",False,OPERATIONAL,True,crawled,custom club fitting Tennessee,False,Tennessee Grasslands Golf and Tennis Performance Improvement Center,"{""Accessibility"": {""Wheelchair accessible entrance"": true, ""Wheelchair accessible parking lot"": true, ""Wheelchair accessible restroom"": true, ""Wheelchair accessible seating"": true}}",enriched
Ridgeway Country Club,Driving Range,Driving Range,False,(901) 853-2247,https://www.ridgewaycountryclub.com/,9800 Poplar Ave,Germantown,Tennessee,TN,38139,35.0613296,-89.7346439,America/Chicago,4.8,Top Rated,0,128,True,True,"https://www.google.com/maps/place/Ridgeway+Country+Club/@35.0613296,-89.7346439,14z/data=!4m8!1m2!2m1!1sRidgeway+Country+Club!3m4!1s0x887f984a997693ff:0xed21a4fc5a6e824b!8m2!3d35.0613296!4d-89.7346439",,0,False,Outdoor,False,"{""Wednesday"": [""8AM-9PM""]}",False,OPERATIONAL,True,crawled,boutique golf shop Tennessee,False,Ridgeway Country Club,"{""Accessibility"": {""Wheelchair accessible entrance"": true, ""Wheelchair accessible parking lot"": true}}",failed
The Learning Center GOLF,Retailer,Golf Instruction,False,(615) 482-3329,https://www.thelearningcentergolf.com/,1201 12 Stones Crossing,Goodlettsville,Tennessee,TN,37072,36.3240697,-86.6745808,America/Chicago,5.0,Top Rated,0,15,True,True,"https://www.google.com/maps/place/The+Learning+Center+Golf/@36.324069699999995,-86.6745808,14z/data=!4m8!1m2!2m1!1sThe+Learning+Center+Golf!3m4!1s0x886445845391e905:0xf5c6ab2993f6a1b4!8m2!3d36.324069699999995!4d-86.6745808",Golf Lessons | Launch Monitor | Retail / Pro Shop,3,False,Indoor,True,"{""Wednesday"": [""8AM-6PM""]}",False,OPERATIONAL,True,crawled,custom club fitting Tennessee,False,The Learning Center Golf,"{""Accessibility"": {""Wheelchair accessible entrance"": true, ""Wheelchair accessible parking lot"": true, ""Wheelchair accessible restroom"": true}}",
Twelve Stones Crossing GOLF Club,Driving Range,Club Fitting,False,(615) 239-8945,https://www.twelvestonesgolfclub.com/,1201 12 Stones Crossing,Goodlettsville,Tennessee,TN,37072,36.3239745,-86.6746766,America/Chicago,3.9,Well Reviewed,0,216,True,True,"https://www.google.com/maps/place/Twelve+Stones+Crossing+Golf+Club/@36.3239745,-86.6746766,14z/data=!4m8!1m2!2m1!1sTwelve+Stones+Crossing+Golf+Club!3m4!1s0x8864443dceeb3817:0x1a0ebfa49e4d57d5!8m2!3d36.3239745!4d-86.6746766",Club Fitting | Golf Lessons | Launch Monitor,3,True,Outdoor,True,"{""Wednesday"": [""7AM-5PM""]}",False,OPERATIONAL,True,crawled,custom club fitting Tennessee,False,Twelve Stones Crossing Golf Club,"{""Accessibility"": {""Wheelchair accessible entrance"": true, ""Wheelchair accessible parking lot"": true}}",
GOLF Unlimited,Retailer,Golf Retail,False,(423) 239-7888,https://www.golfunlimitedkingsport.com/,4260 Fort Henry Dr # 3,Kingsport,Tennessee,TN,37663,36.4811459,-82.4992592,America/New_York,4.4,Highly Rated,0,25,True,True,"https://www.google.com/maps/place/Golf+Unlimited/@36.4811459,-82.4992592,14z/data=!4m8!1m2!2m1!1sGolf+Unlimited!3m4!1s0x885a8c6a845f0f9d:0x935be7d3b009ee5b!8m2!3d36.4811459!4d-82.4992592",Retail / Pro Shop,1,False,Indoor,True,"{""Wednesday"": [""10AM-6PM""]}",False,OPERATIONAL,True,crawled,boutique golf shop Tennessee,False,Golf Unlimited,"{""Accessibility"": {""Wheelchair accessible entrance"": true, ""Wheelchair accessible parking lot"": true}}",
"Ccc GOLF Usa, LLC",Instruction,Golf Instruction,False,(615) 495-4868,https://www.cccgolfusa.com/,608 Five Oaks Blvd,Lebanon,Tennessee,TN,37087,36.2490338,-86.3799119,America/Chicago,5.0,Top Rated,0,31,True,True,"https://www.google.com/maps/place/CCC+GOLF+USA%2C+LLC/@36.2490338,-86.3799119,14z/data=!4m8!1m2!2m1!1sCCC+GOLF+USA%2C+LLC!3m4!1s0x886422ff0906150f:0xc0b425b4d806e100!8m2!3d36.2490338!4d-86.3799119",,0,False,Unknown,True,"{""Wednesday"": [""2-6:30PM""]}",False,OPERATIONAL,True,crawl_failed,independent clubmaker Tennessee,False,"CCC GOLF USA, LLC","{""Accessibility"": {""Wheelchair accessible entrance"": true, ""Wheelchair accessible parking lot"": true}}",failed
Sunfish GOLF And Apparel,Retailer,Golf Retail,False,(888) 550-3025,https://www.sunfishsales.com/,110 Harris St,Madison,Tennessee,TN,37115,36.2580279,-86.7125276,America/Chicago,4.3,Highly Rated,0,640,True,True,"https://www.google.com/maps/place/Sunfish+Golf+and+Apparel/@36.2580279,-86.7125276,14z/data=!4m8!1m2!2m1!1sSunfish+Golf+and+Apparel!3m4!1s0x8864435bdf871443:0xf4957270832e6f47!8m2!3d36.2580279!4d-86.7125276",Retail / Pro Shop,1,False,Indoor,True,"{""Wednesday"": [""8AM-5PM""]}",False,OPERATIONAL,True,crawled,boutique golf shop Tennessee,False,Sunfish Golf and Apparel,"{""Accessibility"": {""Wheelchair accessible entrance"": true, ""Wheelchair accessible parking lot"": true}}",
GOLF Ball Factory Outlet,Retailer,Golf Retail,False,(805) 208-9903,https://golfballfactoryoutlet.com/pages/contact-us,2134 US-411,Maryville,Tennessee,TN,37801,35.7204644,-84.0066169,America/New_York,4.8,Top Rated,0,17,True,False,"https://www.google.com/maps/place/Golf+Ball+Factory+Outlet/@35.7204644,-84.0066169,14z/data=!4m8!1m2!2m1!1sGolf+Ball+Factory+Outlet!3m4!1s0x885e9e87cd2f544f:0xff8351e58783dfbd!8m2!3d35.7204644!4d-84.0066169",Retail / Pro Shop,1,False,Indoor,True,"{""Wednesday"": [""9AM-4PM""]}",False,OPERATIONAL,True,crawled,boutique golf shop Tennessee,False,Golf Ball Factory Outlet,"{""Accessibility"": {""Wheelchair accessible entrance"": true, ""Wheelchair accessible parking lot"": true}}",
Hightee,Simulator,Golf Simulator,False,(901) 417-8505,https://hightee.org/,4544 Poplar Ave Suite 102,Memphis,Tennessee,TN,38117,35.1207549,-89.9108169,America/Chicago,4.6,Highly Rated,0,17,True,True,"https://www.google.com/maps/place/HighTee/@35.1207549,-89.9108169,14z/data=!4m8!1m2!2m1!1sHighTee!3m4!1s0x887f9b42a2e53429:0xc3df3f046b4cdda6!8m2!3d35.1207549!4d-89.9108169",,0,False,Indoor,True,"{""Wednesday"": [""11AM-9PM""]}",False,OPERATIONAL,True,crawl_failed,custom club fitting Arkansas,False,HighTee,"{""Accessibility"": {""Wheelchair accessible entrance"": true, ""Wheelchair accessible parking lot"": true, ""Wheelchair accessible restroom"": true}}",failed
Memphis GOLF,Retailer,Club Repair,False,(901) 428-1073,https://memphisgolfshop.com/,5492 Summer Ave,Memphis,Tennessee,TN,38134,35.1643789,-89.8802314,America/Chicago,5.0,Top Rated,0,10,True,True,"https://www.google.com/maps/place/Memphis+Golf/@35.164378899999996,-89.8802314,14z/data=!4m8!1m2!2m1!1sMemphis+Golf!3m4!1s0x887f83d76a9e731b:0xbafa11e85832819d!8m2!3d35.164378899999996!4d-89.8802314",Club Repair | Retail / Pro Shop,2,False,Indoor,True,"{""Wednesday"": [""10AM-5PM""]}",False,OPERATIONAL,True,crawled,custom club fitting Tennessee,False,Memphis Golf,"{""Accessibility"": {""Wheelchair accessible entrance"": true, ""Wheelchair accessible parking lot"": true}}",
Ezfitgolf,Golf Course / Pro Shop,Golf Instruction,False,(615) 838-8777,https://ezfitgolf.com/,10770 Lebanon Rd,Mt. Juliet,Tennessee,TN,37122,36.2296517,-86.5063864,America/Chicago,0.0,Unrated,0,1,True,False,"https://www.google.com/maps/place/EZFitGolf/@36.2296517,-86.5063864,14z/data=!4m8!1m2!2m1!1sEZFitGolf!3m4!1s0x88643e0c39115381:0x5981269bacc2e004!8m2!3d36.2296517!4d-86.5063864",Golf Lessons,1,True,Outdoor,True,,False,OPERATIONAL,True,crawled,custom club fitting Tennessee,False,EZFitGolf,"{""Accessibility"": {""Wheelchair accessible entrance"": true, ""Wheelchair accessible parking lot"": true}}",
Golfrx,Clubfitter,Club Fitting,False,(615) 288-4539,https://www.golfrxtn.com/,11972 Lebanon Rd,Mt. Juliet,Tennessee,TN,37122,36.2308223,-86.526783,America/Chicago,4.9,Top Rated,0,95,True,True,"https://www.google.com/maps/place/GolfRx/@36.2308223,-86.526783,14z/data=!4m8!1m2!2m1!1sGolfRx!3m4!1s0x88643e390f9fdc57:0xb5f52322a1f3408b!8m2!3d36.2308223!4d-86.526783",Club Fitting | Club Repair | Custom Club Building | Golf Lessons | Golf Simulator | Retail / Pro Shop,6,True,Indoor,True,"{""Wednesday"": [""10AM-6PM""]}",False,OPERATIONAL,True,crawled,independent clubmaker Tennessee,False,GolfRx,"{""Accessibility"": {""Wheelchair accessible entrance"": true, ""Wheelchair accessible parking lot"": true}}",
Jeremy Head GOLF Shop & Academy,Driving Range,Club Fitting,False,(615) 410-7129,https://www.jeremyheadgolfshopandacademy.com/,1802 Memorial Blvd A,Murfreesboro,Tennessee,TN,37129,35.871277,-86.38514819999999,America/Chicago,4.9,Top Rated,0,351,True,True,"https://www.google.com/maps/place/Jeremy+Head+Golf+Shop+%26+Academy/@35.871277,-86.38514819999999,14z/data=!4m8!1m2!2m1!1sJeremy+Head+Golf+Shop+%26+Academy!3m4!1s0x88640784cfd8bf47:0xfd3ee77fcb3a2d11!8m2!3d35.871277!4d-86.38514819999999",Club Fitting | Launch Monitor | Shaft & Grip Sales | Retail / Pro Shop,4,True,Outdoor,True,"{""Wednesday"": [""8AM-5:30PM""]}",False,OPERATIONAL,True,recrawled,independent clubmaker Tennessee,False,Jeremy Head Golf Shop & Academy,"{""Accessibility"": {""Wheelchair accessible entrance"": true, ""Wheelchair accessible parking lot"": true, ""Wheelchair accessible restroom"": true}}",
Matt Walter GOLF,Retailer,Golf Instruction,False,(610) 952-5682,https://mattwaltergolf.com/,405 Calumet Trace,Murfreesboro,Tennessee,TN,37127,35.7919094,-86.3925063,America/Chicago,5.0,Top Rated,0,178,True,True,"https://www.google.com/maps/place/Matt+Walter+Golf/@35.7919094,-86.3925063,14z/data=!4m8!1m2!2m1!1sMatt+Walter+Golf!3m4!1s0x88647e98299ddcb1:0xe0aca267a2edb7da!8m2!3d35.7919094!4d-86.3925063",Golf Lessons | Retail / Pro Shop,2,False,Indoor,True,"{""Wednesday"": [""10AM-6PM""]}",False,OPERATIONAL,True,crawled,custom club fitting Tennessee,False,Matt Walter Golf,"{""Accessibility"": {""Wheelchair accessible entrance"": true, ""Wheelchair accessible parking lot"": true, ""Wheelchair accessible restroom"": true}}",
Premium GOLF Shirts,Retailer,Golf Retail,False,(615) 915-0828,https://www.premiumgolfshirts.com/,134 Cannon Ave,Murfreesboro,Tennessee,TN,37129,35.8448117,-86.4018497,America/Chicago,0.0,Unrated,0,15,True,True,"https://www.google.com/maps/place/Premium+Golf+Shirts/@35.8448117,-86.4018497,14z/data=!4m8!1m2!2m1!1sPremium+Golf+Shirts!3m4!1s0x8863f982cabe0a3b:0x288062b23c0c6c0f!8m2!3d35.8448117!4d-86.4018497",,0,False,Indoor,True,"{""Wednesday"": [""Open 24 hours""]}",False,OPERATIONAL,True,crawl_failed,boutique golf shop Tennessee,False,Premium Golf Shirts,"{""Accessibility"": {""Wheelchair accessible entrance"": true, ""Wheelchair accessible parking lot"": true}}",unknown
The Golfix,Clubfitter,Club Fitting,False,(615) 396-8242,https://www.thegolfix.net/,531 N Thompson Ln,Murfreesboro,Tennessee,TN,37129,35.8568727,-86.43069659999999,America/Chicago,5.0,Top Rated,0,26,True,True,"https://www.google.com/maps/place/The+GOLFiX/@35.8568727,-86.43069659999999,14z/data=!4m8!1m2!2m1!1sThe+GOLFiX!3m4!1s0x8863f73077de9c01:0x20759343d0f31385!8m2!3d35.8568727!4d-86.43069659999999",Club Fitting | Custom Club Building | Retail / Pro Shop | Shaft & Grip Sales,4,True,Indoor,True,"{""Wednesday"": [""9AM-6PM""]}",False,OPERATIONAL,True,crawled,independent clubmaker Tennessee,False,The GOLFiX,"{""Accessibility"": {""Wheelchair accessible entrance"": true, ""Wheelchair accessible parking lot"": true, ""Wheelchair accessible restroom"": true}, ""Other"": {""Identifies as women-owned"": true}}",
Gaylord Springs GOLF Links,Driving Range,Club Fitting,False,(615) 458-1730,https://www.gaylordsprings.com/,18 Springhouse Ln,Nashville,Tennessee,TN,37214,36.220416,-86.6806469,America/Chicago,4.4,Highly Rated,0,651,True,True,"https://www.google.com/maps/place/Gaylord+Springs+Golf+Links/@36.220416,-86.6806469,14z/data=!4m8!1m2!2m1!1sGaylord+Springs+Golf+Links!3m4!1s0x8864420b2f794755:0x75a68cd7df7b609d!8m2!3d36.220416!4d-86.6806469",Club Fitting | Club Repair | Golf Lessons | Launch Monitor,4,True,Outdoor,True,"{""Wednesday"": [""6:30AM-6:30PM""]}",False,OPERATIONAL,True,crawled,custom club fitting Tennessee,False,Gaylord Springs Golf Links,"{""Accessibility"": {""Wheelchair accessible entrance"": true, ""Wheelchair accessible parking lot"": true}}",
Kirkpatrick GOLF,Clubfitter,Club Fitting,False,(615) 760-5810,https://kirkpatrickgolf.net/,2547 Lebanon Pike,Nashville,Tennessee,TN,37214,36.1695642,-86.6755685,America/Chicago,5.0,Top Rated,0,8,True,True,"https://www.google.com/maps/place/Kirkpatrick+Golf/@36.169564199999996,-86.6755685,14z/data=!4m8!1m2!2m1!1sKirkpatrick+Golf!3m4!1s0x8864694a33e7be8d:0x5ff2422c85507c07!8m2!3d36.169564199999996!4d-86.6755685",Club Fitting | Club Repair | Custom Club Building | Golf Lessons | Launch Monitor | Retail / Pro Shop | Shaft & Grip Sales,7,True,Indoor,True,"{""Wednesday"": [""Closed""]}",False,OPERATIONAL,True,crawled,independent clubmaker Tennessee,False,Kirkpatrick Golf,"{""Accessibility"": {""Wheelchair accessible entrance"": true, ""Wheelchair accessible parking lot"": true}}",
Music City GOLF,Clubfitter,Club Fitting,False,(615) 840-7336,https://www.musiccitygolf.com/,5133 Harding Pike a1,Nashville,Tennessee,TN,37205,36.1038838,-86.86837469999999,America/Chicago,4.7,Top Rated,0,35,True,True,"https://www.google.com/maps/place/MUSIC+CITY+GOLF/@36.1038838,-86.86837469999999,14z/data=!4m8!1m2!2m1!1sMUSIC+CITY+GOLF!3m4!1s0x8864624e306ed243:0x5047b2e96dc4f390!8m2!3d36.1038838!4d-86.86837469999999",Club Fitting | Club Repair | Launch Monitor | Retail / Pro Shop,4,True,Indoor,True,"{""Wednesday"": [""9AM-6PM""]}",False,OPERATIONAL,True,crawled,independent clubmaker Tennessee,False,MUSIC CITY GOLF,"{""Accessibility"": {""Wheelchair accessible entrance"": true, ""Wheelchair accessible parking lot"": true}}",
Profectus GOLF,Clubfitter,Club Fitting,False,(615) 647-9349,https://www.profectusgolf.com/,18 Springhouse Ln,Nashville,Tennessee,TN,37214,36.2193725,-86.6798701,America/Chicago,5.0,Top Rated,0,25,True,True,"https://www.google.com/maps/place/Profectus+Golf/@36.2193725,-86.6798701,14z/data=!4m8!1m2!2m1!1sProfectus+Golf!3m4!1s0x8864420ae7af349d:0xfc54583edda7dc89!8m2!3d36.2193725!4d-86.6798701",Club Fitting | Golf Lessons | Launch Monitor | Retail / Pro Shop,4,True,Indoor,True,"{""Wednesday"": [""9AM-5PM""]}",False,OPERATIONAL,True,crawled,independent clubmaker Tennessee,False,Profectus Golf,"{""Accessibility"": {""Wheelchair accessible entrance"": true, ""Wheelchair accessible parking lot"": true, ""Wheelchair accessible restroom"": true}}",
Bullet's Club Service,Clubfitter,Club Fitting,False,(423) 415-6820,https://www.facebook.com/share/18vDqyyh7R/?mibextid=wwXIfr,215 Omega Way,Newport,Tennessee,TN,37821,35.9653701,-83.2871686,America/New_York,5.0,Top Rated,0,46,True,True,"https://www.google.com/maps/place/Bullet%27s+Club+Service/@35.9653701,-83.2871686,14z/data=!4m8!1m2!2m1!1sBullet%27s+Club+Service!3m4!1s0x885be94fe1bfd913:0x22db0a3405e139ac!8m2!3d35.9653701!4d-83.2871686",Club Fitting | Club Repair,2,True,Indoor,True,,False,OPERATIONAL,True,crawled,independent clubmaker Tennessee,False,Bullet's Club Service,"{""Accessibility"": {""Wheelchair accessible parking lot"": true}}",
Game Improvement GOLF,Clubfitter,Club Fitting,False,(865) 384-3753,https://www.gameimprovementgolf.com/,101 Centennial Blvd,Oak Ridge,Tennessee,TN,37830,36.01739999999999,-84.1733086,America/New_York,5.0,Top Rated,0,3,True,True,"https://www.google.com/maps/place/Game+Improvement+Golf/@36.017399999999995,-84.1733086,14z/data=!4m8!1m2!2m1!1sGame+Improvement+Golf!3m4!1s0x885dccff43d13457:0x7509d0e121632d95!8m2!3d36.017399999999995!4d-84.1733086",Club Fitting | Club Repair | Club Rentals | Retail / Pro Shop | Shaft & Grip Sales,5,True,Indoor,True,"{""Wednesday"": [""Closed""]}",False,OPERATIONAL,True,crawled,custom club fitting Tennessee,False,Game Improvement Golf,"{""Accessibility"": {""Wheelchair accessible entrance"": true, ""Wheelchair accessible parking lot"": true}}",
Malone GOLF Academy,Clubfitter,Club Fitting,False,(615) 268-6863,https://malonegolfacademy.com/,640 Old Hickory Blvd,Old Hickory,Tennessee,TN,37138,36.268651,-86.674526,America/Chicago,4.9,Top Rated,0,13,True,True,"https://www.google.com/maps/place/Malone+Golf+Academy/@36.268651,-86.674526,14z/data=!4m8!1m2!2m1!1sMalone+Golf+Academy!3m4!1s0x886443cf1db001e5:0x588c7b0656b77ef7!8m2!3d36.268651!4d-86.674526",Club Fitting | Golf Lessons | Retail / Pro Shop,3,True,Indoor,True,"{""Wednesday"": [""9AM-6PM""]}",False,OPERATIONAL,True,crawled,independent clubmaker Tennessee,False,Malone Golf Academy,"{""Accessibility"": {""Wheelchair accessible entrance"": true, ""Wheelchair accessible parking lot"": true}}",
Brad Redding GOLF Instruction,Retailer,Golf Instruction,False,(843) 655-4720,https://www.bradreddinggolf.com/,5311 W Beaver Creek Dr,Powell,Tennessee,TN,37849,35.9991092,-84.0738922,America/New_York,5.0,Top Rated,0,19,True,True,"https://www.google.com/maps/place/Brad+Redding+Golf+Instruction/@35.9991092,-84.0738922,14z/data=!4m8!1m2!2m1!1sBrad+Redding+Golf+Instruction!3m4!1s0x885c2f92b06fc27b:0xd21f8f6244425641!8m2!3d35.9991092!4d-84.0738922",Golf Lessons | Retail / Pro Shop,2,False,Indoor,True,"{""Wednesday"": [""9AM-7PM""]}",False,OPERATIONAL,True,crawled,custom club fitting Tennessee,False,Brad Redding Golf Instruction,"{""Accessibility"": {""Wheelchair accessible entrance"": true, ""Wheelchair accessible parking lot"": true}}",
Natalie Sheary GOLF @ Towhee Club,Retailer,Golf Instruction,False,(860) 977-2244,https://natalieshearygolf.com/,3901 Kedron Rd,Spring Hill,Tennessee,TN,37174,35.7112145,-86.9100313,America/Chicago,5.0,Top Rated,0,68,True,True,"https://www.google.com/maps/place/Natalie+Sheary+Golf+%40+Towhee+Club/@35.7112145,-86.9100313,14z/data=!4m8!1m2!2m1!1sNatalie+Sheary+Golf+%40+Towhee+Club!3m4!1s0x8863793033469105:0x57d8ef00d10c2ec1!8m2!3d35.7112145!4d-86.9100313",Golf Lessons | Retail / Pro Shop,2,False,Indoor,True,"{""Wednesday"": [""9AM-6:30PM""]}",False,OPERATIONAL,True,crawled,custom club fitting Tennessee,False,Natalie Sheary Golf @ Towhee Club,"{""Accessibility"": {""Wheelchair accessible entrance"": true, ""Wheelchair accessible parking lot"": true, ""Wheelchair accessible restroom"": true}, ""Other"": {""Identifies as women-owned"": true}}",
West Texas Discount GOLF,Clubfitter,Club Fitting,False,(325) 480-9591,https://westtxgolfstore.com/,1885 Industrial Blvd,Abilene,Texas,TX,79602,32.4009262,-99.7461149,America/Chicago,4.6,Highly Rated,0,3,True,False,"https://www.google.com/maps/place/West+Texas+Discount+Golf/@32.4009262,-99.7461149,14z/data=!4m8!1m2!2m1!1sWest+Texas+Discount+Golf!3m4!1s0x86568dbdf3018ddb:0x82ef659c0706e03b!8m2!3d32.4009262!4d-99.7461149",Club Fitting | Golf Simulator | Retail / Pro Shop,3,True,Indoor,True,"{""Wednesday"": [""9AM-6PM""]}",False,OPERATIONAL,True,crawled,custom club fitting Texas,False,West Texas Discount Golf,"{""Accessibility"": {""Wheelchair accessible entrance"": true, ""Wheelchair accessible parking lot"": true}}",
James Parker GOLF Coaching,Simulator,Golf Simulator,False,(972) 945-7223,https://ethosgolf.net/,1680 E Stacy Rd #130,Allen,Texas,TX,75002,33.1289104,-96.6264719,America/Chicago,5.0,Top Rated,0,168,True,True,"https://www.google.com/maps/place/James+Parker+Golf+Coaching/@33.128910399999995,-96.6264719,14z/data=!4m8!1m2!2m1!1sJames+Parker+Golf+Coaching!3m4!1s0x864c3b961785d7c9:0xd87db53a578f167!8m2!3d33.128910399999995!4d-96.6264719",Golf Lessons | Launch Monitor | Golf Simulator,3,False,Indoor,True,"{""Wednesday"": [""8AM-6PM""]}",False,OPERATIONAL,True,crawled,independent clubmaker Texas,False,James Parker Golf Coaching,"{""Accessibility"": {""Wheelchair accessible entrance"": true, ""Wheelchair accessible parking lot"": true}}",
Dennis Sales GOLF,Simulator,Club Fitting,False,(972) 861-0649,https://www.dennissalesgolf.com/,308 FM1830 Building 4,Argyle,Texas,TX,76226,33.1148098,-97.1364461,America/Chicago,4.8,Top Rated,0,51,True,True,"https://www.google.com/maps/place/Dennis+Sales+Golf/@33.114809799999996,-97.1364461,14z/data=!4m8!1m2!2m1!1sDennis+Sales+Golf!3m4!1s0x864e7e39cc46ebf1:0x4a89bf7ab5d1d6f4!8m2!3d33.114809799999996!4d-97.1364461",Club Fitting | Golf Lessons | Shaft & Grip Sales | Retail / Pro Shop,4,True,Indoor,True,"{""Wednesday"": [""12-7PM""]}",False,OPERATIONAL,True,crawled,custom club fitting Texas,False,Dennis Sales Golf,"{""Accessibility"": {""Wheelchair accessible entrance"": true, ""Wheelchair accessible parking lot"": true}}",
Custom Craft GOLF,Retailer,Golf Retail,False,(817) 460-3600,https://www.customputterworks.com/,3100 W Arkansas Ln I,Arlington,Texas,TX,76016,32.7061019,-97.1565947,America/Chicago,4.4,Highly Rated,0,14,True,True,"https://www.google.com/maps/place/Custom+Craft+Golf/@32.7061019,-97.1565947,14z/data=!4m8!1m2!2m1!1sCustom+Craft+Golf!3m4!1s0x864e7cc7e13a98e9:0xcddc1f32ff5fa461!8m2!3d32.7061019!4d-97.1565947",,0,False,Indoor,True,"{""Wednesday"": [""8AM-4PM""]}",False,OPERATIONAL,True,crawl_failed,independent clubmaker Texas,False,Custom Craft Golf,"{""Accessibility"": {""Wheelchair accessible entrance"": true, ""Wheelchair accessible parking lot"": true}}",failed
Barton Creek Fitting Studio,Clubfitter,Club Fitting,False,(737) 280-8665,https://bartoncreekfittingstudio.com/,8511 Carranzo Dr,Austin,Texas,TX,78735,30.271526,-97.8769959,America/Chicago,4.9,Top Rated,0,8,True,True,"https://www.google.com/maps/place/Barton+Creek+Fitting+Studio/@30.271525999999998,-97.8769959,14z/data=!4m8!1m2!2m1!1sBarton+Creek+Fitting+Studio!3m4!1s0x865b49f4701457af:0xf4ccb4755b6cf27a!8m2!3d30.271525999999998!4d-97.8769959",Club Fitting | Club Repair | Custom Club Building | Launch Monitor | Retail / Pro Shop | Shaft & Grip Sales,6,True,Indoor,True,"{""Wednesday"": [""9AM-5PM""]}",False,OPERATIONAL,True,crawled,custom club fitting Iowa,False,Barton Creek Fitting Studio,"{""Accessibility"": {""Wheelchair accessible entrance"": true, ""Wheelchair accessible parking lot"": true}}",
Beyond GOLF Performance,Retailer,Golf Instruction,False,(415) 761-2420,https://beyondgolfperformance.com/,8600 Balcones Club Dr,Austin,Texas,TX,78750,30.4376013,-97.7814146,America/Chicago,5.0,Top Rated,0,105,True,True,"https://www.google.com/maps/place/Beyond+Golf+Performance/@30.437601299999997,-97.78141459999999,14z/data=!4m8!1m2!2m1!1sBeyond+Golf+Performance!3m4!1s0x8644c7cf3161ac0f:0x2da943e057b1685f!8m2!3d30.437601299999997!4d-97.78141459999999",Golf Lessons | Retail / Pro Shop,2,False,Indoor,True,"{""Wednesday"": [""Closed""]}",False,OPERATIONAL,True,crawled,custom club fitting Texas,False,Beyond Golf Performance,"{""Accessibility"": {""Wheelchair accessible entrance"": true, ""Wheelchair accessible parking lot"": true, ""Wheelchair accessible restroom"": true}, ""Other"": {""Identifies as Asian-owned"": true}}",
Fab GOLF Atx,Retailer,Club Repair,False,(512) 788-8473,https://www.fabgolfatx.com/,5930 Republic of Texas Blvd,Austin,Texas,TX,78735,30.2561626,-97.8329302,America/Chicago,5.0,Top Rated,0,15,True,True,"https://www.google.com/maps/place/Fab+Golf+ATX/@30.2561626,-97.83293019999999,14z/data=!4m8!1m2!2m1!1sFab+Golf+ATX!3m4!1s0x865b4be09bf7504b:0xe46af9df58f86642!8m2!3d30.2561626!4d-97.83293019999999",Club Repair | Custom Club Building | Retail / Pro Shop | Shaft & Grip Sales,4,False,Indoor,True,,False,OPERATIONAL,True,crawled,independent clubmaker Texas,False,Fab Golf ATX,"{""Accessibility"": {""Wheelchair accessible parking lot"": true}}",
Golfinity,Simulator,Club Fitting,False,(512) 551-0789,https://www.golfinity.com/,12332 N FM 620 building b,Austin,Texas,TX,78750,30.4649589,-97.812613,America/Chicago,4.8,Top Rated,0,112,True,True,"https://www.google.com/maps/place/Golfinity/@30.4649589,-97.812613,14z/data=!4m8!1m2!2m1!1sGolfinity!3m4!1s0x865b337f0d7e8b9b:0xdf837063c1c9faa4!8m2!3d30.4649589!4d-97.812613",Club Fitting | Golf Lessons | Golf Simulator | Membership / Club Programs,4,True,Indoor,True,"{""Wednesday"": [""9AM-9PM""]}",False,OPERATIONAL,True,recrawled,custom club fitting Texas,False,Golfinity,"{""Accessibility"": {""Wheelchair accessible entrance"": true, ""Wheelchair accessible parking lot"": true, ""Wheelchair accessible restroom"": true, ""Wheelchair accessible seating"": true}, ""Other"": {""LGBTQ+ friendly"": true}}",
Performance GOLF Klub,Clubfitter,Club Fitting,False,(512) 202-9587,https://performancegolfklub.com/,9185 Research Blvd Ste. G,Austin,Texas,TX,78758,30.3772404,-97.7323303,America/Chicago,0.0,Unrated,0,5,True,True,"https://www.google.com/maps/place/Performance+Golf+Klub/@30.377240399999998,-97.7323303,14z/data=!4m8!1m2!2m1!1sPerformance+Golf+Klub!3m4!1s0x8644cb4cd95b10d1:0x5a04e94576bf0ebd!8m2!3d30.377240399999998!4d-97.7323303",Club Fitting | Golf Lessons | Golf Simulator | Retail / Pro Shop,4,True,Indoor,True,"{""Wednesday"": [""8AM-7PM""]}",False,OPERATIONAL,True,crawled,independent clubmaker Texas,False,Performance Golf Klub,"{""Accessibility"": {""Wheelchair accessible entrance"": true, ""Wheelchair accessible parking lot"": true}}",
The University Of Texas GOLF Club,Golf Course / Pro Shop,Club Fitting,False,,https://www.utgolfclub.com/,2200 University Club Dr,Austin,Texas,TX,78732,30.3563745,-97.8932833,America/Chicago,4.4,Highly Rated,0,16,True,False,"https://www.google.com/maps/place/The+University+Of+Texas+Golf+Club/@30.356374499999998,-97.8932833,14z/data=!4m8!1m2!2m1!1sThe+University+Of+Texas+Golf+Club!3m4!1s0x865b36b91c708fff:0x1394278296ffe797!8m2!3d30.356374499999998!4d-97.8932833",Club Fitting | Golf Lessons | Retail / Pro Shop,3,True,Outdoor,True,"{""Wednesday"": [""7AM-6PM""]}",False,OPERATIONAL,True,crawled,boutique golf shop Texas,False,The University Of Texas Golf Club,"{""Accessibility"": {""Wheelchair accessible entrance"": true, ""Wheelchair accessible parking lot"": true, ""Wheelchair accessible restroom"": true}}",
1611 GOLF Club,Simulator,Golf Simulator,False,(682) 224-2939,https://1611golf.com/,224 E Renfro St,Burleson,Texas,TX,76028,32.5430085,-97.3168078,America/Chicago,4.7,Top Rated,0,70,True,True,"https://www.google.com/maps/place/1611+Golf+Club/@32.5430085,-97.31680779999999,14z/data=!4m8!1m2!2m1!1s1611+Golf+Club!3m4!1s0x864e695ef31237bf:0xae66f23d5d1c3610!8m2!3d32.5430085!4d-97.31680779999999",Launch Monitor | Golf Simulator,2,False,Indoor,True,"{""Wednesday"": [""10AM-10PM""]}",False,OPERATIONAL,True,crawled,custom club fitting Texas,False,1611 Golf Club,"{""Accessibility"": {""Wheelchair accessible entrance"": true, ""Wheelchair accessible parking lot"": true, ""Wheelchair accessible restroom"": true}}",
Fit2score GOLF Club Fitting And Custom Clubs,Clubfitter,Club Fitting,False,(817) 247-3110,https://www.fit2score.com/,2538 Golden Bear Dr,Carrollton,Texas,TX,75006,32.9851414,-96.8471737,America/Chicago,4.8,Top Rated,0,4,True,True,"https://www.google.com/maps/place/Fit2Score+Golf+Club+Fitting+and+Custom+Clubs/@32.985141399999996,-96.8471737,14z/data=!4m8!1m2!2m1!1sFit2Score+Golf+Club+Fitting+and+Custom+Clubs!3m4!1s0x864c241d18e77073:0xf9b8324121481900!8m2!3d32.985141399999996!4d-96.8471737",Club Fitting | Custom Club Building | Golf Lessons | Launch Monitor | Retail / Pro Shop | Shaft & Grip Sales,6,True,Indoor,True,"{""Wednesday"": [""9AM-9PM""]}",False,OPERATIONAL,True,crawled,custom club fitting Texas,False,Fit2Score Golf Club Fitting and Custom Clubs,"{""Accessibility"": {""Wheelchair accessible entrance"": true, ""Wheelchair accessible parking lot"": true, ""Wheelchair accessible restroom"": true}}",
Lou's GOLF Shop,Retailer,Golf Retail,False,(972) 446-1418,https://www.lous.golf/,1405 W Frankford Rd Ste 107,Carrollton,Texas,TX,75007,32.996857,-96.920885,America/Chicago,4.6,Highly Rated,0,15,True,True,"https://www.google.com/maps/place/Lou%27s+Golf+Shop/@32.996857,-96.920885,14z/data=!4m8!1m2!2m1!1sLou%27s+Golf+Shop!3m4!1s0x864c25f57f928461:0x1f603b9dd737793e!8m2!3d32.996857!4d-96.920885",Retail / Pro Shop | Trade-In / Used Clubs,2,False,Indoor,True,"{""Wednesday"": [""9AM-1PM""]}",False,OPERATIONAL,True,crawled,boutique golf shop Illinois,False,Lou's Golf Shop,"{""Accessibility"": {""Wheelchair accessible entrance"": true, ""Wheelchair accessible parking lot"": true}}",
The Indoor GOLF Shop,Simulator,Golf Simulator,False,(972) 848-7491,https://shopindoorgolf.com/,7707 Indoor Golf Wy,Celina,Texas,TX,75009,33.3035754,-96.7144193,America/Chicago,4.8,Top Rated,0,107,True,True,"https://www.google.com/maps/place/The+Indoor+Golf+Shop/@33.3035754,-96.71441929999999,14z/data=!4m8!1m2!2m1!1sThe+Indoor+Golf+Shop!3m4!1s0x864c6bb7a54cd763:0x94da3c969c6b7ab3!8m2!3d33.3035754!4d-96.71441929999999",Club Fitting | Golf Simulator | Launch Monitor | Retail / Pro Shop,4,False,Indoor,True,"{""Wednesday"": [""8AM-6PM""]}",False,OPERATIONAL,True,crawl_failed,boutique golf shop Texas,False,The Indoor Golf Shop,"{""Accessibility"": {""Wheelchair accessible entrance"": true, ""Wheelchair accessible parking lot"": true}}",enriched
Fit2score GOLF Club Fitting And Custom Clubs,Driving Range,Club Fitting,False,(817) 247-3110,https://www.fit2score.com/,6113 Colleyville Blvd,Colleyville,Texas,TX,76034,32.89708299999999,-97.142325,America/Chicago,4.4,Highly Rated,0,5,True,True,"https://www.google.com/maps/place/Fit2Score+Golf+Club+Fitting+and+Custom+Clubs/@32.897082999999995,-97.142325,14z/data=!4m8!1m2!2m1!1sFit2Score+Golf+Club+Fitting+and+Custom+Clubs!3m4!1s0x864dd598a475b8c1:0xc9a6fefe61c1e115!8m2!3d32.897082999999995!4d-97.142325",Club Fitting | Custom Club Building | Golf Lessons | Launch Monitor | Retail / Pro Shop | Shaft & Grip Sales,6,True,Outdoor,True,"{""Wednesday"": [""9AM-8PM""]}",False,OPERATIONAL,True,crawled,custom club fitting Texas,False,Fit2Score Golf Club Fitting and Custom Clubs,"{""Accessibility"": {""Wheelchair accessible entrance"": true, ""Wheelchair accessible parking lot"": true, ""Wheelchair accessible restroom"": true}}",
Tour Proven GOLF,Simulator,Club Fitting,False,(469) 390-1300,https://www.tourprovengolf.com/,6000 Colleyville Blvd #150,Colleyville,Texas,TX,76034,32.8965908,-97.1460874,America/Chicago,5.0,Top Rated,0,15,True,True,"https://www.google.com/maps/place/Tour+Proven+Golf/@32.8965908,-97.1460874,14z/data=!4m8!1m2!2m1!1sTour+Proven+Golf!3m4!1s0x864dd5b8f28aa61b:0xf2b4afe36081d259!8m2!3d32.8965908!4d-97.1460874",Club Fitting | Custom Club Building | Retail / Pro Shop,3,True,Indoor,True,"{""Wednesday"": [""9AM-6PM""]}",False,OPERATIONAL,True,crawled,independent clubmaker Texas,False,Tour Proven Golf,"{""Accessibility"": {""Wheelchair accessible entrance"": true, ""Wheelchair accessible parking lot"": true, ""Wheelchair accessible restroom"": true}, ""Other"": {""LGBTQ+ friendly"": true}}",
Dallas GOLF,Retailer,Golf Retail,False,(800) 955-9550,https://www.dallasgolf.com/,10265 Miller Rd,Dallas,Texas,TX,75238,32.894975,-96.7080491,America/Chicago,4.6,Highly Rated,0,27,True,True,"https://www.google.com/maps/place/Dallas+Golf/@32.894974999999995,-96.7080491,14z/data=!4m8!1m2!2m1!1sDallas+Golf!3m4!1s0x864c1e2ce7c22e3b:0x4fc6a22c5379837!8m2!3d32.894974999999995!4d-96.7080491",Club Fitting | Retail / Pro Shop | Shaft & Grip Sales | Used Clubs / Trade-In,4,False,Indoor,True,"{""Wednesday"": [""9AM-6PM""]}",False,OPERATIONAL,True,crawl_failed,boutique golf shop Texas,False,Dallas Golf,"{""Accessibility"": {""Wheelchair accessible entrance"": true, ""Wheelchair accessible parking lot"": true}}",enriched
Pure Swing GOLF,Instruction,Golf Instruction,False,(469) 779-9991,https://www.pureswinggolf.com/,13617 Inwood Rd suite 205,Dallas,Texas,TX,75244,32.9345872,-96.8240796,America/Chicago,4.9,Top Rated,0,41,True,True,"https://www.google.com/maps/place/Pure+Swing+Golf/@32.934587199999996,-96.82407959999999,14z/data=!4m8!1m2!2m1!1sPure+Swing+Golf!3m4!1s0x864c210237b09687:0x121df8680c65e2bb!8m2!3d32.934587199999996!4d-96.82407959999999",Golf Lessons | Launch Monitor,2,False,Unknown,True,"{""Wednesday"": [""7AM-8:30PM""]}",False,OPERATIONAL,True,crawled,custom club fitting Texas,False,Pure Swing Golf,"{""Accessibility"": {""Wheelchair accessible entrance"": true, ""Wheelchair accessible parking lot"": true, ""Wheelchair accessible restroom"": true}}",
Stripe Show Club Fitters,Clubfitter,Club Fitting,False,(214) 454-4749,https://www.sscfdtx.com/,4887 Alpha Rd #260,Dallas,Texas,TX,75244,32.9339795,-96.8258123,America/Chicago,5.0,Top Rated,0,84,True,True,"https://www.google.com/maps/place/Stripe+Show+Club+Fitters/@32.9339795,-96.8258123,14z/data=!4m8!1m2!2m1!1sStripe+Show+Club+Fitters!3m4!1s0x864e9d01457741a1:0xe564d220dc1ba13f!8m2!3d32.9339795!4d-96.8258123",Club Fitting | Retail / Pro Shop | Shaft & Grip Sales,3,True,Indoor,True,"{""Wednesday"": [""9AM-5PM""]}",False,OPERATIONAL,True,crawled,independent clubmaker Texas,False,Stripe Show Club Fitters,"{""Accessibility"": {""Wheelchair accessible entrance"": true, ""Wheelchair accessible parking lot"": true}}",
Golfroots,Retailer,Golf Retail,False,(214) 302-7440,https://www.golfroots.com/,13260 Josey Ln Suite 106,Farmers Branch,Texas,TX,75234,32.9253419,-96.881029,America/Chicago,4.9,Top Rated,0,162,True,True,"https://www.google.com/maps/place/GolfRoots/@32.9253419,-96.881029,14z/data=!4m8!1m2!2m1!1sGolfRoots!3m4!1s0x864c2174b4ace0e5:0x88db9c69f37939ce!8m2!3d32.9253419!4d-96.881029",,0,False,Indoor,True,"{""Wednesday"": [""9AM-4PM""]}",False,OPERATIONAL,True,crawl_failed,boutique golf shop Texas,False,GolfRoots,"{""Accessibility"": {""Wheelchair accessible entrance"": true, ""Wheelchair accessible parking lot"": true}}",failed
1611 GOLF Club,Simulator,Golf Simulator,False,(817) 349-0726,https://www.1611golf.com/,5952 SW Loop 820,Fort Worth,Texas,TX,76132,32.6846403,-97.4131168,America/Chicago,4.9,Top Rated,0,71,True,True,"https://www.google.com/maps/place/1611+Golf+Club/@32.6846403,-97.4131168,14z/data=!4m8!1m2!2m1!1s1611+Golf+Club!3m4!1s0x864e0de3c60c965b:0xfed91efcc3c4bdfb!8m2!3d32.6846403!4d-97.4131168",Launch Monitor | Golf Simulator,2,False,Indoor,True,"{""Wednesday"": [""10AM-10PM""]}",False,OPERATIONAL,True,crawled,custom club fitting Texas,False,1611 Golf Club,"{""Accessibility"": {""Wheelchair accessible entrance"": true, ""Wheelchair accessible parking lot"": true, ""Wheelchair accessible restroom"": true}}",
Artisan GOLF,Clubfitter,Club Fitting,False,,https://www.artisangolftx.com/,3262 Chapel Creek Blvd,Fort Worth,Texas,TX,76116,32.7265256,-97.5043196,America/Chicago,4.9,Top Rated,0,7,True,True,"https://www.google.com/maps/place/Artisan+Golf/@32.726525599999995,-97.5043196,14z/data=!4m8!1m2!2m1!1sArtisan+Golf!3m4!1s0x864e0c366aa9ffe3:0x7d507093882f4dcc!8m2!3d32.726525599999995!4d-97.5043196",Club Fitting | Retail / Pro Shop,2,True,Indoor,True,"{""Wednesday"": [""8AM-5PM""]}",False,OPERATIONAL,True,crawled,independent clubmaker Texas,False,Artisan Golf,"{""Accessibility"": {""Wheelchair accessible entrance"": true, ""Wheelchair accessible parking lot"": true, ""Wheelchair accessible restroom"": true}}",
Texas 9 GOLF,Driving Range,Driving Range,False,(817) 303-4370,https://www.texas9.com/,8940 Creek Run Rd,Fort Worth,Texas,TX,76120,32.7636731,-97.1556995,America/Chicago,4.8,Top Rated,0,236,True,True,"https://www.google.com/maps/place/Texas+9+Golf/@32.7636731,-97.1556995,14z/data=!4m8!1m2!2m1!1sTexas+9+Golf!3m4!1s0x864e7c150bddb88d:0xfde02fba666ba711!8m2!3d32.7636731!4d-97.1556995",,0,False,Outdoor,True,"{""Wednesday"": [""6AM-10PM""]}",False,OPERATIONAL,True,crawl_failed,custom club fitting Texas,False,Texas 9 Golf,"{""Accessibility"": {""Wheelchair accessible entrance"": true, ""Wheelchair accessible parking lot"": true, ""Wheelchair accessible restroom"": true, ""Wheelchair accessible seating"": true}}",unknown
Fields Ranch GOLF Shop,Retailer,Golf Retail,False,(469) 888-5840,https://fieldsranch.com/dining-and-shopping#shopping,3725 PGA Pkwy,Frisco,Texas,TX,75033,33.2132882,-96.8526782,America/Chicago,4.6,Highly Rated,0,7,True,True,"https://www.google.com/maps/place/Fields+Ranch+Golf+Shop/@33.2132882,-96.8526782,14z/data=!4m8!1m2!2m1!1sFields+Ranch+Golf+Shop!3m4!1s0x864c397b7a0eff7b:0x656172a0b765fd5!8m2!3d33.2132882!4d-96.8526782",,0,False,Indoor,True,"{""Wednesday"": [""6:30AM-7PM""]}",False,OPERATIONAL,True,crawl_failed,boutique golf shop Texas,False,Fields Ranch Golf Shop,"{""Accessibility"": {""Wheelchair accessible entrance"": true, ""Wheelchair accessible parking lot"": true}}",failed
Integrity GOLF Performance,Retailer,Golf Instruction,False,(469) 590-4174,https://igp.golf/,6363 Dallas Pkwy Suite 115,Frisco,Texas,TX,75034,33.1296106,-96.8254278,America/Chicago,4.9,Top Rated,0,41,True,True,"https://www.google.com/maps/place/Integrity+Golf+Performance/@33.1296106,-96.8254278,14z/data=!4m8!1m2!2m1!1sIntegrity+Golf+Performance!3m4!1s0x864c3da45108a3cf:0xd812f404af95916a!8m2!3d33.1296106!4d-96.8254278",Custom Club Building | Golf Lessons | Retail / Pro Shop,3,False,Indoor,True,"{""Wednesday"": [""8AM-7PM""]}",False,OPERATIONAL,True,crawled,independent clubmaker Texas,False,Integrity Golf Performance,"{""Accessibility"": {""Wheelchair accessible entrance"": true, ""Wheelchair accessible parking lot"": true, ""Wheelchair accessible restroom"": true}}",
PGA Shop,Retailer,Golf Retail,False,(469) 305-4640,https://pgafrisco.com/shop/,3255 PGA Pkwy,Frisco,Texas,TX,75033,33.2143396,-96.8554815,America/Chicago,4.4,Highly Rated,0,29,True,True,"https://www.google.com/maps/place/PGA+Shop/@33.214339599999995,-96.8554815,14z/data=!4m8!1m2!2m1!1sPGA+Shop!3m4!1s0x864c39c5c7d6c535:0x2785a50babd17637!8m2!3d33.214339599999995!4d-96.8554815",Retail / Pro Shop,1,False,Indoor,True,"{""Wednesday"": [""10AM-6PM""]}",False,OPERATIONAL,True,crawl_failed,boutique golf shop Texas,False,PGA Shop,"{""Accessibility"": {""Wheelchair accessible entrance"": true, ""Wheelchair accessible parking lot"": true}}",enriched
The GOLF Station,Retailer,Golf Retail,False,(817) 595-4653,https://www.thegolfstation.com/,243 E Dallas Rd,Grapevine,Texas,TX,76051,32.9332326,-97.076383,America/Chicago,5.0,Top Rated,0,26,True,True,"https://www.google.com/maps/place/The+Golf+Station/@32.9332326,-97.07638299999999,14z/data=!4m8!1m2!2m1!1sThe+Golf+Station!3m4!1s0x864c2b5758a028f3:0xbfb96d4307277d0b!8m2!3d32.9332326!4d-97.07638299999999",Club Fitting | Club Repair | Golf Lessons | Retail / Pro Shop | Shaft & Grip Sales,5,False,Indoor,True,"{""Wednesday"": [""10AM-6PM""]}",False,OPERATIONAL,True,crawl_failed,boutique golf shop Texas,False,The Golf Station,"{""Accessibility"": {""Wheelchair accessible entrance"": true, ""Wheelchair accessible parking lot"": true}}",enriched
Matt Swanson's School Of GOLF & Custom Club Fitting,Driving Range,Club Fitting,False,(281) 440-1308,https://www.swannysgrill.com/instructors/,6224 Theall Rd,Houston,Texas,TX,77066,29.9683685,-95.5199129,America/Chicago,4.5,Highly Rated,0,138,True,False,"https://www.google.com/maps/place/Matt+Swanson%27s+School+of+Golf+%26+Custom+Club+Fitting/@29.9683685,-95.5199129,14z/data=!4m8!1m2!2m1!1sMatt+Swanson%27s+School+of+Golf+%26+Custom+Club+Fitting!3m4!1s0x8640eae996a62f7b:0x3b8336dcaf7a9f50!8m2!3d29.9683685!4d-95.5199129",Club Fitting | Golf Lessons,2,True,Outdoor,True,"{""Wednesday"": [""9AM-6PM""]}",False,OPERATIONAL,True,recrawled,independent clubmaker Texas,False,Matt Swanson's School of Golf & Custom Club Fitting,"{""Accessibility"": {""Wheelchair accessible entrance"": true, ""Wheelchair accessible parking lot"": true}}",
Mike The Performance GOLF Coach,Retailer,Golf Instruction,False,(207) 739-0252,https://www.theperformancegolfcoach.com/,8400 Mykawa Rd,Houston,Texas,TX,77048,29.6528446,-95.3197105,America/Chicago,5.0,Top Rated,0,11,True,True,"https://www.google.com/maps/place/Mike+The+Performance+Golf+Coach/@29.652844599999998,-95.3197105,14z/data=!4m8!1m2!2m1!1sMike+The+Performance+Golf+Coach!3m4!1s0x864095be34d3b80b:0x9b0417023f16cfff!8m2!3d29.652844599999998!4d-95.3197105",Golf Lessons | Retail / Pro Shop,2,False,Indoor,True,"{""Wednesday"": [""12-5PM""]}",False,OPERATIONAL,True,crawled,independent clubmaker Texas,False,Mike The Performance Golf Coach,"{""Accessibility"": {""Wheelchair accessible entrance"": true, ""Wheelchair accessible parking lot"": true}, ""Other"": {""Identifies as veteran-owned"": true}}",
PGA Tour Shop,Retailer,Golf Retail,False,(832) 626-1154,https://www.pgatoursuperstore.com/stores/houston-texas/1229.html,7800 Airport Blvd,Houston,Texas,TX,77061,29.6528615,-95.2756637,America/Chicago,2.8,Standard,0,7,True,False,"https://www.google.com/maps/place/PGA+Tour+Shop/@29.6528615,-95.2756637,14z/data=!4m8!1m2!2m1!1sPGA+Tour+Shop!3m4!1s0x8640964efa59945d:0x44069fd391d5fea5!8m2!3d29.6528615!4d-95.2756637",Club Fitting | Club Repair | Golf Lessons | Golf Simulator | Launch Monitor | Retail / Pro Shop | Used Clubs / Trade-In | Membership Programs,8,False,Indoor,True,"{""Wednesday"": [""9AM-8PM""]}",False,OPERATIONAL,True,crawl_failed,boutique golf shop Texas,False,PGA Tour Shop,"{""Accessibility"": {""Wheelchair accessible entrance"": true, ""Wheelchair accessible parking lot"": true}}",enriched
PXG Houston,Clubfitter,Club Fitting,False,(832) 604-5900,https://www.pxg.com/pages/golf-stores/pxg-houston,11687 Westheimer Rd Suite C,Houston,Texas,TX,77077,29.7344693,-95.5839192,America/Chicago,4.9,Top Rated,0,105,True,True,"https://www.google.com/maps/place/PXG+Houston/@29.734469299999997,-95.5839192,14z/data=!4m8!1m2!2m1!1sPXG+Houston!3m4!1s0x8640ddf3149f948b:0x860e3ba0a1cbd10c!8m2!3d29.734469299999997!4d-95.5839192",Club Fitting | Launch Monitor | Golf Simulator | Retail / Pro Shop,4,True,Indoor,True,"{""Wednesday"": [""9AM-5PM""]}",False,OPERATIONAL,True,crawled,independent clubmaker Texas,False,PXG Houston,"{""Accessibility"": {""Wheelchair accessible entrance"": true, ""Wheelchair accessible parking lot"": true}}",
Z. Max GOLF Studio,Simulator,Golf Simulator,False,(832) 586-2586,https://instagram.com/z.max_golf_studio?igshid=ZGUzMzM3NWJiOQ==,8743 Knight Rd Ste A,Houston,Texas,TX,77054,29.6778993,-95.399285,America/Chicago,5.0,Top Rated,0,108,True,True,"https://www.google.com/maps/place/Z.+Max+Golf+Studio/@29.6778993,-95.39928499999999,14z/data=!4m8!1m2!2m1!1sZ.+Max+Golf+Studio!3m4!1s0x8640ebe52b2732c1:0x3b50763e12183140!8m2!3d29.6778993!4d-95.39928499999999",,0,False,Indoor,True,"{""Wednesday"": [""10AM-8PM""]}",False,OPERATIONAL,True,crawl_failed,independent clubmaker Texas,False,Z. Max Golf Studio,"{""Accessibility"": {""Wheelchair accessible entrance"": true, ""Wheelchair accessible parking lot"": true, ""Wheelchair accessible restroom"": true}}",failed
GOLF Store Houston,Retailer,Golf Retail,False,(832) 659-6465,https://www.texastoughgolf.com/,15018A Vera Dr,Humble,Texas,TX,77396,29.9382555,-95.2911805,America/Chicago,5.0,Top Rated,0,41,True,True,"https://www.google.com/maps/place/Golf+Store+Houston/@29.9382555,-95.2911805,14z/data=!4m8!1m2!2m1!1sGolf+Store+Houston!3m4!1s0x8640b1e84c6c3ccf:0x23fdda5f49a7756e!8m2!3d29.9382555!4d-95.2911805",,0,False,Indoor,True,"{""Wednesday"": [""9AM-6PM""]}",False,OPERATIONAL,True,crawl_failed,boutique golf shop Texas,False,Golf Store Houston,"{""Accessibility"": {""Wheelchair accessible entrance"": true, ""Wheelchair accessible parking lot"": true}, ""Other"": {""LGBTQ+ friendly"": true, ""Identifies as women-owned"": true}}",failed
The GOLF Station,Clubfitter,Club Fitting,False,(817) 595-4653,https://www.thegolfstation.com/,1220 W Hurst Blvd #300,Hurst,Texas,TX,76053,32.8097011,-97.199009,America/Chicago,4.9,Top Rated,0,14,True,True,"https://www.google.com/maps/place/The+Golf+Station/@32.8097011,-97.19900899999999,14z/data=!4m8!1m2!2m1!1sThe+Golf+Station!3m4!1s0x864e793e1c17395d:0x3ec9cc65fc39618d!8m2!3d32.8097011!4d-97.19900899999999",Club Fitting | Club Repair | Custom Club Building | Golf Lessons | Retail / Pro Shop | Shaft & Grip Sales,6,True,Indoor,True,"{""Wednesday"": [""10AM-6PM""]}",False,OPERATIONAL,True,crawled,custom club fitting Texas,False,The Golf Station,"{""Accessibility"": {""Wheelchair accessible entrance"": true, ""Wheelchair accessible parking lot"": true}}",
Mg GOLF,Retailer,Golf Retail,False,(800) 275-1100,https://www.mggolf.com/,3410 Century Cir,Irving,Texas,TX,75062,32.8381014,-96.8940968,America/Chicago,2.7,Standard,0,5,True,True,"https://www.google.com/maps/place/MG+Golf+%28MasterGrip+Inc.%29/@32.8381014,-96.8940968,14z/data=!4m8!1m2!2m1!1sMG+Golf+%28MasterGrip+Inc.%29!3m4!1s0x864e9ce41db6885b:0x899cff73b21a91b8!8m2!3d32.8381014!4d-96.8940968",,0,False,Indoor,True,"{""Wednesday"": [""9AM-5PM""]}",False,OPERATIONAL,True,crawl_failed,boutique golf shop Texas,False,MG Golf,"{""Accessibility"": {""Wheelchair accessible parking lot"": true}}",failed
GOLF Swing Solutions,Retailer,Golf Retail,False,(281) 557-3300,https://www.golfswingsolutionstx.com/,300 Gulf Fwy N,League City,Texas,TX,77573,29.5055253,-95.1144724,America/Chicago,4.6,Highly Rated,0,9,True,True,"https://www.google.com/maps/place/Golf+Swing+Solutions/@29.5055253,-95.1144724,14z/data=!4m8!1m2!2m1!1sGolf+Swing+Solutions!3m4!1s0x86409d2b5becc0df:0x5c3607012770f7fb!8m2!3d29.5055253!4d-95.1144724",,0,False,Indoor,True,"{""Wednesday"": [""10AM-6PM""]}",False,OPERATIONAL,True,crawl_failed,independent clubmaker Texas,False,Golf Swing Solutions,"{""Accessibility"": {""Wheelchair accessible entrance"": true, ""Wheelchair accessible parking lot"": true}}",unknown
Edel GOLF Machine Shop & Fitting Studio,Clubfitter,Club Fitting,False,(303) 720-6254,https://edelgolf.com/,123 Holmes Rd #5,Liberty Hill,Texas,TX,78642,30.6548804,-97.8725066,America/Chicago,4.5,Highly Rated,0,4,True,True,"https://www.google.com/maps/place/Edel+Golf+Machine+Shop+%26+Fitting+Studio/@30.6548804,-97.8725066,14z/data=!4m8!1m2!2m1!1sEdel+Golf+Machine+Shop+%26+Fitting+Studio!3m4!1s0x865b29ff8616b775:0xccf912cf0f764cdf!8m2!3d30.6548804!4d-97.8725066",Club Fitting | Custom Club Building | Retail / Pro Shop | Shaft & Grip Sales,4,True,Indoor,True,"{""Wednesday"": [""9AM-4PM""]}",False,OPERATIONAL,True,crawled,independent clubmaker Texas,False,Edel Golf Machine Shop & Fitting Studio,"{""Accessibility"": {""Wheelchair accessible entrance"": true, ""Wheelchair accessible parking lot"": true}}",
The Jacket Indoor GOLF,Simulator,Golf Simulator,False,(682) 400-8055,https://thejacketindoorgolf.com/,2000 Matlock Rd ste 100,Mansfield,Texas,TX,76063,32.5923622,-97.1062464,America/Chicago,4.8,Top Rated,0,170,True,True,"https://www.google.com/maps/place/The+Jacket+Indoor+Golf/@32.5923622,-97.10624639999999,14z/data=!4m8!1m2!2m1!1sThe+Jacket+Indoor+Golf!3m4!1s0x864e611dfcddc6e9:0x891eff63c6deadf!8m2!3d32.5923622!4d-97.10624639999999",Launch Monitor | Golf Simulator | Club Rentals | Retail / Pro Shop,4,False,Indoor,True,"{""Wednesday"": [""10AM-10PM""]}",False,OPERATIONAL,True,crawled,custom club fitting Texas,False,The Jacket Indoor Golf,"{""Accessibility"": {""Wheelchair accessible entrance"": true, ""Wheelchair accessible parking lot"": true, ""Wheelchair accessible restroom"": true}, ""Other"": {""Identifies as Black-owned"": true, ""LGBTQ+ friendly"": true}}",
Replay Sports Gear,Retailer,Golf Retail,False,(214) 504-0504,https://replaysportsgear.com/,4900 Eldorado Pkwy,Mckinney,Texas,TX,75072,33.1753638,-96.6831511,America/Chicago,4.8,Top Rated,0,32,True,True,"https://www.google.com/maps/place/Replay+Sports+Gear/@33.1753638,-96.68315109999999,14z/data=!4m8!1m2!2m1!1sReplay+Sports+Gear!3m4!1s0x864c1418d215ba97:0x92669ff372f9aba1!8m2!3d33.1753638!4d-96.68315109999999",,0,False,Indoor,True,"{""Wednesday"": [""10AM-7PM""]}",False,OPERATIONAL,True,crawl_failed,boutique golf shop Texas,False,Replay Sports Gear,"{""Accessibility"": {""Wheelchair accessible entrance"": true, ""Wheelchair accessible parking lot"": true}}",failed
Stripe Show Club Fitters Swh,Clubfitter,Club Fitting,False,(281) 793-9643,https://www.stripeshowhtx.com/,13211 Stafford Rd # 300,Missouri City,Texas,TX,77489,29.6307976,-95.5484811,America/Chicago,5.0,Top Rated,0,8,True,True,"https://www.google.com/maps/place/Stripe+Show+Club+Fitters+SWH/@29.630797599999998,-95.54848109999999,14z/data=!4m8!1m2!2m1!1sStripe+Show+Club+Fitters+SWH!3m4!1s0x8640e90df47f778b:0x8e815f3d1512d626!8m2!3d29.630797599999998!4d-95.54848109999999",Club Fitting | Retail / Pro Shop | Shaft & Grip Sales,3,True,Indoor,True,"{""Wednesday"": [""10AM-5PM""]}",False,OPERATIONAL,True,crawled,independent clubmaker Texas,False,Stripe Show Club Fitters SWH,"{""Accessibility"": {""Wheelchair accessible parking lot"": true}}",
GOLF Tech,Retailer,Golf Retail,False,(972) 423-0152,https://www.golftechplano.com/,703 K Ave #101,Plano,Texas,TX,75074,33.0082397,-96.6999359,America/Chicago,4.8,Top Rated,0,22,True,True,"https://www.google.com/maps/place/Golf+Tech/@33.0082397,-96.6999359,14z/data=!4m8!1m2!2m1!1sGolf+Tech!3m4!1s0x864c19114abacfd5:0x63e8bab606f07919!8m2!3d33.0082397!4d-96.6999359",,0,False,Indoor,True,"{""Wednesday"": [""10AM-6PM""]}",False,OPERATIONAL,True,crawl_failed,independent clubmaker Texas,False,Golf Tech,"{""Accessibility"": {""Wheelchair accessible entrance"": true, ""Wheelchair accessible parking lot"": true}}",failed
PXG Dallas,Retailer,Golf Retail,False,(972) 905-3079,https://www.pxg.com/pages/golf-stores/pxg-dallas,5633 Spring Creek Pkwy Suite 100,Plano,Texas,TX,75024,33.066908,-96.8148625,America/Chicago,4.8,Top Rated,0,77,True,True,"https://www.google.com/maps/place/PXG+Dallas/@33.066908,-96.81486249999999,14z/data=!4m8!1m2!2m1!1sPXG+Dallas!3m4!1s0x864c234f3bd77ca3:0xc958c2f2f2a57931!8m2!3d33.066908!4d-96.81486249999999",Club Fitting | Custom Club Building | Golf Simulator | Launch Monitor | Retail / Pro Shop | Used Clubs / Trade-In,6,False,Indoor,True,"{""Wednesday"": [""9AM-5PM""]}",False,OPERATIONAL,True,crawl_failed,boutique golf shop Wyoming,False,PXG Dallas,"{""Accessibility"": {""Wheelchair accessible entrance"": true, ""Wheelchair accessible parking lot"": true}, ""Other"": {""Identifies as veteran-owned"": true}}",enriched
Breakthrough GOLF Technology,Retailer,Golf Retail,False,(972) 972-8882,https://breakthroughgolftech.com/,1850 N Greenville Ave STE 184,Richardson,Texas,TX,75081,32.97366,-96.7121944,America/Chicago,5.0,Top Rated,0,37,True,True,"https://www.google.com/maps/place/Breakthrough+Golf+Technology/@32.973659999999995,-96.7121944,14z/data=!4m8!1m2!2m1!1sBreakthrough+Golf+Technology!3m4!1s0x864c1f794471f129:0xe0070a68f24c98fa!8m2!3d32.973659999999995!4d-96.7121944",Club Fitting | Retail / Pro Shop | Shaft & Grip Sales,3,False,Indoor,True,"{""Wednesday"": [""8AM-4PM""]}",False,OPERATIONAL,True,crawl_failed,boutique golf shop Texas,False,Breakthrough Golf Technology,"{""Accessibility"": {""Wheelchair accessible entrance"": true, ""Wheelchair accessible parking lot"": true}}",enriched
Sellinger's Power GOLF,Retailer,Golf Retail,False,(682) 549-2102,https://www.sellingerspowergolf.com/,600 Henrietta Creek Rd #200,Roanoke,Texas,TX,76262,32.993635,-97.236217,America/Chicago,4.9,Top Rated,0,107,True,True,"https://www.google.com/maps/place/Sellinger%27s+Power+Golf/@32.993635,-97.236217,14z/data=!4m8!1m2!2m1!1sSellinger%27s+Power+Golf!3m4!1s0x864dd0f1d069be83:0xb963289a6d48d6f9!8m2!3d32.993635!4d-97.236217",Club Fitting | Retail / Pro Shop,2,False,Indoor,True,"{""Wednesday"": [""9AM-6PM""]}",False,OPERATIONAL,True,crawl_failed,custom club fitting Texas,False,Sellinger's Power Golf,"{""Accessibility"": {""Wheelchair accessible entrance"": true, ""Wheelchair accessible parking lot"": true}}",enriched
Mk GOLF Tech,Clubfitter,Club Fitting,False,(210) 781-4036,https://www.mkgolftech.com/,10412 Gulfdale St,San Antonio,Texas,TX,78216,29.5350771,-98.487034,America/Chicago,4.9,Top Rated,0,39,True,True,"https://www.google.com/maps/place/MK+Golf+Tech/@29.5350771,-98.487034,14z/data=!4m8!1m2!2m1!1sMK+Golf+Tech!3m4!1s0x865c618d8abe87e3:0x8fe7e93ea05e5a7d!8m2!3d29.5350771!4d-98.487034",Club Fitting | Club Repair | Golf Lessons | Retail / Pro Shop,4,True,Indoor,True,"{""Wednesday"": [""9AM-5:30PM""]}",False,OPERATIONAL,True,crawled,custom club fitting Texas,False,MK Golf Tech,"{""Accessibility"": {""Wheelchair accessible entrance"": true, ""Wheelchair accessible parking lot"": true, ""Wheelchair accessible restroom"": true, ""Wheelchair accessible seating"": true}, ""Other"": {""LGBTQ+ friendly"": true}}",
GOLF Tee Performance,Simulator,Golf Simulator,False,,https://golfteeperformance.com/,1607 Hart St #100,Southlake,Texas,TX,76092,32.9231811,-97.1251278,America/Chicago,5.0,Top Rated,0,22,True,True,"https://www.google.com/maps/place/Golf+Tee+Performance/@32.9231811,-97.1251278,14z/data=!4m8!1m2!2m1!1sGolf+Tee+Performance!3m4!1s0x864dd5359923ce75:0x897f6a8a6b87c5f!8m2!3d32.9231811!4d-97.1251278",Golf Lessons | Launch Monitor | Golf Simulator | Retail / Pro Shop,4,False,Indoor,True,"{""Wednesday"": [""8AM-7PM""]}",False,OPERATIONAL,True,crawled,independent clubmaker Texas,False,Golf Tee Performance,"{""Accessibility"": {""Wheelchair accessible entrance"": true, ""Wheelchair accessible parking lot"": true, ""Wheelchair accessible restroom"": true}}",
Isler Performance GOLF Academy,Clubfitter,Club Fitting,False,(817) 488-8111,https://www.jeffislergolf.com/programs.html,2835 Exchange Blvd,Southlake,Texas,TX,76092,32.940311,-97.1191883,America/Chicago,3.0,Standard,0,1,True,False,"https://www.google.com/maps/place/Isler+Performance+Golf+Academy/@32.940311,-97.11918829999999,14z/data=!4m8!1m2!2m1!1sIsler+Performance+Golf+Academy!3m4!1s0x864dd4db392c5833:0x44220b16f830e412!8m2!3d32.940311!4d-97.11918829999999",Club Fitting | Golf Lessons | Launch Monitor | Retail / Pro Shop,4,True,Indoor,True,"{""Wednesday"": [""8AM-8PM""]}",False,OPERATIONAL,True,crawled,independent clubmaker Texas,False,Isler Performance Golf Academy,"{""Accessibility"": {""Wheelchair accessible entrance"": true, ""Wheelchair accessible parking lot"": true}}",
Impact Precision GOLF,Clubfitter,Club Fitting,False,(713) 389-5366,https://www.impactprecisiongolf.com/,145 Cypresswood Dr,Spring,Texas,TX,77388,30.0521148,-95.4332072,America/Chicago,4.9,Top Rated,0,22,True,True,"https://www.google.com/maps/place/Impact+Precision+Golf/@30.0521148,-95.4332072,14z/data=!4m8!1m2!2m1!1sImpact+Precision+Golf!3m4!1s0x8647352a2818263b:0x53f2b664291c7988!8m2!3d30.0521148!4d-95.4332072",Club Fitting | Launch Monitor | Retail / Pro Shop,3,True,Indoor,True,"{""Wednesday"": [""9AM-5PM""]}",False,OPERATIONAL,True,crawled,independent clubmaker Texas,False,Impact Precision Golf,"{""Accessibility"": {""Wheelchair accessible entrance"": true, ""Wheelchair accessible parking lot"": true}}",
Sellinger's GOLF Shop,Retailer,Golf Retail,False,(832) 721-5108,https://saulsellingersgolfshop.com/,19393 Champion Forest Dr,Spring,Texas,TX,77379,30.0441535,-95.5646366,America/Chicago,5.0,Top Rated,0,1,True,True,"https://www.google.com/maps/place/Sellinger%27s+Golf+Shop/@30.0441535,-95.5646366,14z/data=!4m8!1m2!2m1!1sSellinger%27s+Golf+Shop!3m4!1s0x8640ccb69314d3c7:0x74aa041f7ac7d29b!8m2!3d30.0441535!4d-95.5646366",Club Fitting | Club Repair | Golf Lessons | Retail / Pro Shop | Shaft & Grip Sales | Used Clubs / Trade-In,6,False,Indoor,True,"{""Wednesday"": [""9AM-5:30PM""]}",False,OPERATIONAL,True,crawl_failed,boutique golf shop Texas,False,Sellinger's Golf Shop,"{""Accessibility"": {""Wheelchair accessible entrance"": true, ""Wheelchair accessible parking lot"": true, ""Wheelchair accessible restroom"": true, ""Wheelchair accessible seating"": true}}",enriched
Pg GOLF LLC,Retailer,Golf Retail,False,(888) 681-9381,https://www.pggolf.com/,12520 W Airport Blvd Suite 900,Sugar Land,Texas,TX,77478,29.6507473,-95.5983539,America/Chicago,3.5,Standard,0,72,True,True,"https://www.google.com/maps/place/PG+Golf+LLC/@29.6507473,-95.59835389999999,14z/data=!4m8!1m2!2m1!1sPG+Golf+LLC!3m4!1s0x8640e7a839305207:0x433e96300d28856a!8m2!3d29.6507473!4d-95.59835389999999",,0,False,Indoor,True,"{""Wednesday"": [""7:30AM-5PM""]}",False,OPERATIONAL,True,crawl_failed,boutique golf shop Texas,False,PG Golf LLC,"{""Accessibility"": {""Wheelchair accessible entrance"": true, ""Wheelchair accessible parking lot"": true, ""Wheelchair accessible restroom"": true}}",unknown
The Club Fix Texas,Retailer,Golf Retail,False,(844) 258-2349,https://theclubfixtexas.com/,1000 Lebanon Rd,The Colony,Texas,TX,75056,33.100932,-96.9328269,America/Chicago,3.9,Well Reviewed,0,2,True,False,"https://www.google.com/maps/place/The+Club+Fix+Texas/@33.100932,-96.9328269,14z/data=!4m8!1m2!2m1!1sThe+Club+Fix+Texas!3m4!1s0x864c306541828c85:0x4914047de0119659!8m2!3d33.100932!4d-96.9328269",,0,False,Indoor,True,"{""Wednesday"": [""8AM-7PM""]}",False,OPERATIONAL,True,crawl_failed,independent clubmaker Texas,False,The Club Fix Texas,"{""Accessibility"": {""Wheelchair accessible entrance"": true, ""Wheelchair accessible parking lot"": true}}",failed
Patriot GOLF USA Longview,Retailer,Golf Retail,False,(903) 630-3325,https://patriotgolfusa.com/,212 Old Grande Blvd Suite C-102,Tyler,Texas,TX,75703,32.2821027,-95.307555,America/Chicago,5.0,Top Rated,0,13,True,True,"https://www.google.com/maps/place/Patriot+Golf+USA+Longview/@32.282102699999996,-95.307555,14z/data=!4m8!1m2!2m1!1sPatriot+Golf+USA+Longview!3m4!1s0x86363fe9d1ae746d:0x2df390cb39ef14cb!8m2!3d32.282102699999996!4d-95.307555",Golf Lessons | Retail / Pro Shop | Used Clubs / Trade-In,3,False,Indoor,True,,False,OPERATIONAL,True,crawl_failed,boutique golf shop Texas,False,Patriot Golf USA Longview,"{""Accessibility"": {""Wheelchair accessible entrance"": true, ""Wheelchair accessible parking lot"": true}}",enriched
Tyler GOLF,Simulator,Golf Simulator,False,(430) 444-2487,https://tylergolfshop.com/,14662 State Hwy 155 Bldg A Ste 100,Tyler,Texas,TX,75703,32.2684663,-95.3768024,America/Chicago,5.0,Top Rated,0,17,True,True,"https://www.google.com/maps/place/Tyler+Golf/@32.2684663,-95.3768024,14z/data=!4m8!1m2!2m1!1sTyler+Golf!3m4!1s0x8649cba63b00f563:0x1818b6d5e773e90c!8m2!3d32.2684663!4d-95.3768024",Club Fitting | Club Repair | Golf Lessons | Golf Simulator | Retail / Pro Shop | Used Clubs / Trade-In,6,False,Indoor,True,"{""Wednesday"": [""11AM-6PM""]}",False,OPERATIONAL,True,crawl_failed,boutique golf shop Texas,False,Tyler Golf,"{""Accessibility"": {""Wheelchair accessible entrance"": true, ""Wheelchair accessible parking lot"": true}}",enriched
Tee Box Centerville,Simulator,Club Fitting,False,(801) 215-9168,https://tbx.golf/centerville,702 W 400 S,Centerville,Utah,UT,84014,40.913478,-111.8900685,America/Denver,5.0,Top Rated,0,23,True,True,"https://www.google.com/maps/place/Tee+Box+Centerville/@40.913478,-111.8900685,14z/data=!4m8!1m2!2m1!1sTee+Box+Centerville!3m4!1s0x8752f9a826c49381:0xd15299f844d95db6!8m2!3d40.913478!4d-111.8900685",Club Fitting | Golf Lessons | Launch Monitor | Golf Simulator | Retail / Pro Shop | Shaft & Grip Sales,6,True,Indoor,True,"{""Wednesday"": [""Open 24 hours""]}",False,OPERATIONAL,True,crawled,custom club fitting Utah,False,Tee Box Centerville,"{""Accessibility"": {""Wheelchair accessible entrance"": true, ""Wheelchair accessible parking lot"": true, ""Wheelchair accessible restroom"": true}}",
Apexgolf Instruction,Driving Range,Club Fitting,False,(385) 253-7390,https://www.apexgolfinstruction.com/draper,185 E 12300 S #100,Draper,Utah,UT,84020,40.5276632,-111.8855272,America/Denver,4.9,Top Rated,0,12,True,True,"https://www.google.com/maps/place/APEXGOLF+Instruction/@40.5276632,-111.8855272,14z/data=!4m8!1m2!2m1!1sAPEXGOLF+Instruction!3m4!1s0x875287cd3f38c0c9:0xd5eb690f610d1f2a!8m2!3d40.5276632!4d-111.8855272",Club Fitting | Custom Club Building | Golf Lessons | Retail / Pro Shop,4,True,Outdoor,True,"{""Wednesday"": [""9AM-7PM""]}",False,OPERATIONAL,True,crawled,independent clubmaker Utah,False,APEXGOLF Instruction,"{""Accessibility"": {""Wheelchair accessible entrance"": true, ""Wheelchair accessible parking lot"": true, ""Wheelchair accessible restroom"": true}}",
Impact GOLF Center,Simulator,Club Fitting,False,(801) 987-8934,https://www.impactgolfcenter.com/,12101 Factory Outlet Dr #105,Draper,Utah,UT,84020,40.5313529,-111.8875503,America/Denver,4.7,Top Rated,0,43,True,True,"https://www.google.com/maps/place/Impact+Golf+Center/@40.5313529,-111.8875503,14z/data=!4m8!1m2!2m1!1sImpact+Golf+Center!3m4!1s0x8752870fa0dad29d:0x3999443fb9528ed3!8m2!3d40.5313529!4d-111.8875503",Club Fitting | Custom Club Building | Golf Lessons | Golf Simulator,4,True,Indoor,True,"{""Wednesday"": [""10AM-8PM""]}",False,OPERATIONAL,True,crawled,independent clubmaker Utah,False,Impact Golf Center,"{""Accessibility"": {""Wheelchair accessible entrance"": true, ""Wheelchair accessible parking lot"": true, ""Wheelchair accessible restroom"": true}}",
The Turn GOLF Club,Simulator,Golf Simulator,False,(801) 382-7336,https://theturngolfclub.com/,726 12200 S Suite E,Draper,Utah,UT,84020,40.5284555,-111.8707388,America/Denver,5.0,Top Rated,0,24,True,True,"https://www.google.com/maps/place/The+Turn+Golf+Club/@40.5284555,-111.8707388,14z/data=!4m8!1m2!2m1!1sThe+Turn+Golf+Club!3m4!1s0x875287f5018bd9a1:0x7995cade18f23250!8m2!3d40.5284555!4d-111.8707388",Launch Monitor | Golf Simulator,2,False,Indoor,True,"{""Wednesday"": [""Open 24 hours""]}",False,OPERATIONAL,True,crawled,custom club fitting Utah,False,The Turn Golf Club,"{""Accessibility"": {""Wheelchair accessible entrance"": true, ""Wheelchair accessible parking lot"": true, ""Wheelchair accessible restroom"": true}}",
Innovative GOLF Schools,Retailer,Golf Instruction,False,(801) 783-0081,https://www.innovativegolfschools.com/,3185 N N Hls Dr,Layton,Utah,UT,84041,41.1125436,-111.9418159,America/Denver,4.5,Highly Rated,0,4,True,True,"https://www.google.com/maps/place/Innovative+Golf+Schools/@41.112543599999995,-111.9418159,14z/data=!4m8!1m2!2m1!1sInnovative+Golf+Schools!3m4!1s0x8753075c036fe0a5:0x4f2d110d4f5d6c17!8m2!3d41.112543599999995!4d-111.9418159",Golf Lessons | Launch Monitor | Retail / Pro Shop,3,False,Indoor,True,"{""Wednesday"": [""7AM-7PM""]}",False,OPERATIONAL,True,crawled,custom club fitting Utah,False,Innovative Golf Schools,"{""Accessibility"": {""Wheelchair accessible entrance"": true, ""Wheelchair accessible parking lot"": true, ""Wheelchair accessible restroom"": true}}",
Mclam GOLF Academy,Clubfitter,Club Fitting,False,(801) 230-9279,https://mclamgolf.com/,730 S Sleepy Ridge Dr,Orem,Utah,UT,84058,40.2838871,-111.7443192,America/Denver,5.0,Top Rated,0,13,True,True,"https://www.google.com/maps/place/McLam+Golf+Academy/@40.2838871,-111.74431919999999,14z/data=!4m8!1m2!2m1!1sMcLam+Golf+Academy!3m4!1s0x874d9bc3ed4470f5:0x7ff808b1b678eaff!8m2!3d40.2838871!4d-111.74431919999999",Club Fitting | Golf Lessons | Retail / Pro Shop,3,True,Indoor,True,"{""Wednesday"": [""11AM-4PM""]}",False,OPERATIONAL,True,crawled,independent clubmaker Utah,False,McLam Golf Academy,"{""Accessibility"": {""Wheelchair accessible entrance"": true, ""Wheelchair accessible parking lot"": true}}",
Uinta GOLF,Clubfitter,Club Fitting,False,(801) 221-7494,https://stores.worldwidegolfshops.com/ut/orem/uinta-golf-orm.html,1666 S State St,Orem,Utah,UT,84097,40.2667128,-111.6826183,America/Denver,4.5,Highly Rated,0,69,True,True,"https://www.google.com/maps/place/Uinta+Golf/@40.2667128,-111.6826183,14z/data=!4m8!1m2!2m1!1sUinta+Golf!3m4!1s0x874d9a63c1115fbb:0x584a091b5d379130!8m2!3d40.2667128!4d-111.6826183",Club Fitting | Club Repair | Custom Club Building | Launch Monitor | Retail / Pro Shop | Shaft & Grip Sales,6,True,Indoor,True,"{""Wednesday"": [""10AM-6PM""]}",False,OPERATIONAL,True,crawled,independent clubmaker Utah,False,Uinta Golf,"{""Accessibility"": {""Wheelchair accessible entrance"": true, ""Wheelchair accessible parking lot"": true}}",
Utah Ski & GOLF,Retailer,Golf Retail,False,(435) 649-3020,https://www.utahskigolf.com/,698 Park Ave,Park City,Utah,UT,84060,40.646647,-111.4982225,America/Denver,4.7,Top Rated,0,11,True,True,"https://www.google.com/maps/place/Utah+Ski+%26+Golf/@40.646647,-111.4982225,14z/data=!4m8!1m2!2m1!1sUtah+Ski+%26+Golf!3m4!1s0x875272a2adf7f8cb:0xcb66f1803116d74a!8m2!3d40.646647!4d-111.4982225",Club Rentals | Retail / Pro Shop,2,False,Indoor,True,"{""Wednesday"": [""8AM-6PM""]}",False,OPERATIONAL,True,crawled,custom club fitting Utah,False,Utah Ski & Golf,"{""Accessibility"": {""Wheelchair accessible parking lot"": true}}",
Beehive GOLF Club,Simulator,Golf Simulator,False,(385) 269-2912,https://beehivegolfclub.com/,2086 W Grove Pkwy Suite E,Pleasant Grove,Utah,UT,84062,40.3544809,-111.769098,America/Denver,5.0,Top Rated,0,8,True,True,"https://www.google.com/maps/place/Beehive+Golf+Club/@40.3544809,-111.769098,14z/data=!4m8!1m2!2m1!1sBeehive+Golf+Club!3m4!1s0x874d83b882a26dc3:0x7d78f8cea75e671f!8m2!3d40.3544809!4d-111.769098",,0,False,Indoor,True,"{""Wednesday"": [""Open 24 hours""]}",False,OPERATIONAL,True,crawl_failed,custom club fitting Utah,False,Beehive Golf Club,"{""Accessibility"": {""Wheelchair accessible entrance"": true, ""Wheelchair accessible parking lot"": true}}",failed
Black Diamond GOLF Academy,Clubfitter,Club Fitting,False,(801) 616-0659,https://blackdiamondgolfacademy.com/,1200 Towne Centre Blvd suite 2112,Provo,Utah,UT,84601,40.2169746,-111.6627188,America/Denver,5.0,Top Rated,0,21,True,True,"https://www.google.com/maps/place/Black+Diamond+Golf+Academy/@40.2169746,-111.6627188,14z/data=!4m8!1m2!2m1!1sBlack+Diamond+Golf+Academy!3m4!1s0x874d9b527db51a7b:0x9858c75bb333c7f6!8m2!3d40.2169746!4d-111.6627188",Club Fitting | Club Repair | Golf Lessons | Launch Monitor | Golf Simulator | Retail / Pro Shop,6,True,Indoor,True,"{""Wednesday"": [""10AM-7PM""]}",False,OPERATIONAL,True,crawled,independent clubmaker Utah,False,Black Diamond Golf Academy,"{""Accessibility"": {""Wheelchair accessible entrance"": true, ""Wheelchair accessible parking lot"": true, ""Wheelchair accessible restroom"": true}}",
Walnut GOLF Club - Provo,Simulator,Golf Simulator,False,(801) 477-7872,https://walnutgolfclub.com/,3768 N University Ave,Provo,Utah,UT,84604,40.2838398,-111.6583468,America/Denver,5.0,Top Rated,0,12,True,True,"https://www.google.com/maps/place/Walnut+Golf+Club+-+Provo/@40.283839799999996,-111.65834679999999,14z/data=!4m8!1m2!2m1!1sWalnut+Golf+Club+-+Provo!3m4!1s0x874d913274a04977:0xcd86602b4f1683b6!8m2!3d40.283839799999996!4d-111.65834679999999",Launch Monitor | Golf Simulator,2,False,Indoor,True,"{""Wednesday"": [""Open 24 hours""]}",False,OPERATIONAL,True,crawled,custom club fitting Utah,False,Walnut Golf Club - Provo,"{""Accessibility"": {""Wheelchair accessible entrance"": true, ""Wheelchair accessible parking lot"": true, ""Wheelchair accessible restroom"": true}}",
Uinta GOLF,Clubfitter,Club Fitting,False,(801) 825-4009,https://stores.worldwidegolfshops.com/ut/riverdale/uinta-golf-rdl.html,5360 Freeway Park Dr,Riverdale,Utah,UT,84405,41.1650429,-112.0206396,America/Denver,4.2,Well Reviewed,0,23,True,True,"https://www.google.com/maps/place/Uinta+Golf/@41.165042899999996,-112.0206396,14z/data=!4m8!1m2!2m1!1sUinta+Golf!3m4!1s0x875305611c51c7f7:0x1f6cd5fe2df8263a!8m2!3d41.165042899999996!4d-112.0206396",Club Fitting | Club Repair | Custom Club Building | Golf Lessons | Launch Monitor | Golf Simulator | Retail / Pro Shop | Shaft & Grip Sales,8,True,Indoor,True,"{""Wednesday"": [""10AM-6PM""]}",False,OPERATIONAL,True,crawled,independent clubmaker Utah,False,Uinta Golf,"{""Accessibility"": {""Wheelchair accessible entrance"": true, ""Wheelchair accessible parking lot"": true}}",
Asher GOLF Retail Store,Retailer,Golf Retail,False,,https://www.ashergolf.com/,4488 Teal Rdg Wy Suite H-130,Riverton,Utah,UT,84065,40.5109185,-111.9978362,America/Denver,4.2,Well Reviewed,0,13,True,True,"https://www.google.com/maps/place/ASHER+Golf+Retail+Store/@40.510918499999995,-111.9978362,14z/data=!4m8!1m2!2m1!1sASHER+Golf+Retail+Store!3m4!1s0x8752f5528379d7bd:0x9a460df052029b93!8m2!3d40.510918499999995!4d-111.9978362",Retail / Pro Shop,1,False,Indoor,True,"{""Wednesday"": [""10AM-9PM""]}",False,OPERATIONAL,True,crawl_failed,boutique golf shop Utah,False,ASHER Golf Retail Store,"{""Accessibility"": {""Wheelchair accessible entrance"": true, ""Wheelchair accessible parking lot"": true}}",enriched
Lighten GOLF Club,Simulator,Club Fitting,False,(385) 503-5065,https://lightengolfclub.com/,12523 Pasture Rd,Riverton,Utah,UT,84096,40.523773,-111.9857336,America/Denver,4.9,Top Rated,0,20,True,True,"https://www.google.com/maps/place/Lighten+Golf+Club/@40.523773,-111.98573359999999,14z/data=!4m8!1m2!2m1!1sLighten+Golf+Club!3m4!1s0x875285ab8bc63c29:0x2adad480dbe349fa!8m2!3d40.523773!4d-111.98573359999999",Club Fitting | Golf Simulator,2,True,Indoor,True,"{""Wednesday"": [""Open 24 hours""]}",False,OPERATIONAL,True,crawled,custom club fitting Utah,False,Lighten Golf Club,"{""Accessibility"": {""Wheelchair accessible entrance"": true, ""Wheelchair accessible parking lot"": true, ""Wheelchair accessible restroom"": true}}",
Apexgolf Instruction,Simulator,Club Fitting,False,(801) 906-0489,https://www.apexgolfinstruction.com/salt-lake-city,1140 Brickyard Rd #22,Salt Lake City,Utah,UT,84106,40.7024417,-111.8591063,America/Denver,5.0,Top Rated,0,15,True,True,"https://www.google.com/maps/place/APEXGOLF+Instruction/@40.7024417,-111.8591063,14z/data=!4m8!1m2!2m1!1sAPEXGOLF+Instruction!3m4!1s0x87528bb49341bca7:0x75e21ce0f2278ce9!8m2!3d40.7024417!4d-111.8591063",Club Fitting | Custom Club Building | Golf Lessons,3,True,Indoor,True,"{""Wednesday"": [""8AM-8PM""]}",False,OPERATIONAL,True,crawled,independent clubmaker Utah,False,APEXGOLF Instruction,"{""Accessibility"": {""Wheelchair accessible entrance"": true, ""Wheelchair accessible parking lot"": true, ""Wheelchair accessible restroom"": true}}",
Fizgolf,Retailer,Golf Retail,False,,https://www.fizgolf.com/,,Salt Lake City,Utah,UT,84102,40.7664486,-111.8746481,America/Denver,1.0,Standard,0,1,True,False,"https://www.google.com/maps/place/FIZGOLF/@40.7664486,-111.8746481,14z/data=!4m8!1m2!2m1!1sFIZGOLF!3m4!1s0x8752f571f85fcd39:0xe8eb1c810d05099f!8m2!3d40.7664486!4d-111.8746481",,0,False,Indoor,True,"{""Wednesday"": [""10AM-6PM""]}",False,OPERATIONAL,True,crawl_failed,boutique golf shop Utah,False,FIZGOLF,"{""Accessibility"": {""Wheelchair accessible parking lot"": true}}",unknown
GOLF & Fitness Utah,Simulator,Golf Simulator,False,(801) 410-0152,https://www.theranchesgolfclub.com/,435 W 400 S #103,Salt Lake City,Utah,UT,84101,40.7602897,-111.9038555,America/Denver,5.0,Top Rated,0,3,True,True,"https://www.google.com/maps/place/Golf+%26+Fitness+Utah/@40.7602897,-111.90385549999999,14z/data=!4m8!1m2!2m1!1sGolf+%26+Fitness+Utah!3m4!1s0x87530332029eab71:0x53e95b68b4eabae7!8m2!3d40.7602897!4d-111.90385549999999",Golf Lessons | Golf Simulator | Retail / Pro Shop,3,False,Indoor,True,"{""Wednesday"": [""8AM-5PM""]}",False,OPERATIONAL,True,crawled,custom club fitting Utah,False,Golf & Fitness Utah,"{""Accessibility"": {""Wheelchair accessible entrance"": true, ""Wheelchair accessible parking lot"": true}}",
Jordan Gibbs GOLF,Instruction,Launch Monitor Analysis,False,,https://www.jordangibbsgolf.com/,1790 S 1100 E,Salt Lake City,Utah,UT,84108,40.7313574,-111.8598711,America/Denver,0.0,Unrated,0,5,True,True,"https://www.google.com/maps/place/Jordan+Gibbs+Golf/@40.7313574,-111.85987109999999,14z/data=!4m8!1m2!2m1!1sJordan+Gibbs+Golf!3m4!1s0x875261d42c95b8cd:0xb07188ef60283282!8m2!3d40.7313574!4d-111.85987109999999",Launch Monitor,1,False,Unknown,True,"{""Wednesday"": [""8AM-6PM""]}",False,OPERATIONAL,True,crawled,custom club fitting Utah,False,Jordan Gibbs Golf,"{""Accessibility"": {""Wheelchair accessible entrance"": true, ""Wheelchair accessible parking lot"": true}}",
Uinta GOLF,Clubfitter,Club Fitting,False,(801) 487-8233,https://stores.worldwidegolfshops.com/ut/saltlakecity/uinta-golf-slc.html,560 E 2100 S,Salt Lake City,Utah,UT,84106,40.7251458,-111.8747757,America/Denver,4.4,Highly Rated,0,35,True,True,"https://www.google.com/maps/place/Uinta+Golf/@40.7251458,-111.8747757,14z/data=!4m8!1m2!2m1!1sUinta+Golf!3m4!1s0x87528ab9874ac1b3:0xce3acc474cc2e437!8m2!3d40.7251458!4d-111.8747757",Club Fitting | Club Repair | Custom Club Building | Launch Monitor | Retail / Pro Shop | Shaft & Grip Sales,6,True,Indoor,True,"{""Wednesday"": [""10AM-6PM""]}",False,OPERATIONAL,True,crawled,independent clubmaker Utah,False,Uinta Golf,"{""Accessibility"": {""Wheelchair accessible entrance"": true, ""Wheelchair accessible parking lot"": true}}",
Asher GOLF,Retailer,Golf Retail,False,,https://ashergolf.com/,9180 S 500 W Suite A,Sandy,Utah,UT,84070,40.5847887,-111.9061722,America/Denver,4.7,Top Rated,0,7,True,True,"https://www.google.com/maps/place/Asher+Golf/@40.5847887,-111.9061722,14z/data=!4m8!1m2!2m1!1sAsher+Golf!3m4!1s0x8752f51b51f542df:0x3d549ed9dff12d6f!8m2!3d40.5847887!4d-111.9061722",Retail / Pro Shop,1,False,Indoor,True,,False,OPERATIONAL,True,crawled,custom club fitting Utah,False,Asher Golf,"{""Accessibility"": {""Wheelchair accessible entrance"": true, ""Wheelchair accessible parking lot"": true}}",
Uinta GOLF,Clubfitter,Club Fitting,False,(801) 571-5770,https://stores.worldwidegolfshops.com/ut/sandy/uinta-golf-sdy.html,10855 S State St,Sandy,Utah,UT,84070,40.5542484,-111.8898575,America/Denver,4.4,Highly Rated,0,90,True,True,"https://www.google.com/maps/place/Uinta+Golf/@40.5542484,-111.88985749999999,14z/data=!4m8!1m2!2m1!1sUinta+Golf!3m4!1s0x875287ba32171681:0xf92eaceb93442334!8m2!3d40.5542484!4d-111.88985749999999",Club Fitting | Club Repair | Custom Club Building | Launch Monitor | Golf Simulator | Retail / Pro Shop | Shaft & Grip Sales,7,True,Indoor,True,"{""Wednesday"": [""10AM-7PM""]}",False,OPERATIONAL,True,crawled,independent clubmaker Utah,False,Uinta Golf,"{""Accessibility"": {""Wheelchair accessible entrance"": true, ""Wheelchair accessible parking lot"": true}}",
The GOLF Forge - South Jordan,Simulator,Golf Simulator,False,(801) 781-5975,https://www.thegolfforge.com/,10709 S Redwood Rd #201,South Jordan,Utah,UT,84095,40.5565243,-111.9382295,America/Denver,5.0,Top Rated,0,8,True,True,"https://www.google.com/maps/place/The+Golf+Forge+-+South+Jordan/@40.5565243,-111.93822949999999,14z/data=!4m8!1m2!2m1!1sThe+Golf+Forge+-+South+Jordan!3m4!1s0x875287ce58c8b3d5:0x8869df4fd762194e!8m2!3d40.5565243!4d-111.93822949999999",Golf Lessons | Launch Monitor | Golf Simulator,3,False,Indoor,True,"{""Wednesday"": [""Open 24 hours""]}",False,OPERATIONAL,True,crawled,custom club fitting Utah,False,The Golf Forge - South Jordan,"{""Accessibility"": {""Wheelchair accessible entrance"": true, ""Wheelchair accessible parking lot"": true, ""Wheelchair accessible restroom"": true}}",
GOLF Lab,Simulator,Golf Simulator,False,(801) 746-1291,https://www.golflab.net/,580 3300 S,South Salt Lake,Utah,UT,84119,40.7009543,-111.9075137,America/Denver,5.0,Top Rated,0,3,True,True,"https://www.google.com/maps/place/Golf+Lab/@40.7009543,-111.9075137,14z/data=!4m8!1m2!2m1!1sGolf+Lab!3m4!1s0x8752f5233f503a1f:0xea34edb27ede8759!8m2!3d40.7009543!4d-111.9075137",Golf Lessons | Golf Simulator | Retail / Pro Shop | Shaft & Grip Sales,4,False,Indoor,True,,False,OPERATIONAL,True,crawled,independent clubmaker Utah,False,Golf Lab,"{""Accessibility"": {""Wheelchair accessible entrance"": true, ""Wheelchair accessible parking lot"": true, ""Wheelchair accessible restroom"": true}}",
Salt Lake GOLF Academy,Clubfitter,Club Fitting,False,(385) 323-1700,https://saltlakegolfacademy.com/,600 W 3300 S,South Salt Lake,Utah,UT,84119,40.700945,-111.9081382,America/Denver,5.0,Top Rated,0,2,True,True,"https://www.google.com/maps/place/Salt+Lake+Golf+Academy/@40.700945,-111.9081382,14z/data=!4m8!1m2!2m1!1sSalt+Lake+Golf+Academy!3m4!1s0x87528b5d70c6e5f9:0xb94e2866bd1352be!8m2!3d40.700945!4d-111.9081382",Club Fitting | Golf Lessons | Launch Monitor | Retail / Pro Shop,4,True,Indoor,True,,False,OPERATIONAL,True,crawled,custom club fitting Utah,False,Salt Lake Golf Academy,"{""Accessibility"": {""Wheelchair accessible entrance"": true, ""Wheelchair accessible parking lot"": true, ""Wheelchair accessible restroom"": true}}",
Tee Box Spanish Fork,Simulator,Club Fitting,False,(801) 784-0087,https://tbx.golf/spanish-fork,928 E 1950 N Suite 106,Spanish Fork,Utah,UT,84660,40.1341821,-111.6383689,America/Denver,5.0,Top Rated,0,2,True,True,"https://www.google.com/maps/place/Tee+Box+Spanish+Fork/@40.1341821,-111.63836889999999,14z/data=!4m8!1m2!2m1!1sTee+Box+Spanish+Fork!3m4!1s0x874dbd6cd6379f15:0x4bac2a409dc8fdb6!8m2!3d40.1341821!4d-111.63836889999999",Club Fitting | Golf Lessons | Launch Monitor | Golf Simulator | Retail / Pro Shop,5,True,Indoor,True,"{""Wednesday"": [""Open 24 hours""]}",False,OPERATIONAL,True,crawled,custom club fitting Utah,False,Tee Box Spanish Fork,"{""Accessibility"": {""Wheelchair accessible entrance"": true, ""Wheelchair accessible parking lot"": true, ""Wheelchair accessible restroom"": true}}",
Tee Box St. George,Simulator,Club Fitting,False,(385) 256-1316,https://tbx.golf/st-george,476 E Riverside Dr b7,St. George,Utah,UT,84790,37.0854005,-113.5727803,America/Denver,4.8,Top Rated,0,23,True,True,"https://www.google.com/maps/place/Tee+Box+St.+George/@37.0854005,-113.57278029999999,14z/data=!4m8!1m2!2m1!1sTee+Box+St.+George!3m4!1s0x80ca45415af32c8b:0x804842e9c204b5ba!8m2!3d37.0854005!4d-113.57278029999999",Club Fitting | Golf Lessons | Launch Monitor | Golf Simulator | Retail / Pro Shop | Shaft & Grip Sales,6,True,Indoor,True,"{""Wednesday"": [""Open 24 hours""]}",False,OPERATIONAL,True,crawled,custom club fitting Utah,False,Tee Box St. George,"{""Accessibility"": {""Wheelchair accessible entrance"": true, ""Wheelchair accessible parking lot"": true, ""Wheelchair accessible restroom"": true}}",
Uinta GOLF,Clubfitter,Club Fitting,False,(435) 256-6496,https://stores.worldwidegolfshops.com/ut/stgeorge/uinta-golf-stg.html,2376 Red Cliffs Dr #308,St. George,Utah,UT,84790,37.1218994,-113.5346847,America/Denver,4.7,Top Rated,0,35,True,True,"https://www.google.com/maps/place/Uinta+Golf/@37.1218994,-113.5346847,14z/data=!4m8!1m2!2m1!1sUinta+Golf!3m4!1s0x80ca5b0e611329c1:0x92026aee2147e549!8m2!3d37.1218994!4d-113.5346847",Club Fitting | Club Repair | Custom Club Building | Golf Simulator | Retail / Pro Shop | Shaft & Grip Sales,6,True,Indoor,True,"{""Wednesday"": [""9AM-7PM""]}",False,OPERATIONAL,True,crawled,independent clubmaker Utah,False,Uinta Golf,"{""Accessibility"": {""Wheelchair accessible entrance"": true, ""Wheelchair accessible parking lot"": true}}",
"Tag Golf, LLC",Retailer,Golf Retail,False,(703) 615-5416,https://www.tagconsultinggroupllc.com/,950 N Washington St,Alexandria,Virginia,VA,22314,38.8151457,-77.0451575,America/New_York,4.7,Top Rated,0,6,True,True,"https://www.google.com/maps/place/TAG+Golf%2C+LLC/@38.815145699999995,-77.0451575,14z/data=!4m8!1m2!2m1!1sTAG+Golf%2C+LLC!3m4!1s0x89b7b193d468c19f:0x7e5f826b67ebc064!8m2!3d38.815145699999995!4d-77.0451575",Retail / Pro Shop,1,False,Indoor,True,"{""Wednesday"": [""9AM-7PM""]}",False,OPERATIONAL,True,crawled,independent clubmaker Virginia,False,"TAG Golf, LLC","{""Accessibility"": {""Wheelchair accessible parking lot"": true}}",
Golfpark,Simulator,Club Fitting,False,(703) 712-7618,https://www.golfparkva.com/,7630 Little River Turnpike STE 150,Annandale,Virginia,VA,22003,38.8339823,-77.2087231,America/New_York,4.6,Highly Rated,0,8,True,True,"https://www.google.com/maps/place/GolfPark/@38.833982299999995,-77.2087231,14z/data=!4m8!1m2!2m1!1sGolfPark!3m4!1s0x89b64d000126a1fd:0xa724338ed5d43bef!8m2!3d38.833982299999995!4d-77.2087231",Club Fitting | Golf Lessons | Golf Simulator | Shaft & Grip Sales,4,True,Indoor,True,"{""Wednesday"": [""10AM-10PM""]}",False,OPERATIONAL,True,crawled,custom club fitting Virginia,False,GolfPark,"{""Accessibility"": {""Wheelchair accessible entrance"": true, ""Wheelchair accessible parking lot"": true, ""Wheelchair accessible restroom"": true}}",
Fincastle GOLF Academy,Instruction,Golf Instruction,False,(304) 972-2739,https://www.facebook.com/profile.php?id=100078312873173,1021 Fincastle Farms Rd,Bluefield,Virginia,VA,24605,37.2222614,-81.2954305,America/New_York,4.9,Top Rated,0,10,True,True,"https://www.google.com/maps/place/Fincastle+Golf+Academy/@37.2222614,-81.2954305,14z/data=!4m8!1m2!2m1!1sFincastle+Golf+Academy!3m4!1s0x884e3b4325e802c9:0x815471268b038dc8!8m2!3d37.2222614!4d-81.2954305",Club Fitting | Golf Lessons | Launch Monitor,3,False,Unknown,True,"{""Wednesday"": [""Open 24 hours""]}",False,OPERATIONAL,True,crawl_failed,independent clubmaker Virginia,False,Fincastle Golf Academy,"{""Accessibility"": {""Wheelchair accessible entrance"": true, ""Wheelchair accessible parking lot"": true}}",enriched
Hat Creek GOLF Course,Driving Range,Club Fitting,False,(434) 272-5830,https://www.hatcreekgolf.com/,437 Golf Course Rd,Brookneal,Virginia,VA,24528,37.1036186,-78.9374313,America/New_York,4.9,Top Rated,0,88,True,True,"https://www.google.com/maps/place/Hat+Creek+Golf+Course/@37.1036186,-78.9374313,14z/data=!4m8!1m2!2m1!1sHat+Creek+Golf+Course!3m4!1s0x89b294a38cbc567d:0xbae9b9e580f391f8!8m2!3d37.1036186!4d-78.9374313",Club Fitting | Golf Lessons | Launch Monitor | Retail / Pro Shop,4,True,Outdoor,True,"{""Wednesday"": [""7:30AM-7PM""]}",False,OPERATIONAL,True,crawled,custom club fitting Virginia,False,Hat Creek Golf Course,"{""Accessibility"": {""Wheelchair accessible entrance"": true, ""Wheelchair accessible parking lot"": true}}",
Hot GOLF Equipment And Supplies,Retailer,Golf Retail,False,(703) 250-4489,https://hotgolfequipmentandsupplies.com/,10137 Marshall Pond Rd,Burke,Virginia,VA,22015,38.7827776,-77.2968585,America/New_York,0.0,Unrated,0,77,True,True,"https://www.google.com/maps/place/Hot+Golf+Equipment+and+Supplies/@38.782777599999996,-77.2968585,14z/data=!4m8!1m2!2m1!1sHot+Golf+Equipment+and+Supplies!3m4!1s0x89b65146360ff0b1:0x6d3076a966afd7dc!8m2!3d38.782777599999996!4d-77.2968585",,0,False,Indoor,True,"{""Wednesday"": [""Open 24 hours""]}",False,OPERATIONAL,True,crawl_failed,boutique golf shop Virginia,False,Hot Golf Equipment and Supplies,"{""Accessibility"": {""Wheelchair accessible parking lot"": true, ""Wheelchair accessible restroom"": false, ""Wheelchair accessible seating"": false}, ""Other"": {""LGBTQ+ friendly"": true}}",failed
Sw GOLF Academy,Instruction,Golf Instruction,False,(844) 224-7343,https://www.theswgolfacademy.com/location/,4270 Henninger Ct Unit C,Chantilly,Virginia,VA,20151,38.8857406,-77.4345292,America/New_York,5.0,Top Rated,0,8,True,True,"https://www.google.com/maps/place/SW+Golf+Academy/@38.8857406,-77.4345292,14z/data=!4m8!1m2!2m1!1sSW+Golf+Academy!3m4!1s0x89b63ff4ac5feb13:0x68bbaf9b0b8ceb37!8m2!3d38.8857406!4d-77.4345292",Golf Lessons | Launch Monitor,2,False,Unknown,True,"{""Wednesday"": [""10AM-7PM""]}",False,OPERATIONAL,True,crawled,custom club fitting Virginia,False,SW Golf Academy,"{""Accessibility"": {""Wheelchair accessible entrance"": true, ""Wheelchair accessible parking lot"": true, ""Wheelchair accessible restroom"": true}}",
The GOLF Lab,Simulator,Golf Instruction,False,(571) 469-8077,https://www.thegolflabva.com/,14240 Sullyfield Cir suite j,Chantilly,Virginia,VA,20151,38.8893217,-77.4371578,America/New_York,4.7,Top Rated,0,157,True,True,"https://www.google.com/maps/place/The+Golf+Lab/@38.889321699999996,-77.4371578,14z/data=!4m8!1m2!2m1!1sThe+Golf+Lab!3m4!1s0x89b6469d64f52971:0x1d4e2d063bea7beb!8m2!3d38.889321699999996!4d-77.4371578",Club Repair | Golf Lessons | Retail / Pro Shop,3,False,Indoor,True,"{""Wednesday"": [""10AM-7PM""]}",False,OPERATIONAL,True,crawled,independent clubmaker Virginia,False,The Golf Lab,"{""Accessibility"": {""Wheelchair accessible entrance"": true, ""Wheelchair accessible parking lot"": true}}",
Dick's House Of Sport,Retailer,Golf Retail,False,(434) 270-7117,https://stores.dickssportinggoods.com/va/charlottesville/1665/?seo=localpack,120 Wegmans Wy Suite 200,Charlottesville,Virginia,VA,22902,38.0089129,-78.4980135,America/New_York,3.9,Well Reviewed,0,126,True,True,"https://www.google.com/maps/place/DICK%27S+House+of+Sport/@38.0089129,-78.4980135,14z/data=!4m8!1m2!2m1!1sDICK%27S+House+of+Sport!3m4!1s0x89b3867354430851:0xcff420c0a8628014!8m2!3d38.0089129!4d-78.4980135",Club Fitting | Club Repair | Golf Lessons | Golf Simulator | Launch Monitor | Retail / Pro Shop | Shaft & Grip Sales,7,False,Indoor,True,"{""Wednesday"": [""9AM-9PM""]}",False,OPERATIONAL,True,crawl_failed,boutique golf shop Virginia,False,DICK'S House of Sport,"{""Accessibility"": {""Wheelchair accessible entrance"": true, ""Wheelchair accessible parking lot"": true}}",enriched
"Fore 3 Fore GOLF Shop, LLC",Retailer,Club Repair,False,(757) 897-9429,https://www.fore3foregolf.com/,1950 Asheville Dr,Charlottesville,Virginia,VA,22911,38.0325764,-78.4421121,America/New_York,5.0,Top Rated,0,5,True,True,"https://www.google.com/maps/place/Fore+3+Fore+Golf+Shop%2C+LLC/@38.032576399999996,-78.4421121,14z/data=!4m8!1m2!2m1!1sFore+3+Fore+Golf+Shop%2C+LLC!3m4!1s0x89b389a0549e2887:0x11f1801c55de8d7b!8m2!3d38.032576399999996!4d-78.4421121",Club Repair | Retail / Pro Shop | Shaft & Grip Sales,3,False,Indoor,True,"{""Wednesday"": [""9AM-5PM""]}",False,OPERATIONAL,True,crawled,independent clubmaker Virginia,False,"Fore 3 Fore Golf Shop, LLC","{""Accessibility"": {""Wheelchair accessible parking lot"": true}}",
Get Loose GOLF Club,Simulator,Golf Simulator,False,(757) 206-2836,https://www.getloosegolf.com/,3903 Indian River Rd,Chesapeake,Virginia,VA,23325,36.8220625,-76.2322137,America/New_York,5.0,Top Rated,0,18,True,True,"https://www.google.com/maps/place/Get+Loose+Golf+Club/@36.8220625,-76.2322137,14z/data=!4m8!1m2!2m1!1sGet+Loose+Golf+Club!3m4!1s0x89babdf610330471:0xab838fe504849856!8m2!3d36.8220625!4d-76.2322137",Golf Simulator,1,False,Indoor,True,"{""Wednesday"": [""Closed""]}",False,OPERATIONAL,True,crawled,custom club fitting Virginia,False,Get Loose Golf Club,"{""Accessibility"": {""Wheelchair accessible entrance"": true, ""Wheelchair accessible parking lot"": true, ""Wheelchair accessible restroom"": true}, ""Other"": {""LGBTQ+ friendly"": true}}",
Todd Mcdaniel GOLF,Simulator,Golf Simulator,False,(757) 268-4915,https://www.toddmcdanielgolf.com/,315 Great Bridge Blvd D,Chesapeake,Virginia,VA,23320,36.7380682,-76.2480234,America/New_York,5.0,Top Rated,0,24,True,True,"https://www.google.com/maps/place/Todd+McDaniel+Golf/@36.7380682,-76.2480234,14z/data=!4m8!1m2!2m1!1sTodd+McDaniel+Golf!3m4!1s0x89babd520cfc46d1:0x6c9024a58e08376!8m2!3d36.7380682!4d-76.2480234",Launch Monitor | Golf Simulator | Retail / Pro Shop,3,False,Indoor,True,,False,OPERATIONAL,True,crawled,independent clubmaker Virginia,False,Todd McDaniel Golf,"{""Accessibility"": {""Wheelchair accessible entrance"": true, ""Wheelchair accessible parking lot"": true, ""Wheelchair accessible restroom"": true}}",
GOLF Fitting Studios,Clubfitter,Club Fitting,False,(703) 988-0187,https://golffittingstudios.com/?keyword,13940 Balmoral Greens Ave,Clifton,Virginia,VA,20124,38.7946834,-77.4252534,America/New_York,4.7,Top Rated,0,0,False,True,"https://www.google.com/maps/place/Golf+Fitting+Studios/@38.7946834,-77.4252534,14z/data=!4m8!1m2!2m1!1sGolf+Fitting+Studios!3m4!1s0x89b65b280638c3c7:0x19443ed9542508e0!8m2!3d38.7946834!4d-77.4252534",Club Fitting | Retail / Pro Shop | Shaft & Grip Sales,3,True,Indoor,True,"{""Wednesday"": [""10AM-5PM""]}",False,OPERATIONAL,True,crawled,independent clubmaker Virginia,False,Golf Fitting Studios,"{""Accessibility"": {""Wheelchair accessible entrance"": true, ""Wheelchair accessible parking lot"": true, ""Wheelchair accessible restroom"": true, ""Wheelchair accessible seating"": true, ""Assistive hearing loop"": false}}",
Raspberry GOLF Academy,Clubfitter,Club Fitting,False,(703) 830-2400,https://www.raspberrygolfacademy.com/,5801 Clifton Rd,Clifton,Virginia,VA,20124,38.8281789,-77.400735,America/New_York,4.5,Highly Rated,0,4,True,True,"https://www.google.com/maps/place/Raspberry+Golf+Academy/@38.8281789,-77.400735,14z/data=!4m8!1m2!2m1!1sRaspberry+Golf+Academy!3m4!1s0x89b6458af02f9633:0x28ef09b09f7f6692!8m2!3d38.8281789!4d-77.400735",Club Fitting | Golf Lessons | Launch Monitor | Retail / Pro Shop | Shaft & Grip Sales,5,True,Indoor,True,"{""Wednesday"": [""Open 24 hours""]}",False,OPERATIONAL,True,crawled,custom club fitting Virginia,False,Raspberry Golf Academy,"{""Accessibility"": {""Wheelchair accessible entrance"": true, ""Wheelchair accessible parking lot"": true}}",
Westfields GOLF Club,Golf Course / Pro Shop,Club Fitting,False,(703) 631-3300,https://www.westfieldsgolf.com/,13940 Balmoral Greens Ave,Clifton,Virginia,VA,20124,38.7953439,-77.4248958,America/New_York,4.5,Highly Rated,0,330,True,False,"https://www.google.com/maps/place/Westfields+Golf+Club/@38.7953439,-77.4248958,14z/data=!4m8!1m2!2m1!1sWestfields+Golf+Club!3m4!1s0x89b65ad7f52dc99b:0xb7069c9366df6f93!8m2!3d38.7953439!4d-77.4248958",Club Fitting | Golf Lessons,2,True,Outdoor,True,"{""Wednesday"": [""7AM-5PM""]}",False,OPERATIONAL,True,crawled,custom club fitting Virginia,False,Westfields Golf Club,"{""Accessibility"": {""Wheelchair accessible entrance"": true, ""Wheelchair accessible parking lot"": true, ""Wheelchair accessible restroom"": true}}",
Ray Ray's GOLF,Retailer,Club Repair,False,(434) 792-1116,https://www.rayraysgolfshop.com/,135 Crown Dr,Danville,Virginia,VA,24540,36.595358,-79.42665,America/New_York,5.0,Top Rated,0,11,True,True,"https://www.google.com/maps/place/Ray+Ray%27s+Golf/@36.595358,-79.42665,14z/data=!4m8!1m2!2m1!1sRay+Ray%27s+Golf!3m4!1s0x8852b375ece3583d:0xcf56b3a029cc7c27!8m2!3d36.595358!4d-79.42665",Club Repair | Retail / Pro Shop,2,False,Indoor,True,"{""Wednesday"": [""10AM-1PM""]}",False,OPERATIONAL,True,crawled,custom club fitting Virginia,False,Ray Ray's Golf,"{""Accessibility"": {""Wheelchair accessible entrance"": true, ""Wheelchair accessible parking lot"": true}}",
1757 GOLF Club,Instruction,Golf Instruction,False,(703) 444-0901,https://www.1757golfclub.com/,45120 Waxpool Rd,Dulles,Virginia,VA,20166,39.0087514,-77.4465749,America/New_York,4.4,Highly Rated,0,755,True,True,"https://www.google.com/maps/place/1757+Golf+Club/@39.0087514,-77.4465749,14z/data=!4m8!1m2!2m1!1s1757+Golf+Club!3m4!1s0x89b638dfd66776fb:0xaf945a59d9a334b4!8m2!3d39.0087514!4d-77.4465749",Golf Lessons,1,False,Unknown,True,"{""Wednesday"": [""7AM-8PM""]}",False,OPERATIONAL,True,crawled,custom club fitting Virginia,False,1757 Golf Club,"{""Accessibility"": {""Wheelchair accessible entrance"": true, ""Wheelchair accessible parking lot"": true, ""Wheelchair accessible restroom"": true}}",
Merrifield GOLF Store,Simulator,Club Fitting,False,(703) 573-7282,https://merrifieldgolf.com/,8558 Lee Hwy C,Fairfax,Virginia,VA,22031,38.8736583,-77.2418923,America/New_York,4.8,Top Rated,0,24,True,True,"https://www.google.com/maps/place/Merrifield+Golf+Store/@38.873658299999995,-77.2418923,14z/data=!4m8!1m2!2m1!1sMerrifield+Golf+Store!3m4!1s0x89b64b820fe80c71:0x945b7987334a3cb2!8m2!3d38.873658299999995!4d-77.2418923",Club Fitting | Club Repair | Custom Club Building | Retail / Pro Shop | Shaft & Grip Sales,5,True,Indoor,True,"{""Wednesday"": [""10AM-6PM""]}",False,OPERATIONAL,True,crawled,independent clubmaker Virginia,False,Merrifield Golf Store,"{""Accessibility"": {""Wheelchair accessible entrance"": true, ""Wheelchair accessible parking lot"": true}}",
PXG Fairfax,Clubfitter,Club Fitting,False,(703) 349-7941,https://www.pxg.com/pages/golf-stores/pxg-fairfax,9600 Main St,Fairfax,Virginia,VA,22031,38.8427745,-77.2741884,America/New_York,4.8,Top Rated,0,72,True,True,"https://www.google.com/maps/place/PXG+Fairfax/@38.8427745,-77.2741884,14z/data=!4m8!1m2!2m1!1sPXG+Fairfax!3m4!1s0x89b64d9c7de9d90d:0xc8698f59317c95fa!8m2!3d38.8427745!4d-77.2741884",Club Fitting | Launch Monitor | Golf Simulator | Retail / Pro Shop,4,True,Indoor,True,"{""Wednesday"": [""9AM-5PM""]}",False,OPERATIONAL,True,crawled,independent clubmaker Virginia,False,PXG Fairfax,"{""Accessibility"": {""Wheelchair accessible entrance"": true, ""Wheelchair accessible parking lot"": true}}",
Fort Belvoir GOLF Club,Clubfitter,Club Fitting,False,(703) 806-5878,https://belvoir.armymwr.com/programs/golf-club,8450 Beulah St #2920,Fort Belvoir,Virginia,VA,22060,38.7276153,-77.1613922,America/New_York,4.1,Well Reviewed,0,971,True,False,"https://www.google.com/maps/place/Fort+Belvoir+Golf+Club/@38.7276153,-77.1613922,14z/data=!4m8!1m2!2m1!1sFort+Belvoir+Golf+Club!3m4!1s0x89b7ace48993edeb:0x2fa1a0621bb67e16!8m2!3d38.7276153!4d-77.1613922",Club Fitting | Golf Lessons | Club Rentals | Retail / Pro Shop,4,True,Indoor,True,"{""Wednesday"": [""7AM-6PM""]}",False,OPERATIONAL,True,crawled,custom club fitting Virginia,False,Fort Belvoir Golf Club,"{""Accessibility"": {""Wheelchair accessible entrance"": true, ""Wheelchair accessible parking lot"": true}}",
Fredericksburg GOLF Center,Retailer,Golf Retail,False,(540) 372-7888,https://www.fredericksburggolf.com/,2017 Plank Rd # B,Fredericksburg,Virginia,VA,22401,38.296897,-77.4938153,America/New_York,4.8,Top Rated,0,7,True,True,"https://www.google.com/maps/place/Fredericksburg+Golf+Center/@38.296897,-77.4938153,14z/data=!4m8!1m2!2m1!1sFredericksburg+Golf+Center!3m4!1s0x89b6c1bf8a2f80ff:0x2be203c7e3eb751a!8m2!3d38.296897!4d-77.4938153",Retail / Pro Shop,1,False,Indoor,True,"{""Wednesday"": [""10AM-5:30PM""]}",False,OPERATIONAL,True,crawled,independent clubmaker Virginia,False,Fredericksburg Golf Center,"{""Accessibility"": {""Wheelchair accessible entrance"": true, ""Wheelchair accessible parking lot"": true}}",
X-golf,Simulator,Club Fitting,False,(540) 548-9079,https://xgolf-fredericksburg.com/,1 Towne Centre Blvd STE 4500,Fredericksburg,Virginia,VA,22407,38.2901611,-77.510635,America/New_York,4.7,Top Rated,0,31,True,True,"https://www.google.com/maps/place/X-Golf/@38.2901611,-77.510635,14z/data=!4m8!1m2!2m1!1sX-Golf!3m4!1s0x89b6c16bb02bb46f:0x6fa5c927ec2b2d5e!8m2!3d38.2901611!4d-77.510635",Club Fitting | Retail / Pro Shop,2,True,Indoor,True,"{""Wednesday"": [""9AM-10PM""]}",False,OPERATIONAL,True,crawled,custom club fitting Virginia,False,X-Golf,"{""Accessibility"": {""Wheelchair accessible entrance"": true, ""Wheelchair accessible parking lot"": true, ""Wheelchair accessible restroom"": true}}",
Blue Ridge Shadows GOLF Club,Driving Range,Golf Travel,False,(540) 631-9661,https://www.blueridgeshadows.com/,456 Shadows Dr,Front Royal,Virginia,VA,22630,38.9887712,-78.18626909999999,America/New_York,4.4,Highly Rated,0,143,True,True,"https://www.google.com/maps/place/Blue+Ridge+Shadows+Golf+Club/@38.988771199999995,-78.18626909999999,14z/data=!4m8!1m2!2m1!1sBlue+Ridge+Shadows+Golf+Club!3m4!1s0x89b5c3c29f9e13d9:0xe153402c2f367fa7!8m2!3d38.988771199999995!4d-78.18626909999999",Golf Travel | Membership / Club Programs,2,False,Outdoor,True,,False,OPERATIONAL,True,recrawled,custom club fitting Virginia,False,Blue Ridge Shadows Golf Club,"{""Accessibility"": {""Wheelchair accessible entrance"": true, ""Wheelchair accessible parking lot"": true, ""Wheelchair accessible restroom"": true}}",
Mike Mcgetrick GOLF,Retailer,Golf Instruction,False,(303) 947-4926,https://mikemcgetrickgolf.com/,One Turtle Point Dr,Gainesville,Virginia,VA,20155,38.775753,-77.6392247,America/New_York,5.0,Top Rated,0,25,True,True,"https://www.google.com/maps/place/Mike+McGetrick+Golf/@38.775753,-77.6392247,14z/data=!4m8!1m2!2m1!1sMike+McGetrick+Golf!3m4!1s0x8640b1afd7f4e90b:0x7693d7d4b00b560b!8m2!3d38.775753!4d-77.6392247",Golf Lessons | Retail / Pro Shop,2,False,Indoor,True,"{""Wednesday"": [""8AM-6PM""]}",False,OPERATIONAL,True,crawled,independent clubmaker Virginia,False,Mike McGetrick Golf,"{""Accessibility"": {""Wheelchair accessible entrance"": true, ""Wheelchair accessible parking lot"": true, ""Wheelchair accessible restroom"": true}}",
Pmc GOLF Academy,Clubfitter,Club Fitting,False,(781) 354-9163,https://www.pmcgolf.com/,15601 Turtle Point Dr,Gainesville,Virginia,VA,20155,38.7833254,-77.6472141,America/New_York,5.0,Top Rated,0,27,True,True,"https://www.google.com/maps/place/PMC+Golf+Academy/@38.783325399999995,-77.6472141,14z/data=!4m8!1m2!2m1!1sPMC+Golf+Academy!3m4!1s0x89b667d35bb3a0b7:0x116d034f4d65984b!8m2!3d38.783325399999995!4d-77.6472141",Club Fitting | Golf Lessons | Launch Monitor | Retail / Pro Shop,4,True,Indoor,True,,False,OPERATIONAL,True,crawled,custom club fitting Virginia,False,PMC Golf Academy,"{""Accessibility"": {""Wheelchair accessible entrance"": true, ""Wheelchair accessible parking lot"": true, ""Wheelchair accessible restroom"": true}}",
Mulligan's GOLF Center,Driving Range,Shaft & Grip,False,(540) 432-9040,https://www.mulligans-golf.com/,141 Carpenter Ln,Harrisonburg,Virginia,VA,22801,38.3915652,-78.91478579999999,America/New_York,4.7,Top Rated,0,210,True,True,"https://www.google.com/maps/place/Mulligan%27s+Golf+Center/@38.391565199999995,-78.91478579999999,14z/data=!4m8!1m2!2m1!1sMulligan%27s+Golf+Center!3m4!1s0x89b493eef6bde3ad:0xfd0b9aa49b38be8a!8m2!3d38.391565199999995!4d-78.91478579999999",Shaft & Grip Sales,1,False,Outdoor,True,"{""Wednesday"": [""10AM-6PM""]}",False,OPERATIONAL,True,recrawled,custom club fitting Virginia,False,Mulligan's Golf Center,"{""Accessibility"": {""Wheelchair accessible entrance"": true, ""Wheelchair accessible parking lot"": true}}",
Hodson GOLF - Top 100 Club-fitter,Clubfitter,Club Fitting,False,(804) 475-6311,https://www.hodsongolf.com/,8010 Villa Park Dr,Henrico,Virginia,VA,23228,37.6316624,-77.4743883,America/New_York,4.9,Top Rated,0,22,True,True,"https://www.google.com/maps/place/Hodson+Golf+-+Top+100+Club-Fitter/@37.631662399999996,-77.4743883,14z/data=!4m8!1m2!2m1!1sHodson+Golf+-+Top+100+Club-Fitter!3m4!1s0x89b115e3ba03ca95:0x2fefa54ee77578ae!8m2!3d37.631662399999996!4d-77.4743883",Club Fitting | Custom Club Building | Launch Monitor | Retail / Pro Shop | Shaft & Grip Sales,5,True,Indoor,True,,False,OPERATIONAL,True,crawled,independent clubmaker Virginia,False,Hodson Golf - Top 100 Club-Fitter,"{""Accessibility"": {""Wheelchair accessible entrance"": true, ""Wheelchair accessible parking lot"": true}}",
Next Level GOLF,Simulator,Golf Simulator,False,(571) 375-1123,https://www.nextlevelgolfusa.com/,312 Victory Dr,Herndon,Virginia,VA,20170,38.9582815,-77.3785675,America/New_York,5.0,Top Rated,0,7,True,False,"https://www.google.com/maps/place/Next+Level+Golf/@38.9582815,-77.3785675,14z/data=!4m8!1m2!2m1!1sNext+Level+Golf!3m4!1s0x89b647fd8f90bc17:0x74ee2aaa53676e7f!8m2!3d38.9582815!4d-77.3785675",Golf Lessons | Golf Simulator | Retail / Pro Shop,3,False,Indoor,True,,False,OPERATIONAL,True,crawled,independent clubmaker Virginia,False,Next Level Golf,"{""Accessibility"": {""Wheelchair accessible entrance"": true, ""Wheelchair accessible parking lot"": true, ""Wheelchair accessible restroom"": true}}",
Tdgolf Studio,Clubfitter,Club Fitting,False,(703) 498-0690,https://www.tdgolfstudio.com/,271 Sunset Park Dr,Herndon,Virginia,VA,20170,38.9566255,-77.375027,America/New_York,5.0,Top Rated,0,18,True,True,"https://www.google.com/maps/place/TDGOLF+STUDIO/@38.9566255,-77.375027,14z/data=!4m8!1m2!2m1!1sTDGOLF+STUDIO!3m4!1s0x89b649a147861a49:0x429d70657000630!8m2!3d38.9566255!4d-77.375027",Club Fitting | Club Repair | Custom Club Building | Retail / Pro Shop | Shaft & Grip Sales,5,True,Indoor,True,"{""Wednesday"": [""10AM-7PM""]}",False,OPERATIONAL,True,crawled,custom club fitting Virginia,False,TDGOLF STUDIO,"{""Accessibility"": {""Wheelchair accessible parking lot"": true}}",
Eisman GOLF Academy,Retailer,Golf Instruction,False,(571) 206-2164,https://eismangolfacademy.com/,8701 Laurel Crest Dr,Laurel Hill,Virginia,VA,22079,38.7157575,-77.2467228,America/New_York,4.8,Top Rated,0,39,True,True,"https://www.google.com/maps/place/Eisman+Golf+Academy/@38.715757499999995,-77.2467228,14z/data=!4m8!1m2!2m1!1sEisman+Golf+Academy!3m4!1s0x89b645233151841f:0xe1aceca9c82d2eaa!8m2!3d38.715757499999995!4d-77.2467228",Golf Lessons | Retail / Pro Shop,2,False,Indoor,True,"{""Wednesday"": [""9AM-5PM""]}",False,OPERATIONAL,True,crawled,custom club fitting Virginia,False,Eisman Golf Academy,"{""Accessibility"": {""Wheelchair accessible entrance"": true, ""Wheelchair accessible parking lot"": true, ""Wheelchair accessible restroom"": true}}",
GOLF Defined,Retailer,Golf Instruction,False,(703) 268-4653,https://www.golfdefined.com/,8250 Greensboro Dr,Mclean,Virginia,VA,22102,38.9232974,-77.23014069999999,America/New_York,4.7,Top Rated,0,19,True,True,"https://www.google.com/maps/place/Golf+Defined/@38.923297399999996,-77.23014069999999,14z/data=!4m8!1m2!2m1!1sGolf+Defined!3m4!1s0x89b64b33a0a3f425:0x1a88eb958002fd0e!8m2!3d38.923297399999996!4d-77.23014069999999",Club Repair | Golf Lessons | Launch Monitor | Retail / Pro Shop,4,False,Indoor,True,"{""Wednesday"": [""8AM-8PM""]}",False,OPERATIONAL,True,crawled,independent clubmaker Virginia,False,Golf Defined,"{""Accessibility"": {""Wheelchair accessible entrance"": true, ""Wheelchair accessible parking lot"": true, ""Wheelchair accessible restroom"": true}}",
Tee It Up,Simulator,Golf Simulator,False,(804) 893-3520,https://teeituprva.com/,11400 W Huguenot Rd Ste 109a,Midlothian,Virginia,VA,23113,37.5254921,-77.60957789999999,America/New_York,4.5,Highly Rated,0,3,True,False,"https://www.google.com/maps/place/Tee+It+Up/@37.5254921,-77.60957789999999,14z/data=!4m8!1m2!2m1!1sTee+It+Up!3m4!1s0x89b16da810ffffff:0x5612d4df8cd8ef88!8m2!3d37.5254921!4d-77.60957789999999",Launch Monitor | Golf Simulator | Retail / Pro Shop,3,False,Indoor,True,"{""Wednesday"": [""Open 24 hours""]}",False,OPERATIONAL,True,crawled,custom club fitting Virginia,False,Tee It Up,"{""Accessibility"": {""Wheelchair accessible entrance"": true, ""Wheelchair accessible parking lot"": true, ""Wheelchair accessible restroom"": true}}",
X-golf Richmond,Simulator,Golf Simulator,False,(804) 464-1574,https://www.xgolfrichmond.com/,15800 WC Main St,Midlothian,Virginia,VA,23113,37.515868,-77.6921009,America/New_York,4.8,Top Rated,0,63,True,True,"https://www.google.com/maps/place/X-Golf+Richmond/@37.515868,-77.6921009,14z/data=!4m8!1m2!2m1!1sX-Golf+Richmond!3m4!1s0x89b16fae6bb54bfb:0xa9fb356af436fdd4!8m2!3d37.515868!4d-77.6921009",Golf Lessons | Golf Simulator | Retail / Pro Shop,3,False,Indoor,True,"{""Wednesday"": [""10AM-10PM""]}",False,OPERATIONAL,True,crawled,custom club fitting Virginia,False,X-Golf Richmond,"{""Accessibility"": {""Wheelchair accessible entrance"": true, ""Wheelchair accessible parking lot"": true, ""Wheelchair accessible restroom"": true}, ""Other"": {""LGBTQ+ friendly"": true}}",
Operation 36 Hq GOLF Academy - Pete Dye River Course,Instruction,Golf Instruction,False,(845) 674-3285,https://igrowgolf.com/,8400 River Course Dr,Radford,Virginia,VA,24141,37.1570855,-80.5352621,America/New_York,5.0,Top Rated,0,3,True,False,"https://www.google.com/maps/place/Operation+36+HQ+Golf+Academy+-+Pete+Dye+River+Course/@37.1570855,-80.5352621,14z/data=!4m8!1m2!2m1!1sOperation+36+HQ+Golf+Academy+-+Pete+Dye+River+Course!3m4!1s0x884ded55f18d945f:0x8d058f5721c83b58!8m2!3d37.1570855!4d-80.5352621",Golf Lessons | Launch Monitor,2,False,Unknown,True,"{""Wednesday"": [""9AM-7PM""]}",False,OPERATIONAL,True,cached,custom club fitting Virginia,False,Operation 36 HQ Golf Academy - Pete Dye River Course,"{""Accessibility"": {""Wheelchair accessible entrance"": true, ""Wheelchair accessible parking lot"": true}}",
Bad Bunny GOLF Shop,Retailer,Golf Retail,False,(703) 282-4652,https://badbunnygolf.com/,5809 Lakeside Ave Suite G-F,Richmond,Virginia,VA,23228,37.6082773,-77.4675319,America/New_York,5.0,Top Rated,0,4,True,True,"https://www.google.com/maps/place/Bad+Bunny+Golf+Shop/@37.6082773,-77.4675319,14z/data=!4m8!1m2!2m1!1sBad+Bunny+Golf+Shop!3m4!1s0x89b1170677595d7d:0x29b8113b2f70b2e9!8m2!3d37.6082773!4d-77.4675319",Golf Simulator | Retail / Pro Shop | Used Clubs / Trade-In,3,False,Indoor,True,"{""Wednesday"": [""10AM-4PM""]}",False,OPERATIONAL,True,crawl_failed,boutique golf shop Virginia,False,Bad Bunny Golf Shop,"{""Accessibility"": {""Wheelchair accessible parking lot"": true}}",enriched
Bogeys Sports Park,Retailer,Golf Instruction,False,(804) 784-1544,https://bogeyssportspark.com/,1675 Ashland Rd,Richmond,Virginia,VA,23233,37.670953,-77.67339299999999,America/New_York,4.7,Top Rated,0,180,True,True,"https://www.google.com/maps/place/Bogeys+Sports+Park/@37.670953,-77.67339299999999,14z/data=!4m8!1m2!2m1!1sBogeys+Sports+Park!3m4!1s0x89b1420ba51e22cb:0x133da50fe636007a!8m2!3d37.670953!4d-77.67339299999999",Golf Lessons | Retail / Pro Shop,2,False,Indoor,True,"{""Wednesday"": [""10AM-7PM""]}",False,OPERATIONAL,True,crawled,custom club fitting Virginia,False,Bogeys Sports Park,"{""Accessibility"": {""Wheelchair accessible entrance"": true, ""Wheelchair accessible parking lot"": true}}",
Mulligan's GOLF Shop,Golf Course / Pro Shop,Club Fitting,False,(804) 784-6070,https://www.mulligansgolfshopva.com/,1675 Ashland Rd,Richmond,Virginia,VA,23233,37.6705967,-77.6732428,America/New_York,4.8,Top Rated,0,24,True,True,"https://www.google.com/maps/place/Mulligan%27s+Golf+Shop/@37.6705967,-77.6732428,14z/data=!4m8!1m2!2m1!1sMulligan%27s+Golf+Shop!3m4!1s0x89b115487c4f25a7:0x7b8c946d0f401980!8m2!3d37.6705967!4d-77.6732428",Club Fitting | Club Repair | Launch Monitor | Club Rentals | Retail / Pro Shop | Shaft & Grip Sales,6,True,Outdoor,True,"{""Wednesday"": [""10AM-7PM""]}",False,OPERATIONAL,True,crawled,independent clubmaker Virginia,False,Mulligan's Golf Shop,"{""Accessibility"": {""Wheelchair accessible entrance"": true, ""Wheelchair accessible parking lot"": true}}",
Next Round GOLF,Retailer,Golf Retail,False,,https://nextroundgolf.com/,1407 Cummings Dr,Richmond,Virginia,VA,23220,37.56874699999999,-77.4544863,America/New_York,4.5,Highly Rated,0,23,True,True,"https://www.google.com/maps/place/Next+Round+Golf/@37.568746999999995,-77.4544863,14z/data=!4m8!1m2!2m1!1sNext+Round+Golf!3m4!1s0x89b1154341205cad:0x558df1ce9dff77c0!8m2!3d37.568746999999995!4d-77.4544863",Retail / Pro Shop | Used Clubs / Trade-In,2,False,Indoor,True,"{""Wednesday"": [""9AM-5PM""]}",False,OPERATIONAL,True,crawl_failed,boutique golf shop Virginia,False,Next Round Golf,"{""Accessibility"": {""Wheelchair accessible entrance"": true, ""Wheelchair accessible parking lot"": true}}",enriched
Annandale GOLF,Retailer,Golf Retail,False,(703) 321-7575,https://www.annandalegolfstore.com/,5230 Port Royal Rd B,Springfield,Virginia,VA,22151,38.8092561,-77.2222396,America/New_York,4.0,Well Reviewed,0,19,True,True,"https://www.google.com/maps/place/Annandale+Golf/@38.8092561,-77.2222396,14z/data=!4m8!1m2!2m1!1sAnnandale+Golf!3m4!1s0x89b64d168de9488d:0xe24fd94ba4610e26!8m2!3d38.8092561!4d-77.2222396",Club Fitting | Club Repair | Golf Lessons | Retail / Pro Shop | Shaft & Grip Sales,5,False,Indoor,True,"{""Wednesday"": [""9AM-7PM""]}",False,OPERATIONAL,True,crawl_failed,boutique golf shop Virginia,False,Annandale Golf,"{""Accessibility"": {""Wheelchair accessible entrance"": true, ""Wheelchair accessible parking lot"": true}}",enriched
Augustine GOLF Club,Golf Course / Pro Shop,Club Fitting,False,(540) 720-7374,https://www.golfaugustine.com/,76 Monument Dr,Stafford,Virginia,VA,22554,38.4435665,-77.4767945,America/New_York,4.0,Well Reviewed,0,211,True,True,"https://www.google.com/maps/place/Augustine+Golf+Club/@38.443566499999996,-77.4767945,14z/data=!4m8!1m2!2m1!1sAugustine+Golf+Club!3m4!1s0x89b6edd476441ac5:0x37ee75a794680d6b!8m2!3d38.443566499999996!4d-77.4767945",Club Fitting | Golf Lessons,2,True,Outdoor,True,,False,OPERATIONAL,True,crawled,custom club fitting Virginia,False,Augustine Golf Club,"{""Accessibility"": {""Wheelchair accessible entrance"": true, ""Wheelchair accessible parking lot"": true, ""Wheelchair accessible restroom"": true}}",
1757 Game Improvement Center,Instruction,Golf Instruction,False,(703) 444-0901,https://www.1757golfclub.com/,45120 Waxpool Rd,Sterling,Virginia,VA,20166,39.0087276,-77.4457767,America/New_York,3.5,Standard,0,11,True,False,"https://www.google.com/maps/place/1757+Game+Improvement+Center/@39.0087276,-77.4457767,14z/data=!4m8!1m2!2m1!1s1757+Game+Improvement+Center!3m4!1s0x89b6390dfbc85bdd:0x4ba9ea2c9a9ac08c!8m2!3d39.0087276!4d-77.4457767",Golf Lessons,1,False,Unknown,True,"{""Wednesday"": [""9AM-6PM""]}",False,OPERATIONAL,True,cached,custom club fitting Virginia,False,1757 Game Improvement Center,"{""Accessibility"": {""Wheelchair accessible entrance"": true, ""Wheelchair accessible parking lot"": true, ""Wheelchair accessible restroom"": true}}",
Titleist Fitting Studio At 1757 GOLF Club,Clubfitter,Club Fitting,False,(442) 888-3243,https://titleist.com/locator,45120 Waxpool Rd,Sterling,Virginia,VA,20166,39.0095878,-77.4473332,America/New_York,0.0,Unrated,0,0,False,False,"https://www.google.com/maps/place/Titleist+Fitting+Studio+at+1757+Golf+Club/@39.0095878,-77.4473332,14z/data=!4m8!1m2!2m1!1sTitleist+Fitting+Studio+at+1757+Golf+Club!3m4!1s0x89b639001095764d:0xbda3b30829800d42!8m2!3d39.0095878!4d-77.4473332",Club Fitting | Golf Lessons | Launch Monitor | Retail / Pro Shop | Shaft & Grip Sales,5,True,Indoor,True,"{""Wednesday"": [""9AM-5PM""]}",False,OPERATIONAL,True,crawled,independent clubmaker Virginia,False,Titleist Fitting Studio at 1757 Golf Club,"{""Accessibility"": {""Wheelchair accessible entrance"": true, ""Wheelchair accessible parking lot"": true}}",
Hot-z GOLF,Retailer,Golf Retail,False,,https://hotzgolf.com/,324 Moore Ave Building #7,Suffolk,Virginia,VA,23434,36.7338683,-76.57386559999999,America/New_York,0.0,Unrated,0,1,True,False,"https://www.google.com/maps/place/Hot-Z+Golf/@36.7338683,-76.57386559999999,14z/data=!4m8!1m2!2m1!1sHot-Z+Golf!3m4!1s0x89b00f17b1620abf:0x28fcc6c21f816e29!8m2!3d36.7338683!4d-76.57386559999999",,0,False,Indoor,True,,False,OPERATIONAL,True,crawl_failed,boutique golf shop Virginia,False,Hot-Z Golf,"{""Accessibility"": {""Wheelchair accessible entrance"": true, ""Wheelchair accessible parking lot"": true}}",failed
Golfdom,Clubfitter,Club Fitting,False,(703) 790-8844,https://stores.worldwidegolfshops.com/va/tysons/golfdom-tys.html,8203 Watson St,Tysons,Virginia,VA,22102,38.9181288,-77.2284529,America/New_York,4.6,Highly Rated,0,104,True,True,"https://www.google.com/maps/place/Golfdom/@38.9181288,-77.2284529,14z/data=!4m8!1m2!2m1!1sGolfdom!3m4!1s0x89b64aefeea60699:0x3399e565c5b39ee8!8m2!3d38.9181288!4d-77.2284529",Club Fitting | Club Repair | Launch Monitor | Golf Simulator | Retail / Pro Shop | Shaft & Grip Sales,6,True,Indoor,True,"{""Wednesday"": [""10AM-7PM""]}",False,OPERATIONAL,True,crawled,independent clubmaker Virginia,False,Golfdom,"{""Accessibility"": {""Wheelchair accessible entrance"": true, ""Wheelchair accessible parking lot"": true, ""Wheelchair accessible restroom"": true}}",
Tysons West GOLF Store,Simulator,Club Fitting,False,(571) 378-1714,https://tysonswestgolfusa.com/,1500 Cornerside Blvd # 210,Tysons,Virginia,VA,22182,38.9300039,-77.244951,America/New_York,4.7,Top Rated,0,66,True,True,"https://www.google.com/maps/place/Tysons+West+Golf+Store/@38.930003899999996,-77.244951,14z/data=!4m8!1m2!2m1!1sTysons+West+Golf+Store!3m4!1s0x89b64ba151cf8bbf:0xa1cb9c9264358383!8m2!3d38.930003899999996!4d-77.244951",Club Fitting | Club Repair | Custom Club Building | Golf Lessons | Launch Monitor | Retail / Pro Shop | Shaft & Grip Sales,7,True,Indoor,True,"{""Wednesday"": [""10AM-8PM""]}",False,OPERATIONAL,True,crawled,independent clubmaker Virginia,False,Tysons West Golf Store,"{""Accessibility"": {""Wheelchair accessible entrance"": true, ""Wheelchair accessible parking lot"": true, ""Wheelchair accessible restroom"": true}}",
Virginia GOLF Center,Driving Range,Club Fitting,False,(703) 830-2400,https://www.virginiagolfcenter.com/,5801 Clifton Rd,Union Mill,Virginia,VA,20124,38.827877,-77.4003906,America/New_York,4.4,Highly Rated,0,249,True,True,"https://www.google.com/maps/place/Virginia+Golf+Center/@38.827877,-77.4003906,14z/data=!4m8!1m2!2m1!1sVirginia+Golf+Center!3m4!1s0x89b6456c86f8eb43:0x865332669898de61!8m2!3d38.827877!4d-77.4003906",Club Fitting | Custom Club Building | Golf Lessons | Golf Simulator | Retail / Pro Shop,5,True,Indoor,True,"{""Wednesday"": [""9AM-9PM""]}",False,OPERATIONAL,True,crawled,custom club fitting Virginia,False,Virginia Golf Center,"{""Accessibility"": {""Wheelchair accessible entrance"": true, ""Wheelchair accessible parking lot"": true}}",
Aeropines GOLF Club,Driving Range,Driving Range,False,(757) 433-2866,https://www.navymwroceanadamneck.com/programs/f604e1bc-2b2e-4237-8321-cf5ef95ac3f7,1001 G Ave,Virginia Beach,Virginia,VA,23460,36.8034328,-76.0260587,America/New_York,4.2,Well Reviewed,0,81,True,True,"https://www.google.com/maps/place/Aeropines+Golf+Club/@36.803432799999996,-76.0260587,14z/data=!4m8!1m2!2m1!1sAeropines+Golf+Club!3m4!1s0x89bac1c55dac1a49:0x65fdf800cd815708!8m2!3d36.803432799999996!4d-76.0260587",,0,False,Outdoor,True,"{""Wednesday"": [""6AM-5:30PM""]}",False,OPERATIONAL,True,crawl_failed,custom club fitting Virginia,False,Aeropines Golf Club,"{""Accessibility"": {""Wheelchair accessible entrance"": true, ""Wheelchair accessible parking lot"": true}}",failed
GOLF With Freedom,Instruction,Launch Monitor Analysis,False,(541) 954-7684,https://www.golfwithfreedom.com/,4137 First Ct Rd,Virginia Beach,Virginia,VA,23455,36.90043259999999,-76.11314949999999,America/New_York,5.0,Top Rated,0,32,True,True,"https://www.google.com/maps/place/Golf+with+Freedom/@36.900432599999995,-76.11314949999999,14z/data=!4m8!1m2!2m1!1sGolf+with+Freedom!3m4!1s0x80db1df6d541639d:0xec570eb8cb7ddc9b!8m2!3d36.900432599999995!4d-76.11314949999999",Launch Monitor,1,False,Unknown,True,"{""Wednesday"": [""9AM-5PM""]}",False,OPERATIONAL,True,crawled,custom club fitting Virginia,False,Golf with Freedom,"{""Accessibility"": {""Wheelchair accessible entrance"": true, ""Wheelchair accessible parking lot"": true, ""Wheelchair accessible restroom"": true}}",
Your GOLF Ball Shop,Retailer,Club Repair,False,(757) 368-0700,https://www.yourgolfballshop.com/,6229 Indian River Rd,Virginia Beach,Virginia,VA,23464,36.81369979999999,-76.208446,America/New_York,4.9,Top Rated,0,41,True,True,"https://www.google.com/maps/place/Your+Golf+Ball+Shop/@36.813699799999995,-76.208446,14z/data=!4m8!1m2!2m1!1sYour+Golf+Ball+Shop!3m4!1s0x89babd9694f4f6ff:0x8a31f60fa6c47439!8m2!3d36.813699799999995!4d-76.208446",Club Repair | Retail / Pro Shop,2,False,Indoor,True,"{""Wednesday"": [""9:30AM-6PM""]}",False,OPERATIONAL,True,crawled,custom club fitting Virginia,False,Your Golf Ball Shop,"{""Accessibility"": {""Wheelchair accessible entrance"": true, ""Wheelchair accessible parking lot"": true, ""Wheelchair accessible restroom"": true, ""Assistive hearing loop"": false, ""Wheelchair accessible seating"": false}}",
GOLF Spot 29,Driving Range,Club Fitting,False,(540) 349-9761,https://golfspot29.com/,5020 US-29,Warrenton,Virginia,VA,20187,38.7687423,-77.7099793,America/New_York,4.8,Top Rated,0,27,True,True,"https://www.google.com/maps/place/Golf+Spot+29/@38.7687423,-77.7099793,14z/data=!4m8!1m2!2m1!1sGolf+Spot+29!3m4!1s0x89b665b2aa1cf629:0x595be21c05034587!8m2!3d38.7687423!4d-77.7099793",Club Fitting | Custom Club Building | Golf Lessons | Golf Simulator | Retail / Pro Shop,5,True,Indoor,True,"{""Wednesday"": [""10AM-6PM""]}",False,OPERATIONAL,True,crawled,custom club fitting Virginia,False,Golf Spot 29,"{""Accessibility"": {""Wheelchair accessible entrance"": true, ""Wheelchair accessible parking lot"": true}}",
Irish GOLF Academy,Simulator,Golf Simulator,False,(540) 349-9761,https://golfspot29.com/irish-golf-academy/,6379 Airlie Rd,Warrenton,Virginia,VA,20187,38.740138,-77.7680058,America/New_York,5.0,Top Rated,0,10,True,True,"https://www.google.com/maps/place/Irish+Golf+Academy/@38.740138,-77.7680058,14z/data=!4m8!1m2!2m1!1sIrish+Golf+Academy!3m4!1s0x89b67da8604fbecf:0xba86df7a50e3e53f!8m2!3d38.740138!4d-77.7680058",Golf Lessons | Launch Monitor | Golf Simulator,3,False,Indoor,True,"{""Wednesday"": [""8AM-8PM""]}",False,OPERATIONAL,True,crawled,custom club fitting Virginia,False,Irish Golf Academy,"{""Accessibility"": {""Wheelchair accessible entrance"": true, ""Wheelchair accessible parking lot"": true, ""Wheelchair accessible restroom"": true}}",
Addicted To GOLF,Clubfitter,Club Fitting,False,(757) 253-7696,https://www.addictedtogolf.com/,3032 Richmond Rd,Williamsburg,Virginia,VA,23185,37.3061409,-76.7307429,America/New_York,4.2,Well Reviewed,0,1,True,False,"https://www.google.com/maps/place/Addicted+to+Golf/@37.306140899999995,-76.7307429,14z/data=!4m8!1m2!2m1!1sAddicted+to+Golf!3m4!1s0x89b0895689bbfb5b:0xe4049628614d8f68!8m2!3d37.306140899999995!4d-76.7307429",Club Fitting | Retail / Pro Shop,2,True,Indoor,True,"{""Wednesday"": [""9AM-7:30PM""]}",False,OPERATIONAL,True,crawled,custom club fitting Virginia,False,Addicted to Golf,"{""Accessibility"": {""Wheelchair accessible entrance"": true, ""Wheelchair accessible parking lot"": true}}",
Addicted To GOLF,Clubfitter,Club Fitting,False,(757) 591-9565,https://addictedtogolf.com/locations/yorktown,5005 Victory Blvd H,Yorktown,Virginia,VA,23693,37.114668,-76.4648222,America/New_York,4.7,Top Rated,0,11,True,True,"https://www.google.com/maps/place/Addicted+to+Golf/@37.114668,-76.4648222,14z/data=!4m8!1m2!2m1!1sAddicted+to+Golf!3m4!1s0x89ba95ec42e32db9:0xb0b79c41a26a10ad!8m2!3d37.114668!4d-76.4648222",Club Fitting | Club Repair | Retail / Pro Shop,3,True,Indoor,True,"{""Wednesday"": [""9AM-7:30PM""]}",False,OPERATIONAL,True,crawled,custom club fitting Virginia,False,Addicted to Golf,"{""Accessibility"": {""Wheelchair accessible entrance"": true, ""Wheelchair accessible parking lot"": true}}",
Hickory GOLF Workshop,Retailer,Club Repair,False,(802) 373-3188,https://www.hickorygolfworkshop.com/,33 Adams Ct,Burlington,Vermont,VT,05401,44.4613059,-73.2062706,America/New_York,5.0,Top Rated,0,2,True,True,"https://www.google.com/maps/place/Hickory+Golf+Workshop/@44.4613059,-73.2062706,14z/data=!4m8!1m2!2m1!1sHickory+Golf+Workshop!3m4!1s0x4cca7badf9153745:0x7b2aea71e7d280b4!8m2!3d44.4613059!4d-73.2062706",Club Repair | Retail / Pro Shop | Shaft & Grip Sales,3,False,Indoor,True,"{""Wednesday"": [""9AM-5PM""]}",False,OPERATIONAL,True,crawled,independent clubmaker Vermont,False,Hickory Golf Workshop,"{""Accessibility"": {""Wheelchair accessible parking lot"": true}}",
Essex Country Club,Driving Range,Driving Range,False,(802) 879-3232,https://www.essexccvt.com/,332 Old Stage Rd,Essex Junction,Vermont,VT,05452,44.5548755,-73.0685977,America/New_York,3.6,Standard,0,41,True,True,"https://www.google.com/maps/place/Essex+Country+Club/@44.5548755,-73.0685977,14z/data=!4m8!1m2!2m1!1sEssex+Country+Club!3m4!1s0x4cca7683698a0abb:0xe87a5f5a6e4956f6!8m2!3d44.5548755!4d-73.0685977",,0,False,Outdoor,False,"{""Wednesday"": [""7AM-6PM""]}",False,OPERATIONAL,True,crawl_failed,boutique golf shop Vermont,False,Essex Country Club,"{""Accessibility"": {""Wheelchair accessible entrance"": true, ""Wheelchair accessible parking lot"": true}, ""Other"": {""LGBTQ+ friendly"": true}}",failed
The Links At Lang Farm,Driving Range,Driving Range,False,(802) 878-0298,https://www.linksatlangfarm.com/,39 Essex Way,Essex Junction,Vermont,VT,05452,44.50250399999999,-73.08319999999999,America/New_York,4.5,Highly Rated,0,127,True,True,"https://www.google.com/maps/place/The+Links+at+Lang+Farm/@44.502503999999995,-73.08319999999999,14z/data=!4m8!1m2!2m1!1sThe+Links+at+Lang+Farm!3m4!1s0x4cca779f37162147:0x4e149ebd5579931!8m2!3d44.502503999999995!4d-73.08319999999999",Golf Lessons | Retail / Pro Shop | Shaft & Grip Sales | Driving Range | Membership Programs,5,False,Outdoor,True,"{""Wednesday"": [""7:30AM-8:30PM""]}",False,OPERATIONAL,True,crawl_failed,boutique golf shop Vermont,False,The Links at Lang Farm,"{""Accessibility"": {""Wheelchair accessible entrance"": true, ""Wheelchair accessible parking lot"": true}}",enriched
Vermont Custom GOLF,Retailer,Golf Retail,False,(802) 277-0809,https://vermontcustomgolf.com/contact-us/,39 Essex Way,Essex Junction,Vermont,VT,05452,44.50306399999999,-73.0838441,America/New_York,0.0,Unrated,0,0,False,False,"https://www.google.com/maps/place/Vermont+Custom+Golf/@44.503063999999995,-73.0838441,14z/data=!4m8!1m2!2m1!1sVermont+Custom+Golf!3m4!1s0x4cca779f6a0c0001:0xc116cd29823440e1!8m2!3d44.503063999999995!4d-73.0838441",,0,False,Indoor,True,,False,OPERATIONAL,True,crawl_failed,independent clubmaker Vermont,False,Vermont Custom Golf,"{""Accessibility"": {""Wheelchair accessible parking lot"": true}}",failed
Killington Sports,Retailer,Golf Retail,False,(802) 422-6800,https://killingtonsports.com/,2326 US-4,Killington,Vermont,VT,05751,43.667846,-72.8049152,America/New_York,4.3,Highly Rated,0,54,True,True,"https://www.google.com/maps/place/Killington+Sports/@43.667846,-72.8049152,14z/data=!4m8!1m2!2m1!1sKillington+Sports!3m4!1s0x89e02a20a2883a69:0xb1fe3b6754497ffa!8m2!3d43.667846!4d-72.8049152",Golf Lessons | Retail / Pro Shop,2,False,Indoor,True,"{""Wednesday"": [""10AM-5PM""]}",False,OPERATIONAL,True,crawl_failed,boutique golf shop Vermont,False,Killington Sports,"{""Accessibility"": {""Wheelchair accessible entrance"": true, ""Wheelchair accessible parking lot"": true}}",enriched
Fox Run GOLF Club,Driving Range,Driving Range,False,(802) 228-1396,https://www.foxrungolfclubvt.com/,89 Fox Ln Ext,Ludlow,Vermont,VT,05149,43.415762,-72.70148999999999,America/New_York,4.5,Highly Rated,0,251,True,True,"https://www.google.com/maps/place/Fox+Run+Golf+Club/@43.415762,-72.70148999999999,14z/data=!4m8!1m2!2m1!1sFox+Run+Golf+Club!3m4!1s0x89e1cb2f9b2fdc5d:0xefc356b6b435c847!8m2!3d43.415762!4d-72.70148999999999",Golf Lessons | Retail / Pro Shop | Membership Programs,3,False,Outdoor,True,"{""Wednesday"": [""Closed""]}",False,OPERATIONAL,True,crawl_failed,boutique golf shop Vermont,False,Fox Run Golf Club,"{""Accessibility"": {""Wheelchair accessible entrance"": true, ""Wheelchair accessible parking lot"": true, ""Wheelchair accessible restroom"": true, ""Wheelchair accessible seating"": true}}",enriched
802 GOLF,Driving Range,Driving Range,False,(802) 379-9755,https://www.802golfacademy.com/,Vermont Rte 7a,Manchester,Vermont,VT,05254,43.1921386,-73.0427551,America/New_York,4.6,Highly Rated,0,16,True,True,"https://www.google.com/maps/place/802+GOLF/@43.1921386,-73.0427551,14z/data=!4m8!1m2!2m1!1s802+GOLF!3m4!1s0x89e05fc5a4c1e7c1:0xe6e2c1317097504b!8m2!3d43.1921386!4d-73.0427551",,0,False,Outdoor,True,"{""Wednesday"": [""6AM-7:30PM""]}",False,OPERATIONAL,True,crawl_failed,independent clubmaker Vermont,False,802 GOLF,"{""Accessibility"": {""Wheelchair accessible entrance"": true, ""Wheelchair accessible parking lot"": true}, ""Other"": {""Identifies as women-owned"": true}}",failed
Onion River Outdoors,Retailer,Golf Retail,False,(802) 225-6736,https://www.onionriver.com/,89 Main St,Montpelier,Vermont,VT,05602,44.2602388,-72.57461649999999,America/New_York,4.6,Highly Rated,0,66,True,True,"https://www.google.com/maps/place/Onion+River+Outdoors/@44.260238799999996,-72.57461649999999,14z/data=!4m8!1m2!2m1!1sOnion+River+Outdoors!3m4!1s0x4cb5a7f390844d07:0x271aee2a9c7c2192!8m2!3d44.260238799999996!4d-72.57461649999999",Golf Lessons | Retail / Pro Shop,2,False,Indoor,True,"{""Wednesday"": [""9AM-6PM""]}",False,OPERATIONAL,True,crawl_failed,boutique golf shop Vermont,False,Onion River Outdoors,"{""Accessibility"": {""Wheelchair accessible entrance"": true, ""Wheelchair accessible parking lot"": true, ""Wheelchair accessible restroom"": true}, ""Other"": {""LGBTQ+ friendly"": true, ""Identifies as women-owned"": true}}",enriched
Power Play Sports,Retailer,Golf Retail,False,(802) 888-6557,https://www.powerplaysportsvt.com/,35 Portland St,Morrisville,Vermont,VT,05661,44.5622596,-72.598648,America/New_York,4.6,Highly Rated,0,16,True,True,"https://www.google.com/maps/place/Power+Play+Sports/@44.5622596,-72.598648,14z/data=!4m8!1m2!2m1!1sPower+Play+Sports!3m4!1s0x4cb5eab4da04fc35:0xe39ca4e595b8a4c3!8m2!3d44.5622596!4d-72.598648",,0,False,Indoor,True,"{""Wednesday"": [""9AM-6PM""]}",False,OPERATIONAL,True,crawl_failed,boutique golf shop Vermont,False,Power Play Sports,"{""Accessibility"": {""Wheelchair accessible entrance"": true, ""Wheelchair accessible parking lot"": true}, ""Other"": {""LGBTQ+ friendly"": true}}",failed
Jonesy's GOLF Shop,Retailer,Golf Retail,False,(802) 334-2391,https://www.newportscountryclub.com/,590 Mt Vernon St,Newport,Vermont,VT,05855,44.9329686,-72.1934606,America/New_York,0.0,Unrated,0,1,True,True,"https://www.google.com/maps/place/Jonesy%27s+Golf+Shop/@44.932968599999995,-72.1934606,14z/data=!4m8!1m2!2m1!1sJonesy%27s+Golf+Shop!3m4!1s0x4cb671762f5ff2a1:0x917e938182e9a589!8m2!3d44.932968599999995!4d-72.1934606",,0,False,Indoor,True,"{""Wednesday"": [""7AM-7PM""]}",False,OPERATIONAL,True,crawl_failed,boutique golf shop Vermont,False,Jonesy's Golf Shop,"{""Accessibility"": {""Wheelchair accessible parking lot"": true}}",failed
Newport Country Club,Driving Range,Driving Range,False,(802) 334-2391,https://www.newportscountryclub.com/,590 Mt Vernon St,Newport,Vermont,VT,05855,44.9329686,-72.1934607,America/New_York,4.6,Highly Rated,0,84,True,True,"https://www.google.com/maps/place/Newport+Country+Club/@44.932968599999995,-72.1934607,14z/data=!4m8!1m2!2m1!1sNewport+Country+Club!3m4!1s0x4cb671b9f9bfdeed:0xeb8b8ecb7b4b430d!8m2!3d44.932968599999995!4d-72.1934607",,0,False,Outdoor,False,"{""Wednesday"": [""7AM-8PM""]}",False,OPERATIONAL,True,crawl_failed,boutique golf shop Vermont,False,Newport Country Club,"{""Accessibility"": {""Wheelchair accessible entrance"": true, ""Wheelchair accessible parking lot"": true}}",failed
Vermont GOLF Association,Retailer,Golf Retail,False,(802) 497-3897,https://vtga.org/,145 Pine Haven Shores Suite 2172,Shelburne,Vermont,VT,05482,44.41880339999999,-73.2154327,America/New_York,5.0,Top Rated,0,1,True,True,"https://www.google.com/maps/place/Vermont+Golf+Association/@44.418803399999994,-73.2154327,14z/data=!4m8!1m2!2m1!1sVermont+Golf+Association!3m4!1s0x89e025a591e577bf:0x7705193a85394492!8m2!3d44.418803399999994!4d-73.2154327",Retail / Pro Shop | Membership / Club Programs,2,False,Indoor,True,"{""Wednesday"": [""9AM-5PM""]}",False,OPERATIONAL,True,recrawled,independent clubmaker Vermont,False,Vermont Golf Association,"{""Accessibility"": {""Wheelchair accessible entrance"": true, ""Wheelchair accessible parking lot"": true}}",
Whack Vermont,Simulator,Golf Simulator,False,(802) 242-1288,https://whackvt.com/,166 Athletic Dr,Shelburne,Vermont,VT,05482,44.3834097,-73.2283877,America/New_York,5.0,Top Rated,0,18,True,True,"https://www.google.com/maps/place/Whack+Vermont/@44.3834097,-73.2283877,14z/data=!4m8!1m2!2m1!1sWhack+Vermont!3m4!1s0x4cca7df2081b3dd3:0x1d6cb33782af1600!8m2!3d44.3834097!4d-73.2283877",Launch Monitor | Golf Simulator | Retail / Pro Shop,3,False,Indoor,True,"{""Wednesday"": [""7AM-11PM""]}",False,OPERATIONAL,True,crawled,independent clubmaker Vermont,False,Whack Vermont,"{""Accessibility"": {""Wheelchair accessible entrance"": true, ""Wheelchair accessible parking lot"": true, ""Wheelchair accessible restroom"": true}}",
Alpine Shop Vt,Retailer,Golf Retail,False,(802) 862-2714,https://www.alpineshopvt.com/,935 Shelburne Rd,South Burlington,Vermont,VT,05403,44.4437441,-73.21227329999999,America/New_York,4.6,Highly Rated,0,51,True,True,"https://www.google.com/maps/place/Alpine+Shop+VT/@44.443744099999996,-73.21227329999999,14z/data=!4m8!1m2!2m1!1sAlpine+Shop+VT!3m4!1s0x4cca7a30341edc87:0x2cf299c589c5b2ee!8m2!3d44.443744099999996!4d-73.21227329999999",,0,False,Indoor,True,"{""Wednesday"": [""10AM-6PM""]}",False,OPERATIONAL,True,crawl_failed,boutique golf shop Vermont,False,Alpine Shop VT,"{""Accessibility"": {""Wheelchair accessible entrance"": true, ""Wheelchair accessible parking lot"": true, ""Wheelchair accessible restroom"": true}, ""Other"": {""Identifies as women-owned"": true}}",failed
GOLF Garage Vt,Simulator,Club Fitting,False,(802) 500-3131,https://golfgaragevt.com/,1185 Shelburne Rd # 001,South Burlington,Vermont,VT,05403,44.4370912,-73.2112539,America/New_York,5.0,Top Rated,0,15,True,True,"https://www.google.com/maps/place/Golf+Garage+VT/@44.4370912,-73.2112539,14z/data=!4m8!1m2!2m1!1sGolf+Garage+VT!3m4!1s0x4cca7bed7152301d:0x332ff9d2d8ac11e8!8m2!3d44.4370912!4d-73.2112539",Club Fitting | Launch Monitor | Golf Simulator | Retail / Pro Shop,4,True,Indoor,True,"{""Wednesday"": [""9AM-4PM""]}",False,OPERATIONAL,True,cached,independent clubmaker Vermont,False,Golf Garage VT,"{""Accessibility"": {""Wheelchair accessible entrance"": true, ""Wheelchair accessible parking lot"": true, ""Wheelchair accessible restroom"": true, ""Wheelchair accessible seating"": true}}",
Gonzo's Hd Sports,Simulator,Golf Simulator,False,(802) 881-0660,https://www.gonzoshdsports.com/,1860 Williston Rd,South Burlington,Vermont,VT,05403,44.4624262,-73.15180579999999,America/New_York,4.5,Highly Rated,0,28,True,True,"https://www.google.com/maps/place/Gonzo%27s+HD+Sports/@44.462426199999996,-73.15180579999999,14z/data=!4m8!1m2!2m1!1sGonzo%27s+HD+Sports!3m4!1s0x4cca799b5ecf6531:0x1b4b6a165dd3686b!8m2!3d44.462426199999996!4d-73.15180579999999",Golf Lessons | Launch Monitor | Golf Simulator | Retail / Pro Shop,4,False,Indoor,True,"{""Wednesday"": [""10AM-10PM""]}",False,OPERATIONAL,True,crawled,custom club fitting Vermont,False,Gonzo's HD Sports,"{""Accessibility"": {""Wheelchair accessible entrance"": true, ""Wheelchair accessible parking lot"": true, ""Wheelchair accessible restroom"": true}}",
Lefties Only GOLF Shop,Clubfitter,Club Fitting,False,(802) 862-1114,https://www.leftiesonlygolf.com/,1972 Williston Rd,South Burlington,Vermont,VT,05403,44.4603729,-73.1481609,America/New_York,3.4,Standard,0,2,True,True,"https://www.google.com/maps/place/Lefties+Only+Golf+Shop/@44.460372899999996,-73.1481609,14z/data=!4m8!1m2!2m1!1sLefties+Only+Golf+Shop!3m4!1s0x4cca799c22606e0f:0x80fa9316c1dd9b6e!8m2!3d44.460372899999996!4d-73.1481609",Club Fitting | Custom Club Building | Retail / Pro Shop,3,True,Indoor,True,"{""Wednesday"": [""10AM-4PM""]}",False,OPERATIONAL,True,crawled,independent clubmaker Vermont,False,Lefties Only Golf Shop,"{""Accessibility"": {""Wheelchair accessible entrance"": true, ""Wheelchair accessible parking lot"": true}}",
Bainbridge Custom Clubs,Clubfitter,Club Fitting,False,(206) 794-6042,https://www.bainbridgecustomclubs.com/,1182 Nakata Ave NW,Bainbridge Island,Washington,WA,98110,47.6345945,-122.5237215,America/Los_Angeles,4.7,Top Rated,0,3,True,True,"https://www.google.com/maps/place/Bainbridge+Custom+Clubs/@47.6345945,-122.5237215,14z/data=!4m8!1m2!2m1!1sBainbridge+Custom+Clubs!3m4!1s0x54903ea431423d89:0xd5814e4dc13617d1!8m2!3d47.6345945!4d-122.5237215",Club Fitting | Club Repair | Custom Club Building | Launch Monitor | Retail / Pro Shop | Shaft & Grip Sales,6,True,Indoor,True,"{""Wednesday"": [""8AM-5PM""]}",False,OPERATIONAL,True,crawled,independent clubmaker Washington,False,Bainbridge Custom Clubs,"{""Accessibility"": {""Wheelchair accessible entrance"": true, ""Wheelchair accessible parking lot"": true}, ""Other"": {""Identifies as veteran-owned"": true}}",
PXG Seattle,Clubfitter,Club Fitting,False,(425) 256-4682,https://www.pxg.com/pages/golf-stores/pxg-seattle,13238 NE 20th St #400,Bellevue,Washington,WA,98005,47.62846,-122.1635201,America/Los_Angeles,4.8,Top Rated,0,90,True,True,"https://www.google.com/maps/place/PXG+Seattle/@47.62846,-122.1635201,14z/data=!4m8!1m2!2m1!1sPXG+Seattle!3m4!1s0x54906d81fce89299:0xf22ee64448412d07!8m2!3d47.62846!4d-122.1635201",Club Fitting | Launch Monitor | Golf Simulator | Retail / Pro Shop,4,True,Indoor,True,"{""Wednesday"": [""9AM-5PM""]}",False,OPERATIONAL,True,crawled,custom club fitting Washington,False,PXG Seattle,"{""Accessibility"": {""Wheelchair accessible entrance"": true, ""Wheelchair accessible parking lot"": true}, ""Other"": {""LGBTQ+ friendly"": true, ""Identifies as veteran-owned"": true}}",
Puetz GOLF Bellevue Superstore,Retailer,Golf Retail,False,(425) 747-0664,https://www.puetzgolf.com/,1645 140th Ave NE B13,Bellevue,Washington,WA,98005,47.6266632,-122.154869,America/Los_Angeles,4.1,Well Reviewed,0,75,True,True,"https://www.google.com/maps/place/Puetz+Golf+Bellevue+Superstore/@47.626663199999996,-122.15486899999999,14z/data=!4m8!1m2!2m1!1sPuetz+Golf+Bellevue+Superstore!3m4!1s0x54906daac6c15ae9:0x1eace3fe6a12d1ea!8m2!3d47.626663199999996!4d-122.15486899999999",Club Fitting | Club Repair | Golf Lessons | Retail / Pro Shop | Used Clubs / Trade-In | Driving Range | Membership Programs,7,False,Indoor,True,"{""Wednesday"": [""10AM-6PM""]}",False,OPERATIONAL,True,crawl_failed,boutique golf shop California,False,Puetz Golf Bellevue Superstore,"{""Accessibility"": {""Wheelchair accessible entrance"": true, ""Wheelchair accessible parking lot"": true}}",enriched
Allvictorygolf,Clubfitter,Club Fitting,False,(206) 432-0908,https://www.victorygolfandrepair.com/,24615 104th Ave SE,Kent,Washington,WA,98030,47.3811889,-122.2029251,America/Los_Angeles,5.0,Top Rated,0,6,True,False,"https://www.google.com/maps/place/AllVictoryGolf/@47.3811889,-122.20292509999999,14z/data=!4m8!1m2!2m1!1sAllVictoryGolf!3m4!1s0x54905ebad28c0001:0xf44897f5fdb66c8!8m2!3d47.3811889!4d-122.20292509999999",Club Fitting | Club Repair | Golf Lessons | Launch Monitor | Shaft & Grip Sales | Retail / Pro Shop,6,True,Indoor,True,"{""Wednesday"": [""10AM-6PM""]}",False,OPERATIONAL,True,recrawled,custom club fitting Washington,False,AllVictoryGolf,"{""Accessibility"": {""Wheelchair accessible entrance"": true, ""Wheelchair accessible parking lot"": true}}",
PRO GOLF Discount - Lynnwood,Retailer,Golf Retail,False,(425) 771-2131,https://www.progolfseattle.com/stores/lynnwood.shtml,19125 33rd Ave W,Lynnwood,Washington,WA,98036,47.8247131,-122.2772659,America/Los_Angeles,4.4,Highly Rated,0,61,True,True,"https://www.google.com/maps/place/Pro+Golf+Discount+-+Lynnwood/@47.8247131,-122.27726589999999,14z/data=!4m8!1m2!2m1!1sPro+Golf+Discount+-+Lynnwood!3m4!1s0x5490056d92dddf59:0x8c42a3f6e1a4c5d9!8m2!3d47.8247131!4d-122.27726589999999",Club Fitting | Club Repair | Golf Lessons | Golf Simulator | Launch Monitor | Retail / Pro Shop | Shaft & Grip Sales | Used Clubs / Trade-In,8,False,Indoor,True,"{""Wednesday"": [""9AM-7PM""]}",False,OPERATIONAL,True,crawl_failed,boutique golf shop Washington,False,Pro Golf Discount - Lynnwood,"{""Accessibility"": {""Wheelchair accessible entrance"": true, ""Wheelchair accessible parking lot"": true}}",enriched
Avian GOLF,Golf Course / Pro Shop,Club Fitting,False,(206) 725-7872,https://www.avian-golf.com/,4868 Beacon Ave S,Seattle,Washington,WA,98108,47.558986,-122.3038913,America/Los_Angeles,5.0,Top Rated,0,10,True,True,"https://www.google.com/maps/place/Avian+Golf+-+Custom+Golf+Clubs/@47.558986,-122.30389129999999,14z/data=!4m8!1m2!2m1!1sAvian+Golf+-+Custom+Golf+Clubs!3m4!1s0x549041ab4c999c95:0x42d73a45a3d085a2!8m2!3d47.558986!4d-122.30389129999999",Club Fitting,1,True,Outdoor,True,"{""Wednesday"": [""10AM-5PM""]}",False,OPERATIONAL,True,recrawled,custom club fitting Washington,False,Avian Golf - Custom Golf Clubs,"{""Accessibility"": {""Wheelchair accessible entrance"": true, ""Wheelchair accessible parking lot"": true}}",
Puetz GOLF Seattle Superstore,Driving Range,Driving Range,False,(206) 362-2272,https://www.puetzgolf.com/,11762 Aurora Ave N,Seattle,Washington,WA,98133,47.716242,-122.3429907,America/Los_Angeles,4.4,Highly Rated,0,112,True,True,"https://www.google.com/maps/place/Puetz+Golf+Seattle+Superstore/@47.716242,-122.3429907,14z/data=!4m8!1m2!2m1!1sPuetz+Golf+Seattle+Superstore!3m4!1s0x5490114baeceac71:0xe73766097e98f9bb!8m2!3d47.716242!4d-122.3429907",Club Fitting | Club Repair | Golf Lessons | Retail / Pro Shop | Used Clubs / Trade-In | Driving Range | Membership Programs,7,False,Outdoor,True,"{""Wednesday"": [""9AM-7PM""]}",False,OPERATIONAL,True,crawl_failed,boutique golf shop Idaho,False,Puetz Golf Seattle Superstore,"{""Accessibility"": {""Wheelchair accessible entrance"": true, ""Wheelchair accessible parking lot"": true}}",enriched
Jax GOLF Shop,Retailer,Golf Retail,False,(360) 461-1843,https://jaxgolfshopllc.com/,10163 Old Olympic Hwy,Sequim,Washington,WA,98382,48.0942137,-123.1032227,America/Los_Angeles,3.0,Standard,2,10,True,True,"https://www.google.com/maps/place/Jax+Golf+Shop/@48.0942137,-123.10322269999999,14z/data=!4m8!1m2!2m1!1sJax+Golf+Shop!3m4!1s0x548fbf9420212d9f:0x3a4ceeea0eddb0ef!8m2!3d48.0942137!4d-123.10322269999999",Club Fitting | Club Repair | Golf Lessons | Retail / Pro Shop | Shaft & Grip Sales,5,False,Indoor,True,"{""Monday"": [""Closed""], ""Tuesday"": [""10:30AM-4:30PM""], ""Wednesday"": [""10:30AM-4:39PM""], ""Thursday"": [""10:30AM-4:30PM""], ""Friday"": [""10:30AM-4:30PM""], ""Saturday"": [""11AM-4:30PM""], ""Sunday"": [""Closed""]}",True,OPERATIONAL,True,crawl_failed,boutique golf shop Washington,False,Jax Golf Shop,"{""From the business"": {""Identifies as veteran-owned"": true, ""Small business"": true}, ""Service options"": {""Onsite services"": true, ""Delivery"": false}, ""Accessibility"": {""Wheelchair accessible entrance"": true, ""Wheelchair accessible parking lot"": true}, ""Payments"": {""Credit cards"": true, ""Debit cards"": true}, ""Other"": {""Identifies as veteran-owned"": true}}",enriched
Wide World Of GOLF,Retailer,Golf Retail,False,(509) 489-4653,https://www.wwgolf.com/,4921 N Division St,Spokane,Washington,WA,99207,47.7031698,-117.4117234,America/Los_Angeles,4.5,Highly Rated,183,8,True,True,"https://www.google.com/maps/place/Wide+World+of+Golf/@47.7031698,-117.4117234,14z/data=!4m8!1m2!2m1!1sWide+World+of+Golf!3m4!1s0x549e193828722493:0x45fa0ce775d46125!8m2!3d47.7031698!4d-117.4117234",Retail / Pro Shop | Shaft & Grip Sales,2,False,Indoor,True,"{""Monday"": [""9AM-6PM""], ""Tuesday"": [""9AM-6PM""], ""Wednesday"": [""9AM-6PM""], ""Thursday"": [""9AM-6PM""], ""Friday"": [""9AM-6PM""], ""Saturday"": [""9AM-6PM""], ""Sunday"": [""11AM-5PM""]}",True,OPERATIONAL,True,crawl_failed,boutique golf shop Washington,False,Wide World of Golf,"{""Service options"": {""In-store pickup"": true, ""Onsite services"": true, ""Delivery"": false}, ""Accessibility"": {""Wheelchair accessible entrance"": true, ""Wheelchair accessible parking lot"": true}, ""Planning"": {""Quick visit"": true}, ""Payments"": {""Credit cards"": true, ""Debit cards"": true, ""NFC mobile payments"": true}}",enriched
PRO GOLF Discount - Tacoma,Retailer,Golf Retail,False,(253) 473-4290,https://www.progolfseattle.com/tacoma-golf-store/,5015 Tacoma Mall Blvd,Tacoma,Washington,WA,98409,47.2104849,-122.4628813,America/Los_Angeles,4.6,Highly Rated,268,72,True,True,"https://www.google.com/maps/place/Pro+Golf+Discount+-+Tacoma/@47.2104849,-122.46288129999999,14z/data=!4m8!1m2!2m1!1sPro+Golf+Discount+-+Tacoma!3m4!1s0x5491001d3f422fbb:0xfd60c0fc3fc229ef!8m2!3d47.2104849!4d-122.46288129999999",Club Fitting | Club Repair | Golf Lessons | Launch Monitor | Retail / Pro Shop | Used Clubs / Trade-In,6,False,Indoor,True,"{""Monday"": [""9AM-7PM""], ""Tuesday"": [""9AM-7PM""], ""Wednesday"": [""9AM-7PM""], ""Thursday"": [""9AM-7PM""], ""Friday"": [""9AM-7PM""], ""Saturday"": [""9AM-6PM""], ""Sunday"": [""10AM-5PM""]}",True,OPERATIONAL,True,crawl_failed,boutique golf shop Washington,False,Pro Golf Discount - Tacoma,"{""Service options"": {""In-store pickup"": true, ""In-store shopping"": true, ""Onsite services"": true, ""Delivery"": false}, ""Accessibility"": {""Wheelchair accessible entrance"": true, ""Wheelchair accessible parking lot"": true}, ""Planning"": {""Quick visit"": true}, ""Payments"": {""Checks"": true, ""Credit cards"": true, ""Debit cards"": true, ""NFC mobile payments"": true}}",enriched
Puetz GOLF Tacoma Superstore,Retailer,Golf Retail,False,(253) 474-8288,https://www.puetzgolf.com/,6409 Tacoma Mall Blvd,Tacoma,Washington,WA,98409,47.1988476,-122.4626608,America/Los_Angeles,4.3,Highly Rated,0,35,True,True,"https://www.google.com/maps/place/Puetz+Golf+Tacoma+Superstore/@47.1988476,-122.4626608,14z/data=!4m8!1m2!2m1!1sPuetz+Golf+Tacoma+Superstore!3m4!1s0x54910022d94551ed:0x85e3277891e08158!8m2!3d47.1988476!4d-122.4626608",Club Fitting | Club Repair | Golf Lessons | Retail / Pro Shop | Used Clubs / Trade-In | Driving Range | Membership Programs,7,False,Indoor,True,"{""Wednesday"": [""9AM-6PM""]}",False,OPERATIONAL,True,crawl_failed,boutique golf shop Idaho,False,Puetz Golf Tacoma Superstore,"{""Accessibility"": {""Wheelchair accessible entrance"": true, ""Wheelchair accessible parking lot"": true}}",enriched
PRO GOLF Discount - Southcenter,Retailer,Golf Retail,False,(206) 431-0100,https://www.progolfseattle.com/,17305 Southcenter Pkwy,Tukwila,Washington,WA,98188,47.4485473,-122.2630233,America/Los_Angeles,4.6,Highly Rated,0,73,True,True,"https://www.google.com/maps/place/Pro+Golf+Discount+-+Southcenter/@47.4485473,-122.2630233,14z/data=!4m8!1m2!2m1!1sPro+Golf+Discount+-+Southcenter!3m4!1s0x54905cd5093abc91:0x1812b832deaae817!8m2!3d47.4485473!4d-122.2630233",Club Fitting | Club Repair | Golf Lessons | Launch Monitor | Retail / Pro Shop | Shaft & Grip Sales | Used Clubs / Trade-In,7,False,Indoor,True,"{""Wednesday"": [""9AM-7PM""]}",False,OPERATIONAL,True,crawl_failed,boutique golf shop Washington,False,Pro Golf Discount - Southcenter,"{""Accessibility"": {""Wheelchair accessible entrance"": true, ""Wheelchair accessible parking lot"": true}}",enriched
Puetz GOLF Tukwila Superstore,Retailer,Golf Retail,False,(206) 439-1740,https://www.puetzgolf.com/,402 Strander Blvd,Tukwila,Washington,WA,98188,47.4565005,-122.251343,America/Los_Angeles,4.4,Highly Rated,186,92,True,True,"https://www.google.com/maps/place/Puetz+Golf+Tukwila+Superstore/@47.4565005,-122.25134299999999,14z/data=!4m8!1m2!2m1!1sPuetz+Golf+Tukwila+Superstore!3m4!1s0x54905cd6e3c2395f:0x2be730ff7f8064f9!8m2!3d47.4565005!4d-122.25134299999999",Club Fitting | Club Repair | Golf Lessons | Retail / Pro Shop | Used Clubs / Trade-In | Driving Range | Membership Programs,7,False,Indoor,True,"{""Monday"": [""10AM-6PM""], ""Tuesday"": [""10AM-6PM""], ""Wednesday"": [""10AM-6PM""], ""Thursday"": [""10AM-6PM""], ""Friday"": [""10AM-6PM""], ""Saturday"": [""10AM-6PM""], ""Sunday"": [""11AM-5PM""]}",True,OPERATIONAL,True,crawl_failed,boutique golf shop Washington,False,Puetz Golf Tukwila Superstore,"{""Service options"": {""In-store pickup"": true, ""In-store shopping"": true, ""Onsite services"": true, ""Delivery"": false}, ""Accessibility"": {""Wheelchair accessible entrance"": true, ""Wheelchair accessible parking lot"": true}, ""Planning"": {""Quick visit"": true}, ""Payments"": {""Credit cards"": true, ""Debit cards"": true, ""NFC mobile payments"": true}}",enriched
Champion GOLF Fitting & Repair,Golf Course / Pro Shop,Golf Course / Pro Shop,False,(503) 799-7600,https://championgolffitting.com/,13114 NW 46th Ave,Vancouver,Washington,WA,98685,45.716062,-122.7183379,America/Los_Angeles,5.0,Top Rated,1,3,True,True,"https://www.google.com/maps/place/Champion+Golf+Fitting+%26+Repair/@45.716062,-122.7183379,14z/data=!4m8!1m2!2m1!1sChampion+Golf+Fitting+%26+Repair!3m4!1s0x5495adb5b95de3a5:0xf1738fcd27843958!8m2!3d45.716062!4d-122.7183379",Club Fitting | Launch Monitor | Shaft & Grip Sales,3,True,Outdoor,True,"{""Monday"": [""8AM-5PM""], ""Tuesday"": [""8AM-5PM""], ""Wednesday"": [""8AM-5PM""], ""Thursday"": [""8AM-5PM""], ""Friday"": [""8AM-5PM""], ""Saturday"": [""Closed""], ""Sunday"": [""Closed""]}",True,OPERATIONAL,True,crawl_failed,boutique golf shop Washington,False,Champion Golf Fitting & Repair,"{""Accessibility"": {""Wheelchair accessible parking lot"": true}, ""Amenities"": {""Restroom"": true}, ""Payments"": {""Credit cards"": true, ""Debit cards"": true, ""NFC mobile payments"": true}}",enriched
PRO GOLF Discount,Retailer,Golf Retail,False,(509) 248-0800,https://progolfyakima.com/,2106 W Nob Hill Blvd #106,Yakima,Washington,WA,98902,46.5851215,-120.537452,America/Los_Angeles,4.9,Top Rated,66,19,True,True,"https://www.google.com/maps/place/Pro+Golf+Discount/@46.5851215,-120.53745199999999,14z/data=!4m8!1m2!2m1!1sPro+Golf+Discount!3m4!1s0x5499d7c402513511:0x23ed3a0619f764ce!8m2!3d46.5851215!4d-120.53745199999999",,0,False,Indoor,True,"{""Monday"": [""10AM-5PM""], ""Tuesday"": [""10AM-5PM""], ""Wednesday"": [""10AM-5PM""], ""Thursday"": [""10AM-5PM""], ""Friday"": [""10AM-5PM""], ""Saturday"": [""10AM-5PM""], ""Sunday"": [""Closed""]}",True,OPERATIONAL,True,crawl_failed,boutique golf shop Washington,False,Pro Golf Discount,"{""From the business"": {""Small business"": true}, ""Service options"": {""In-store pickup"": true, ""In-store shopping"": true, ""Onsite services"": true, ""Delivery"": false}, ""Accessibility"": {""Wheelchair accessible entrance"": true, ""Wheelchair accessible parking lot"": true, ""Wheelchair accessible restroom"": true}, ""Planning"": {""Quick visit"": true}, ""Payments"": {""Credit cards"": true, ""Debit cards"": true, ""NFC mobile payments"": true}}",unknown
Bob Burns GOLF,Instruction,Golf Instruction,False,(920) 991-9663,https://www.bobburnsgolf.com/,428 W Edgewood Dr,Appleton,Wisconsin,WI,54913,44.3172468,-88.4096886,America/Chicago,4.5,Highly Rated,0,23,True,True,"https://www.google.com/maps/place/Bob+Burns+Golf/@44.3172468,-88.4096886,14z/data=!4m8!1m2!2m1!1sBob+Burns+Golf!3m4!1s0x8803b4034962c1b3:0xbe62a42a42d3155e!8m2!3d44.3172468!4d-88.4096886",Golf Lessons,1,False,Unknown,True,"{""Wednesday"": [""11AM-8:30PM""]}",False,OPERATIONAL,True,recrawled,independent clubmaker Wisconsin,False,Bob Burns Golf,"{""Accessibility"": {""Wheelchair accessible entrance"": true, ""Wheelchair accessible parking lot"": true, ""Wheelchair accessible restroom"": true}}",
Swing Solutions,Retailer,Golf Retail,False,(920) 858-0388,https://www.swingsolutionsgolf.com/,4000 N Providence Ave,Appleton,Wisconsin,WI,54913,44.3012098,-88.3608265,America/Chicago,4.0,Well Reviewed,0,3,True,True,"https://www.google.com/maps/place/Swing+Solutions/@44.301209799999995,-88.3608265,14z/data=!4m8!1m2!2m1!1sSwing+Solutions!3m4!1s0x8803b9d2544024cb:0xa1109b84dd1693c2!8m2!3d44.301209799999995!4d-88.3608265",Golf Lessons,1,False,Indoor,True,"{""Wednesday"": [""7AM-5PM""]}",False,OPERATIONAL,True,crawl_failed,custom club fitting Wisconsin,False,Swing Solutions,"{""Accessibility"": {""Wheelchair accessible entrance"": true, ""Wheelchair accessible parking lot"": true}}",enriched
X-golf Appleton,Simulator,Golf Simulator,False,(920) 815-3455,https://www.xgolfappleton.com/,W3208 Van Roy Rd,Appleton,Wisconsin,WI,54915,44.2576954,-88.35025739999999,America/Chicago,4.9,Top Rated,0,23,True,True,"https://www.google.com/maps/place/X-Golf+Appleton/@44.257695399999996,-88.35025739999999,14z/data=!4m8!1m2!2m1!1sX-Golf+Appleton!3m4!1s0x8803b18e0b94e661:0xf9de5bc6695abd2d!8m2!3d44.257695399999996!4d-88.35025739999999",Club Fitting | Golf Lessons | Golf Simulator | Membership Programs,4,False,Indoor,True,"{""Wednesday"": [""9AM-10PM""]}",False,OPERATIONAL,True,crawl_failed,custom club fitting Wisconsin,False,X-Golf Appleton,"{""Accessibility"": {""Wheelchair accessible entrance"": true, ""Wheelchair accessible parking lot"": true, ""Wheelchair accessible restroom"": true}}",enriched
Summit GOLF Brands,Retailer,Golf Retail,False,(800) 926-8010,https://www.summitgolfbrands.com/,106 Commerce St,Barneveld,Wisconsin,WI,53507,43.0107498,-89.8998718,America/Chicago,3.8,Well Reviewed,0,6,True,False,"https://www.google.com/maps/place/Summit+Golf+Brands/@43.0107498,-89.8998718,14z/data=!4m8!1m2!2m1!1sSummit+Golf+Brands!3m4!1s0x89c25900874c5047:0x2af51499d839ed3e!8m2!3d43.0107498!4d-89.8998718",Retail / Pro Shop,1,False,Indoor,True,"{""Wednesday"": [""8AM-5PM""]}",False,OPERATIONAL,True,crawl_failed,boutique golf shop Wisconsin,False,Summit Golf Brands,"{""Accessibility"": {""Wheelchair accessible entrance"": true, ""Wheelchair accessible parking lot"": true}}",enriched
Ironworks GOLF Lab,Simulator,Golf Simulator,False,(608) 473-0095,https://www.ironworksgolflab.com/,625 3rd St,Beloit,Wisconsin,WI,53511,42.5022174,-89.0363642,America/Chicago,4.8,Top Rated,0,84,True,True,"https://www.google.com/maps/place/Ironworks+Golf+Lab/@42.5022174,-89.0363642,14z/data=!4m8!1m2!2m1!1sIronworks+Golf+Lab!3m4!1s0x8808a1220f3a8ad7:0x42bc62468593f3!8m2!3d42.5022174!4d-89.0363642",Club Fitting | Golf Lessons | Golf Simulator | Launch Monitor,4,False,Indoor,True,"{""Wednesday"": [""11AM-10PM""]}",False,OPERATIONAL,True,crawl_failed,custom club fitting Wisconsin,False,Ironworks Golf Lab,"{""Accessibility"": {""Wheelchair accessible entrance"": true, ""Wheelchair accessible parking lot"": true, ""Wheelchair accessible restroom"": true}}",enriched
Meridian Putters,Retailer,Golf Retail,False,(262) 506-8375,https://meridianputters.com/,3265 Gateway Rd Unit 450,Brookfield,Wisconsin,WI,53045,43.078457,-88.1824123,America/Chicago,5.0,Top Rated,0,6,True,True,"https://www.google.com/maps/place/Meridian+Putters/@43.078457,-88.1824123,14z/data=!4m8!1m2!2m1!1sMeridian+Putters!3m4!1s0x8805a9123b343623:0xf64c6205ded7afa4!8m2!3d43.078457!4d-88.1824123",Club Fitting | Retail / Pro Shop,2,False,Indoor,True,,False,OPERATIONAL,True,crawl_failed,custom club fitting Wisconsin,False,Meridian Putters,"{""Accessibility"": {""Wheelchair accessible parking lot"": true}}",enriched
X-golf Brookfield,Simulator,Golf Simulator,False,(262) 439-8972,https://www.xgolfbrookfield.com/,12565 W Feerick St Unit C,Brookfield,Wisconsin,WI,53005,43.0853518,-88.0680113,America/Chicago,4.7,Top Rated,0,35,True,True,"https://www.google.com/maps/place/X-Golf+Brookfield/@43.0853518,-88.0680113,14z/data=!4m8!1m2!2m1!1sX-Golf+Brookfield!3m4!1s0x880503d6d928e37d:0x988545afc5e2d726!8m2!3d43.0853518!4d-88.0680113",Club Fitting | Golf Lessons | Golf Simulator,3,False,Indoor,True,"{""Wednesday"": [""9AM-10PM""]}",False,OPERATIONAL,True,crawl_failed,custom club fitting Wisconsin,False,X-Golf Brookfield,"{""Accessibility"": {""Wheelchair accessible entrance"": true, ""Wheelchair accessible parking lot"": true, ""Wheelchair accessible restroom"": true}}",enriched
Mr. GOLF,Simulator,Club Fitting,False,(920) 338-9535,https://www.mrgolf.net/,3141 Monroe Rd,De Pere,Wisconsin,WI,54115,44.4434522,-88.0012749,America/Chicago,4.8,Top Rated,0,34,True,True,"https://www.google.com/maps/place/Mr.+Golf/@44.443452199999996,-88.0012749,14z/data=!4m8!1m2!2m1!1sMr.+Golf!3m4!1s0x8802e346a48caf01:0x5a260647acc4c8ab!8m2!3d44.443452199999996!4d-88.0012749",Club Fitting,1,True,Indoor,True,"{""Wednesday"": [""10AM-6PM""]}",False,OPERATIONAL,True,crawled,custom club fitting Wisconsin,False,Mr. Golf,"{""Accessibility"": {""Wheelchair accessible entrance"": true, ""Wheelchair accessible parking lot"": true}}",
Hornungs,Retailer,Golf Retail,False,(920) 922-2640,https://www.hornungs.com/,815 Morris St,Fond Du Lac,Wisconsin,WI,54935,43.756803,-88.4561447,America/Chicago,0.0,Unrated,0,1,True,True,"https://www.google.com/maps/place/Hornungs/@43.756803,-88.4561447,14z/data=!4m8!1m2!2m1!1sHornungs!3m4!1s0x880475141f1729b7:0x96ad56dab07aff55!8m2!3d43.756803!4d-88.4561447",,0,False,Indoor,True,"{""Wednesday"": [""8AM-4:30PM""]}",False,OPERATIONAL,True,crawl_failed,boutique golf shop Wisconsin,False,Hornungs,"{""Accessibility"": {""Wheelchair accessible entrance"": true, ""Wheelchair accessible parking lot"": true}}",failed
Bisbee GOLF Center,Retailer,Golf Instruction,False,(920) 863-8344,https://bisbeegolf.com/,4019 WI-29 Trunk,Green Bay,Wisconsin,WI,54311,44.4439165,-87.8807348,America/Chicago,4.8,Top Rated,0,31,True,True,"https://www.google.com/maps/place/Bisbee+Golf+Center/@44.4439165,-87.8807348,14z/data=!4m8!1m2!2m1!1sBisbee+Golf+Center!3m4!1s0x8802e0c5ae5ac095:0x8324455bbb033b75!8m2!3d44.4439165!4d-87.8807348",Custom Club Building | Golf Lessons | Retail / Pro Shop,3,False,Indoor,True,"{""Wednesday"": [""9AM-6PM""]}",False,OPERATIONAL,True,crawled,custom club fitting Wisconsin,False,Bisbee Golf Center,"{""Accessibility"": {""Wheelchair accessible entrance"": true, ""Wheelchair accessible parking lot"": true}}",
Nextgen Indoor GOLF,Simulator,Golf Simulator,False,(920) 425-4038,https://nextgengolfgb.com/,1671 Hoffman Rd Ste 70,Green Bay,Wisconsin,WI,54311,44.4542198,-87.9988403,America/Chicago,4.8,Top Rated,0,51,True,True,"https://www.google.com/maps/place/NextGen+Indoor+Golf/@44.4542198,-87.9988403,14z/data=!4m8!1m2!2m1!1sNextGen+Indoor+Golf!3m4!1s0x8802fc5021527aa5:0x10f7a4d52465325c!8m2!3d44.4542198!4d-87.9988403",Club Fitting | Club Repair | Golf Lessons | Golf Simulator | Launch Monitor,5,False,Indoor,True,"{""Wednesday"": [""9AM-9PM""]}",False,OPERATIONAL,True,crawl_failed,custom club fitting Wisconsin,False,NextGen Indoor Golf,"{""Accessibility"": {""Wheelchair accessible entrance"": true, ""Wheelchair accessible parking lot"": true, ""Wheelchair accessible restroom"": true}}",enriched
Pz GOLF At The Shank Shack,Simulator,Golf Simulator,False,(715) 390-4479,https://www.pzgolf.net/,N3802 10th Ave,Hancock,Wisconsin,WI,54943,44.1160038,-89.4237078,America/Chicago,5.0,Top Rated,0,27,True,True,"https://www.google.com/maps/place/PZ+Golf+at+The+Shank+Shack/@44.1160038,-89.4237078,14z/data=!4m8!1m2!2m1!1sPZ+Golf+at+The+Shank+Shack!3m4!1s0x4826aed0e17effab:0x3abbe77d2a196d9f!8m2!3d44.1160038!4d-89.4237078",,0,False,Indoor,True,"{""Wednesday"": [""9AM-8PM""]}",False,OPERATIONAL,True,crawl_failed,custom club fitting Wisconsin,False,PZ Golf at The Shank Shack,"{""Accessibility"": {""Wheelchair accessible entrance"": true, ""Wheelchair accessible parking lot"": true}, ""Other"": {""Identifies as veteran-owned"": true}}",failed
Caliber GOLF,Retailer,Golf Retail,False,(262) 455-6239,https://calibergolf.com/,7851 Cooper Rd,Kenosha,Wisconsin,WI,53142,42.5610085,-87.8688148,America/Chicago,5.0,Top Rated,0,26,True,True,"https://www.google.com/maps/place/Caliber+Golf/@42.5610085,-87.8688148,14z/data=!4m8!1m2!2m1!1sCaliber+Golf!3m4!1s0x88056065f3daaaab:0x913d0bdb51d5094!8m2!3d42.5610085!4d-87.8688148",Retail / Pro Shop | Shaft & Grip Sales,2,False,Indoor,True,"{""Wednesday"": [""9AM-5PM""]}",False,OPERATIONAL,True,crawled,custom club fitting Wisconsin,False,Caliber Golf,"{""Accessibility"": {""Wheelchair accessible entrance"": true, ""Wheelchair accessible parking lot"": true}}",
Kohler Swing Studio & GOLF Shop,Simulator,Golf Simulator,False,(920) 208-4668,https://www.destinationkohler.com/golf/swing-studio,725G Woodlake Rd,Kohler,Wisconsin,WI,53044,43.7447721,-87.7836957,America/Chicago,4.3,Highly Rated,0,13,True,True,"https://www.google.com/maps/place/Kohler+Swing+Studio+%26+Golf+Shop/@43.7447721,-87.7836957,14z/data=!4m8!1m2!2m1!1sKohler+Swing+Studio+%26+Golf+Shop!3m4!1s0x8804a0cee34edee3:0x94b36ee14feca803!8m2!3d43.7447721!4d-87.7836957",Golf Simulator | Retail / Pro Shop,2,False,Indoor,True,"{""Wednesday"": [""9AM-10PM""]}",False,OPERATIONAL,True,crawl_failed,custom club fitting Wisconsin,False,Kohler Swing Studio & Golf Shop,"{""Accessibility"": {""Wheelchair accessible entrance"": true, ""Wheelchair accessible parking lot"": true}, ""Other"": {""LGBTQ+ friendly"": true}}",enriched
Northland GOLF & Ski,Retailer,Golf Retail,False,(608) 784-8333,https://www.northlandgolfandski.com/,2137 George St,La Crosse,Wisconsin,WI,54603,43.8539271,-91.2401539,America/Chicago,4.9,Top Rated,0,4,True,False,"https://www.google.com/maps/place/Northland+Golf+%26+Ski/@43.8539271,-91.2401539,14z/data=!4m8!1m2!2m1!1sNorthland+Golf+%26+Ski!3m4!1s0x87f9549b22ff017d:0x349e4e2eb488fd6c!8m2!3d43.8539271!4d-91.2401539",Golf Lessons | Retail / Pro Shop | Used Clubs / Trade-In,3,False,Indoor,True,"{""Wednesday"": [""9AM-6PM""]}",False,OPERATIONAL,True,crawl_failed,custom club fitting Wisconsin,False,Northland Golf & Ski,"{""Accessibility"": {""Wheelchair accessible entrance"": true, ""Wheelchair accessible parking lot"": true}}",enriched
Hawk's View GOLF Club,Driving Range,Driving Range,False,(262) 348-9900,https://www.hawksviewgolfclub.com/,7377 Krueger Rd,Lake Geneva,Wisconsin,WI,53147,42.6209578,-88.426261,America/Chicago,4.6,Highly Rated,0,821,True,True,"https://www.google.com/maps/place/Hawk%27s+View+Golf+Club/@42.6209578,-88.426261,14z/data=!4m8!1m2!2m1!1sHawk%27s+View+Golf+Club!3m4!1s0x88058c75aa0c90a1:0x36fc7da98dae84aa!8m2!3d42.6209578!4d-88.426261",Club Fitting | Golf Lessons | Golf Simulator | Launch Monitor | Retail / Pro Shop | Driving Range,6,False,Outdoor,True,"{""Wednesday"": [""9AM-7PM""]}",False,OPERATIONAL,True,crawl_failed,custom club fitting Wisconsin,False,Hawk's View Golf Club,"{""Accessibility"": {""Wheelchair accessible entrance"": true, ""Wheelchair accessible parking lot"": true, ""Wheelchair accessible restroom"": true, ""Wheelchair accessible seating"": true}, ""Other"": {""LGBTQ+ friendly"": true}}",enriched
Blind Shot Social Club,Simulator,Golf Simulator,False,(608) 230-5278,https://www.blindshotsocialclub.com/,177 S Fair Oaks Ave,Madison,Wisconsin,WI,53704,43.0958431,-89.337668,America/Chicago,4.4,Highly Rated,0,440,True,True,"https://www.google.com/maps/place/Blind+Shot+Social+Club/@43.095843099999996,-89.337668,14z/data=!4m8!1m2!2m1!1sBlind+Shot+Social+Club!3m4!1s0x880655a8cef5ba71:0xe7ee518dad070b03!8m2!3d43.095843099999996!4d-89.337668",,0,False,Indoor,True,"{""Wednesday"": [""11AM-10PM""]}",False,OPERATIONAL,True,crawl_failed,custom club fitting Wisconsin,False,Blind Shot Social Club,"{""Accessibility"": {""Wheelchair accessible entrance"": true, ""Wheelchair accessible parking lot"": true, ""Wheelchair accessible restroom"": true, ""Wheelchair accessible seating"": true, ""Assistive hearing loop"": false}, ""Other"": {""LGBTQ+ friendly"": true, ""Identifies as women-owned"": true}}",failed
Jeff Kaiser GOLF Instruction,Instruction,Golf Instruction,False,(608) 271-1411,https://www.jeffkaisergolf.com/contact-us,5501 Schroeder Rd,Madison,Wisconsin,WI,53711,43.0453812,-89.4738923,America/Chicago,5.0,Top Rated,0,2,True,False,"https://www.google.com/maps/place/Jeff+Kaiser+Golf+Instruction/@43.0453812,-89.4738923,14z/data=!4m8!1m2!2m1!1sJeff+Kaiser+Golf+Instruction!3m4!1s0x8807add87bdd6dff:0xe3b5d62e3db54e2d!8m2!3d43.0453812!4d-89.4738923",Golf Lessons,1,False,Unknown,True,,False,OPERATIONAL,True,crawled,custom club fitting Wisconsin,False,Jeff Kaiser Golf Instruction,"{""Accessibility"": {""Wheelchair accessible entrance"": true, ""Wheelchair accessible parking lot"": true}}",
Mike Nagy GOLF Instruction,Instruction,Golf Instruction,False,(906) 286-2282,https://mikenagygolf.com/,Players Dr,Madison,Wisconsin,WI,53704,43.1515177,-89.3630465,America/Chicago,5.0,Top Rated,0,5,True,True,"https://www.google.com/maps/place/Mike+Nagy+Golf+Instruction/@43.1515177,-89.3630465,14z/data=!4m8!1m2!2m1!1sMike+Nagy+Golf+Instruction!3m4!1s0x88065544c92c1279:0x6d0d41a72b8cc808!8m2!3d43.1515177!4d-89.3630465",Golf Lessons | Launch Monitor | Driving Range,3,False,Unknown,True,,False,OPERATIONAL,True,crawl_failed,custom club fitting Wisconsin,False,Mike Nagy Golf Instruction,"{""Accessibility"": {""Wheelchair accessible parking lot"": true}}",enriched
X-golf Madison,Simulator,Golf Simulator,False,(608) 286-1010,https://playxgolf.com/locations/madison/,1714 Eagan Rd,Madison,Wisconsin,WI,53704,43.1216576,-89.30828029999999,America/Chicago,4.7,Top Rated,0,84,True,True,"https://www.google.com/maps/place/X-Golf+Madison/@43.1216576,-89.30828029999999,14z/data=!4m8!1m2!2m1!1sX-Golf+Madison!3m4!1s0x8806575300d335fd:0x2b51dad280e8faf!8m2!3d43.1216576!4d-89.30828029999999",Club Fitting | Golf Lessons | Golf Simulator | Retail / Pro Shop,4,False,Indoor,True,"{""Wednesday"": [""9AM-10PM""]}",False,OPERATIONAL,True,crawl_failed,custom club fitting Wisconsin,False,X-Golf Madison,"{""Accessibility"": {""Wheelchair accessible entrance"": true, ""Wheelchair accessible parking lot"": true, ""Wheelchair accessible restroom"": true, ""Wheelchair accessible seating"": true}, ""Other"": {""LGBTQ+ friendly"": true}}",enriched
Catalyst GOLF Performance At The Milwaukee Athletic Club,Instruction,Golf Instruction,False,(314) 952-5119,https://catalystgp.com/,758 N Broadway,Milwaukee,Wisconsin,WI,53202,43.0402621,-87.90750609999999,America/Chicago,5.0,Top Rated,0,5,True,True,"https://www.google.com/maps/place/Catalyst+Golf+Performance+at+the+Milwaukee+Athletic+Club/@43.0402621,-87.90750609999999,14z/data=!4m8!1m2!2m1!1sCatalyst+Golf+Performance+at+the+Milwaukee+Athletic+Club!3m4!1s0x880519c01b246663:0x36818a587e862f3b!8m2!3d43.0402621!4d-87.90750609999999",Golf Lessons | Launch Monitor,2,False,Unknown,True,,False,OPERATIONAL,True,crawled,independent clubmaker Wisconsin,False,Catalyst Golf Performance at the Milwaukee Athletic Club,"{""Accessibility"": {""Wheelchair accessible entrance"": true, ""Wheelchair accessible parking lot"": true}}",
Duckhook Customs,Retailer,Golf Retail,False,(262) 515-1817,https://duckhookcustoms.com/,1354 N Jefferson St #447,Milwaukee,Wisconsin,WI,53202,43.0477277,-87.90570629999999,America/Chicago,5.0,Top Rated,0,26,True,True,"https://www.google.com/maps/place/Duckhook+Customs/@43.047727699999996,-87.90570629999999,14z/data=!4m8!1m2!2m1!1sDuckhook+Customs!3m4!1s0x2fe3439e097964df:0x16fc7606c25171d6!8m2!3d43.047727699999996!4d-87.90570629999999",Retail / Pro Shop | Shaft & Grip Sales,2,False,Indoor,True,"{""Wednesday"": [""8AM-7PM""]}",False,OPERATIONAL,True,crawled,independent clubmaker Wisconsin,False,Duckhook Customs,"{""Accessibility"": {""Wheelchair accessible parking lot"": true}}",
Two Guys With Balls,Retailer,Golf Retail,False,,https://twoguyswithballs.com/,1405 W Silver Spring Dr,Milwaukee,Wisconsin,WI,53209,43.1184938,-87.9278746,America/Chicago,5.0,Top Rated,0,16,True,True,"https://www.google.com/maps/place/Two+Guys+with+Balls/@43.118493799999996,-87.9278746,14z/data=!4m8!1m2!2m1!1sTwo+Guys+with+Balls!3m4!1s0x8804e5880be61ecb:0xd098c39a2dd59219!8m2!3d43.118493799999996!4d-87.9278746",,0,False,Indoor,True,,False,OPERATIONAL,True,crawl_failed,boutique golf shop Wisconsin,False,Two Guys with Balls,"{""Accessibility"": {""Wheelchair accessible parking lot"": true}}",failed
The Pines GOLF Shop,Retailer,Golf Retail,False,(715) 325-2968,https://www.lakearrowheadgolf.com/golf,1195 Apache Ln,Nekoosa,Wisconsin,WI,54457,44.1920529,-89.8170979,America/Chicago,4.5,Highly Rated,0,1,True,False,"https://www.google.com/maps/place/The+Pines+Golf+Shop/@44.1920529,-89.8170979,14z/data=!4m8!1m2!2m1!1sThe+Pines+Golf+Shop!3m4!1s0x880091d56a9dcbeb:0x6d8bb3725cf89322!8m2!3d44.1920529!4d-89.8170979",,0,False,Indoor,True,"{""Wednesday"": [""7AM-6PM""]}",False,OPERATIONAL,True,crawl_failed,boutique golf shop Wisconsin,False,The Pines Golf Shop,"{""Accessibility"": {""Wheelchair accessible entrance"": true, ""Wheelchair accessible parking lot"": true}}",failed
Gastrau's GOLF Center,Driving Range,Driving Range,False,(414) 571-7002,https://www.gastrausgolfcenter.com/,1300 E Rawson Ave,Oak Creek,Wisconsin,WI,53154,42.9158897,-87.8950119,America/Chicago,4.6,Highly Rated,0,169,True,True,"https://www.google.com/maps/place/Gastrau%27s+Golf+Center/@42.9158897,-87.8950119,14z/data=!4m8!1m2!2m1!1sGastrau%27s+Golf+Center!3m4!1s0x8805142cd3d5ad03:0xaac1926ca1355141!8m2!3d42.9158897!4d-87.8950119",Club Fitting | Club Repair | Golf Lessons | Golf Simulator | Launch Monitor | Retail / Pro Shop | Driving Range,7,False,Outdoor,True,"{""Wednesday"": [""10AM-10PM""]}",False,OPERATIONAL,True,crawl_failed,custom club fitting Wisconsin,False,Gastrau's Golf Center,"{""Accessibility"": {""Wheelchair accessible entrance"": true, ""Wheelchair accessible parking lot"": true}}",enriched
Golfer's Outlet,Retailer,Golf Retail,False,(920) 233-7373,https://www.golfandskioutlet.com/,2550 S Washburn St #8959,Oshkosh,Wisconsin,WI,54904,43.9881458,-88.5843477,America/Chicago,4.3,Highly Rated,0,24,True,True,"https://www.google.com/maps/place/Golfer%27s+Outlet/@43.9881458,-88.5843477,14z/data=!4m8!1m2!2m1!1sGolfer%27s+Outlet!3m4!1s0x8803eee8bea79d05:0x93583e6b46549017!8m2!3d43.9881458!4d-88.5843477",Club Fitting | Club Repair | Retail / Pro Shop | Shaft & Grip Sales | Used Clubs / Trade-In,5,False,Indoor,True,"{""Wednesday"": [""10AM-8PM""]}",False,OPERATIONAL,True,crawl_failed,custom club fitting Wisconsin,False,Golfer's Outlet,"{""Accessibility"": {""Wheelchair accessible entrance"": true, ""Wheelchair accessible parking lot"": true}}",enriched
GOLF Central Wisconsin,Retailer,Golf Retail,False,(608) 509-3021,https://golfcentralwi.com/,2040 Jay Mar Rd,Plover,Wisconsin,WI,54467,44.4546467,-89.53019859999999,America/Chicago,3.0,Standard,0,3,True,True,"https://www.google.com/maps/place/Golf+Central+Wisconsin/@44.4546467,-89.53019859999999,14z/data=!4m8!1m2!2m1!1sGolf+Central+Wisconsin!3m4!1s0x880057155a251d09:0xdad9061b3c56b4ad!8m2!3d44.4546467!4d-89.53019859999999",,0,False,Indoor,True,"{""Wednesday"": [""8AM-4PM""]}",False,OPERATIONAL,True,crawl_failed,custom club fitting Wisconsin,False,Golf Central Wisconsin,"{""Accessibility"": {""Wheelchair accessible entrance"": true, ""Wheelchair accessible parking lot"": true}}",unknown
Under Cover GOLF,Retailer,Golf Retail,False,(651) 560-3773,https://www.undercovergolfwi.com/,19 W Marshall St,Rice Lake,Wisconsin,WI,54868,45.5045136,-91.7348766,America/Chicago,4.4,Highly Rated,0,10,True,True,"https://www.google.com/maps/place/Under+Cover+Golf/@45.504513599999996,-91.73487659999999,14z/data=!4m8!1m2!2m1!1sUnder+Cover+Golf!3m4!1s0x52acfb5c9d507ae5:0x4677236c85fd0aab!8m2!3d45.504513599999996!4d-91.73487659999999",Club Repair | Golf Lessons | Golf Simulator | Retail / Pro Shop,4,False,Indoor,True,"{""Wednesday"": [""12-9PM""]}",False,OPERATIONAL,True,crawl_failed,boutique golf shop Wisconsin,False,Under Cover Golf,"{""Accessibility"": {""Wheelchair accessible entrance"": true, ""Wheelchair accessible parking lot"": true}}",enriched
Goal Line GOLF & Hockey,Retailer,Golf Retail,False,(715) 355-1790,https://www.goallinegolf.com/,1430 Grand Ave,Schofield,Wisconsin,WI,54476,44.910975,-89.612583,America/Chicago,4.9,Top Rated,0,66,True,True,"https://www.google.com/maps/place/Goal+Line+Golf+%26+Hockey/@44.910975,-89.612583,14z/data=!4m8!1m2!2m1!1sGoal+Line+Golf+%26+Hockey!3m4!1s0x880024116314c7a9:0x24680f62126d6d81!8m2!3d44.910975!4d-89.612583",Retail / Pro Shop,1,False,Indoor,True,"{""Wednesday"": [""9:30AM-7PM""]}",False,OPERATIONAL,True,crawl_failed,custom club fitting Wisconsin,False,Goal Line Golf & Hockey,"{""Accessibility"": {""Wheelchair accessible entrance"": true, ""Wheelchair accessible parking lot"": true}}",enriched
GOLF 365 North Town,Simulator,Golf Simulator,False,(920) 547-1655,https://golf365wi.com/,3835 W Marquette Cir,Sheboygan,Wisconsin,WI,53083,43.7921194,-87.7562755,America/Chicago,4.8,Top Rated,0,30,True,True,"https://www.google.com/maps/place/Golf+365+North+Town/@43.7921194,-87.7562755,14z/data=!4m8!1m2!2m1!1sGolf+365+North+Town!3m4!1s0x8803597163e81b11:0xaadcde74d4f06654!8m2!3d43.7921194!4d-87.7562755",Club Fitting | Golf Lessons,2,False,Indoor,True,"{""Wednesday"": [""9AM-1AM""]}",False,OPERATIONAL,True,crawl_failed,custom club fitting Wisconsin,False,Golf 365 North Town,"{""Accessibility"": {""Wheelchair accessible entrance"": true, ""Wheelchair accessible parking lot"": true, ""Wheelchair accessible restroom"": true}}",enriched
Matt Lindberg GOLF,Retailer,Golf Instruction,False,(906) 364-0668,https://mattlindberggolf.com/,1135 Ridge Creek Cir,Waukesha,Wisconsin,WI,53186,43.019574,-88.2133027,America/Chicago,4.7,Top Rated,0,1,True,False,"https://www.google.com/maps/place/Matt+Lindberg+Golf/@43.019574,-88.2133027,14z/data=!4m8!1m2!2m1!1sMatt+Lindberg+Golf!3m4!1s0x8805a990de838bc3:0x6ff28f08df4c4c32!8m2!3d43.019574!4d-88.2133027",Golf Lessons | Retail / Pro Shop,2,False,Indoor,True,"{""Wednesday"": [""7AM-7PM""]}",False,OPERATIONAL,True,crawled,custom club fitting Wisconsin,False,Matt Lindberg Golf,"{""Accessibility"": {""Wheelchair accessible entrance"": true, ""Wheelchair accessible parking lot"": true}}",
Wisconsin Indoor GOLF Center,Simulator,Golf Simulator,False,(262) 436-0002,https://wisconsinindoorgolfcenter.com/,206 Travis Ln Suite 2,Waukesha,Wisconsin,WI,53189,42.9767094,-88.23020269999999,America/Chicago,4.8,Top Rated,0,43,True,True,"https://www.google.com/maps/place/Wisconsin+Indoor+Golf+Center/@42.9767094,-88.23020269999999,14z/data=!4m8!1m2!2m1!1sWisconsin+Indoor+Golf+Center!3m4!1s0x8805a666304c1d33:0x2633b32106ef9a6a!8m2!3d42.9767094!4d-88.23020269999999",Club Fitting | Club Repair | Golf Simulator,3,False,Indoor,True,"{""Wednesday"": [""9AM-10PM""]}",False,OPERATIONAL,True,crawl_failed,custom club fitting Wisconsin,False,Wisconsin Indoor Golf Center,"{""Accessibility"": {""Wheelchair accessible entrance"": true, ""Wheelchair accessible parking lot"": true, ""Wheelchair accessible restroom"": true}}",enriched
Natural Swing GOLF Studio,Instruction,Golf Instruction,False,(301) 529-0170,https://www.naturalswingperformance.com/,11717 W Dearbourn Ave,Wauwatosa,Wisconsin,WI,53226,43.0323432,-88.0591144,America/Chicago,5.0,Top Rated,0,5,True,True,"https://www.google.com/maps/place/Natural+Swing+Golf+Studio+%7C+Golf+Movement+Coaching+Built+Around+You/@43.0323432,-88.0591144,14z/data=!4m8!1m2!2m1!1sNatural+Swing+Golf+Studio+%7C+Golf+Movement+Coaching+Built+Around+You!3m4!1s0x8805050e5cf16963:0xa2a8b4d34e8241bb!8m2!3d43.0323432!4d-88.0591144",Golf Lessons | Golf Simulator,2,False,Unknown,True,"{""Wednesday"": [""6AM-11:30PM""]}",False,OPERATIONAL,True,crawl_failed,custom club fitting Wisconsin,False,Natural Swing Golf Studio | Golf Movement Coaching Built Around You,"{""Accessibility"": {""Wheelchair accessible parking lot"": true}, ""Other"": {""LGBTQ+ friendly"": true}}",enriched
Renew Sports And Fitness Supply,Retailer,Golf Retail,False,(414) 810-0630,https://www.renewsportsandfitness.com/,10111 W Capitol Dr,Wauwatosa,Wisconsin,WI,53222,43.0893756,-88.03972279999999,America/Chicago,5.0,Top Rated,0,374,True,True,"https://www.google.com/maps/place/ReNew+Sports+and+Fitness+Supply/@43.0893756,-88.03972279999999,14z/data=!4m8!1m2!2m1!1sReNew+Sports+and+Fitness+Supply!3m4!1s0x8805051051ce7ed3:0x9890f1beec1abcbd!8m2!3d43.0893756!4d-88.03972279999999",Retail / Pro Shop,1,False,Indoor,True,"{""Wednesday"": [""10AM-7PM""]}",False,OPERATIONAL,True,crawl_failed,boutique golf shop Wisconsin,False,ReNew Sports and Fitness Supply,"{""Accessibility"": {""Wheelchair accessible entrance"": true, ""Wheelchair accessible parking lot"": true, ""Wheelchair accessible restroom"": true}}",enriched
Anna Krieski GOLF LLC,Simulator,Golf Simulator,False,,https://annakrieskigolf.com/,965 Canyon Rd,Wisconsin Dells,Wisconsin,WI,53965,43.5959555,-89.77519439999999,America/Chicago,5.0,Top Rated,0,5,True,True,"https://www.google.com/maps/place/Anna+Krieski+Golf+LLC/@43.595955499999995,-89.77519439999999,14z/data=!4m8!1m2!2m1!1sAnna+Krieski+Golf+LLC!3m4!1s0x8807479b0de2ab4f:0xe33b371b0855833c!8m2!3d43.595955499999995!4d-89.77519439999999",Golf Lessons | Golf Simulator,2,False,Indoor,True,"{""Wednesday"": [""7AM-7PM""]}",False,OPERATIONAL,True,crawled,custom club fitting Wisconsin,False,Anna Krieski Golf LLC,"{""Accessibility"": {""Wheelchair accessible parking lot"": true}}",
Holen1golf - Eric Holen,Driving Range,Driving Range,False,(651) 216-4539,https://www.wwigolf.com/lessons.html#/,104 Ivy Dr,Woodville,Wisconsin,WI,54028,44.9484522,-92.2951452,America/Chicago,4.9,Top Rated,0,2,True,False,"https://www.google.com/maps/place/Holen1Golf+-+Eric+Holen/@44.9484522,-92.2951452,14z/data=!4m8!1m2!2m1!1sHolen1Golf+-+Eric+Holen!3m4!1s0x87f7e202e7cbe27d:0x8a88c0f2e1f485de!8m2!3d44.9484522!4d-92.2951452",,0,False,Outdoor,True,"{""Wednesday"": [""9AM-12PM"", ""1-4PM"", ""5-8PM""]}",False,OPERATIONAL,True,crawl_failed,custom club fitting Wisconsin,False,Holen1Golf - Eric Holen,"{""Accessibility"": {""Wheelchair accessible entrance"": true, ""Wheelchair accessible parking lot"": true, ""Wheelchair accessible seating"": true}}",failed
Swingfit,Simulator,Club Fitting,False,(304) 568-3408,https://www.swingfit.net/,39 Mulligan Drive,Bunker Hill,West Virginia,WV,25413,39.3093166,-78.04490609999999,America/New_York,5.0,Top Rated,0,58,True,True,"https://www.google.com/maps/place/SwingFit/@39.309316599999995,-78.04490609999999,14z/data=!4m8!1m2!2m1!1sSwingFit!3m4!1s0x89b5f9ceb72d4895:0x6c1a529dc3319cce!8m2!3d39.309316599999995!4d-78.04490609999999",Club Fitting | Club Repair | Custom Club Building | Retail / Pro Shop | Shaft & Grip Sales,5,True,Indoor,True,"{""Wednesday"": [""10AM-6PM""]}",False,OPERATIONAL,True,crawled,independent clubmaker West Virginia,False,SwingFit,"{""Accessibility"": {""Wheelchair accessible entrance"": true, ""Wheelchair accessible parking lot"": true}}",
Sports Connection,Retailer,Golf Retail,False,(304) 364-5860,https://www.sportsconnectionusa.com/,511 Elk St,Gassaway,West Virginia,WV,26624,38.6722944,-80.774895,America/New_York,4.6,Highly Rated,0,1,True,True,"https://www.google.com/maps/place/Sports+Connection/@38.6722944,-80.774895,14z/data=!4m8!1m2!2m1!1sSports+Connection!3m4!1s0x884bdf05a45f5dab:0x849e380b7ca8d580!8m2!3d38.6722944!4d-80.774895",Retail / Pro Shop,1,False,Indoor,True,"{""Wednesday"": [""9AM-5PM""]}",False,OPERATIONAL,True,crawl_failed,boutique golf shop West Virginia,False,Sports Connection,"{""Accessibility"": {""Wheelchair accessible entrance"": true}}",enriched
Almost GOLF Wv,Clubfitter,Club Fitting,False,(304) 504-2044,https://www.almostgolfwv.com/,482 Point Marion Rd Unit B3,Morgantown,West Virginia,WV,26508,39.6670604,-79.917215,America/New_York,5.0,Top Rated,0,45,True,True,"https://www.google.com/maps/place/Almost+Golf+WV/@39.6670604,-79.917215,14z/data=!4m8!1m2!2m1!1sAlmost+Golf+WV!3m4!1s0x8835654dff49b475:0x9cbaaebf12ec2273!8m2!3d39.6670604!4d-79.917215",Club Fitting | Launch Monitor | Golf Simulator | Retail / Pro Shop,4,True,Indoor,True,"{""Wednesday"": [""10AM-10PM""]}",False,OPERATIONAL,True,crawled,custom club fitting West Virginia,False,Almost Golf WV,"{""Accessibility"": {""Wheelchair accessible entrance"": true, ""Wheelchair accessible parking lot"": true}}",
"Simgolf, LLC",Simulator,Golf Simulator,False,(304) 960-3153,https://simgolfwv.com/,1830 Seneca Trail S,Peterstown,West Virginia,WV,24963,37.4006262,-80.7713528,America/New_York,5.0,Top Rated,0,19,True,True,"https://www.google.com/maps/place/SimGolf%2C+LLC/@37.4006262,-80.7713528,14z/data=!4m8!1m2!2m1!1sSimGolf%2C+LLC!3m4!1s0x884dd921799e57ed:0x9725eee0e23eb92b!8m2!3d37.4006262!4d-80.7713528",Golf Simulator,1,False,Indoor,True,"{""Wednesday"": [""10AM-8PM""]}",False,OPERATIONAL,True,recrawled,independent clubmaker West Virginia,False,"SimGolf, LLC","{""Accessibility"": {""Wheelchair accessible parking lot"": true}}",
The Turn,Simulator,Club Fitting,False,(304) 816-3081,https://www.theturnwv.com/,2939 White Hall Blvd,White Hall,West Virginia,WV,26554,39.4213447,-80.1813659,America/New_York,4.9,Top Rated,0,10,True,True,"https://www.google.com/maps/place/The+Turn/@39.4213447,-80.1813659,14z/data=!4m8!1m2!2m1!1sThe+Turn!3m4!1s0x884a7d2dc775c9b7:0x146476fcc6efe01e!8m2!3d39.4213447!4d-80.1813659",Club Fitting,1,True,Indoor,True,"{""Wednesday"": [""12-10PM""]}",False,OPERATIONAL,True,crawled,custom club fitting West Virginia,False,The Turn,"{""Accessibility"": {""Wheelchair accessible entrance"": true, ""Wheelchair accessible parking lot"": true}}",
Durbin Street GOLF,Retailer,Golf Retail,False,(307) 265-4677,https://durbinstgolf.com/,327 N Durbin St,Casper,Wyoming,WY,82601,42.85315,-106.322149,America/Denver,4.7,Top Rated,0,2,True,True,"https://www.google.com/maps/place/Durbin+Street+Golf/@42.85315,-106.322149,14z/data=!4m8!1m2!2m1!1sDurbin+Street+Golf!3m4!1s0x8760bc98026546d3:0xe3f795560d0f3ae4!8m2!3d42.85315!4d-106.322149",Club Fitting | Club Repair | Golf Lessons | Golf Simulator | Retail / Pro Shop,5,False,Indoor,True,"{""Wednesday"": [""10AM-5PM""]}",False,OPERATIONAL,True,crawl_failed,boutique golf shop Wyoming,False,Durbin Street Golf,"{""Accessibility"": {""Wheelchair accessible entrance"": true, ""Wheelchair accessible parking lot"": true, ""Wheelchair accessible restroom"": true}}",enriched
In The Hole GOLF,Retailer,Golf Retail,False,(307) 734-8062,https://www.intheholegolf.com/,1745 High School Rd # 510 #510,Jackson,Wyoming,WY,83001,43.4592077,-110.7989999,America/Denver,3.6,Standard,0,3,True,True,"https://www.google.com/maps/place/In+The+Hole+Golf/@43.4592077,-110.7989999,14z/data=!4m8!1m2!2m1!1sIn+The+Hole+Golf!3m4!1s0x535310bed6b15c6f:0x275b2d45c0e3618b!8m2!3d43.4592077!4d-110.7989999",Golf Lessons | Golf Simulator | Launch Monitor | Retail / Pro Shop | Shaft & Grip Sales | Driving Range,6,False,Indoor,True,"{""Wednesday"": [""9AM-5PM""]}",False,OPERATIONAL,True,crawl_failed,boutique golf shop Wyoming,False,In The Hole Golf,"{""Accessibility"": {""Wheelchair accessible entrance"": true, ""Wheelchair accessible parking lot"": true}}",enriched
